{"e_shd": [56.25600051879883, 56.071998596191406, 56.34000015258789, 56.11399841308594, 56.47999954223633, 56.58599853515625, 56.29999923706055, 56.30400085449219, 56.5260009765625, 56.284000396728516, 56.215999603271484, 56.183998107910156, 56.43600082397461, 56.29600143432617, 56.44200134277344, 56.28200149536133, 56.0359992980957, 56.279998779296875, 56.34000015258789, 56.24399948120117, 56.50199890136719, 56.444000244140625, 56.492000579833984, 56.13600158691406, 56.439998626708984], "e_f1": [0.06793198638067696, 0.07134027865865314, 0.06676121434553428, 0.07098561547861262, 0.06531233254654122, 0.06286561638017085, 0.0673589425269623, 0.06827533320811072, 0.06388424857793132, 0.06766402739537228, 0.06920780520245579, 0.06920146755771708, 0.06547462774733429, 0.06800435752250457, 0.06475839555247272, 0.06900434771263289, 0.07170712838304678, 0.0683515024515008, 0.06703611084468034, 0.06936387636206366, 0.06494277990313768, 0.06572877257648815, 0.06396623412159869, 0.07068227315543767, 0.06524968637848443], "auc": [0.524236111111111, 0.5785763888888888, 0.4792708333333333, 0.5587500000000001, 0.45781250000000007, 0.3922916666666666, 0.49121527777777785, 0.5194097222222223, 0.41020833333333334, 0.49562500000000004, 0.549375, 0.5193055555555556, 0.46055555555555555, 0.5129861111111111, 0.4194791666666667, 0.5285763888888888, 0.6028472222222223, 0.5255902777777777, 0.4904513888888889, 0.5459027777777777, 0.4489583333333333, 0.4485763888888889, 0.42385416666666664, 0.5471180555555556, 0.4504513888888889], "log_prob": [-138.39382934570312, -136.10276794433594, -138.96792602539062, -136.68304443359375, -140.30520629882812, -141.78639221191406, -139.06703186035156, -138.03781127929688, -141.01866149902344, -138.6949005126953, -137.70127868652344, -137.676025390625, -139.92196655273438, -138.4333038330078, -140.52239990234375, -137.74429321289062, -135.8692626953125, -138.24099731445312, -139.1616668701172, -137.21414184570312, -140.68141174316406, -140.08016967773438, -141.09339904785156, -136.97463989257812, -140.30706787109375]}