{"e_shd": [38.301998138427734, 38.301998138427734, 38.310001373291016, 38.50199890136719, 38.5260009765625, 38.279998779296875, 38.29999923706055, 38.417999267578125, 38.38399887084961, 38.38399887084961, 38.30400085449219, 38.417999267578125, 38.374000549316406, 38.40999984741211, 38.28799819946289, 38.24599838256836, 38.44599914550781, 38.358001708984375, 38.327999114990234, 38.354000091552734, 38.349998474121094, 38.32600021362305, 38.332000732421875, 38.34400177001953, 38.31399917602539], "e_f1": [0.053275457473018456, 0.05169288229955753, 0.0526314787907856, 0.047414113504888805, 0.047994247344439904, 0.051802136203548274, 0.05245494599538246, 0.04899387587166791, 0.0494181153024542, 0.049440645234098385, 0.05166531052628614, 0.0500599143261531, 0.049812924431152934, 0.0495095807441122, 0.05200540892569134, 0.052070327446322326, 0.04848354422641971, 0.05008974061169184, 0.05050091410515031, 0.05130146002905952, 0.05095253847564503, 0.05014558472478883, 0.05126242294291075, 0.05004253927501681, 0.05137960708525536], "auc": [0.6152631578947368, 0.5389473684210526, 0.5697368421052631, 0.3900657894736842, 0.43664473684210525, 0.5184868421052631, 0.5632894736842105, 0.4598026315789474, 0.5023026315789474, 0.48546052631578945, 0.5314473684210527, 0.4981578947368421, 0.48473684210526313, 0.47072368421052635, 0.5243421052631578, 0.5762499999999999, 0.42289473684210527, 0.4598026315789474, 0.5060526315789474, 0.5295394736842106, 0.5256578947368421, 0.48, 0.5409868421052632, 0.5018421052631579, 0.5322368421052632], "log_prob": [-78.61311340332031, -79.14530944824219, -79.09672546386719, -81.14664459228516, -80.96908569335938, -79.43939208984375, -79.13518524169922, -80.46073913574219, -80.43385314941406, -80.17216491699219, -79.24336242675781, -80.16810607910156, -80.2876968383789, -80.18280029296875, -79.416259765625, -79.02073669433594, -80.78475189208984, -79.93276977539062, -79.57621765136719, -79.27842712402344, -79.54161071777344, -79.89759826660156, -79.30712127685547, -80.00526428222656, -79.4178237915039]}