{"e_shd": [74.12000274658203, 74.34600067138672, 74.13999938964844, 74.2040023803711, 74.27400207519531, 74.23400115966797, 74.37000274658203, 74.34600067138672, 74.08200073242188, 74.40799713134766, 74.30599975585938, 74.33999633789062, 74.30000305175781, 73.96199798583984, 74.47799682617188, 74.26799774169922, 74.197998046875, 74.36599731445312, 74.5479965209961, 74.1259994506836, 74.50599670410156, 74.2020034790039, 74.0979995727539, 74.25800323486328, 74.27999877929688], "e_f1": [0.07777382834691676, 0.07567365401335067, 0.07818577641482805, 0.07676802746264623, 0.07584382330494299, 0.07617376798510893, 0.0744106250908877, 0.07472128865347884, 0.07812478258651462, 0.07428554694726867, 0.07532360472592577, 0.07552254653590457, 0.075216091671335, 0.0800399645015164, 0.07320670488923291, 0.07609767778560615, 0.07682584624619204, 0.07549163665283985, 0.07280543258840572, 0.07759837951051801, 0.0731876107366764, 0.07653522315676702, 0.07785366985592364, 0.07682596061087961, 0.07559849783809855], "auc": [0.5401225490196078, 0.48465686274509806, 0.5246323529411765, 0.5109313725490197, 0.5006617647058823, 0.5083823529411765, 0.47625000000000006, 0.4619852941176471, 0.5316911764705882, 0.4638235294117647, 0.4666666666666667, 0.49377450980392157, 0.47536764705882356, 0.5845588235294118, 0.43681372549019615, 0.49490196078431375, 0.5166666666666667, 0.48046568627450986, 0.4440196078431372, 0.5333823529411764, 0.437328431372549, 0.5149509803921569, 0.5431127450980393, 0.49762254901960784, 0.4908088235294118], "log_prob": [-196.18560791015625, -198.13711547851562, -196.00601196289062, -197.218017578125, -197.89480590820312, -197.54469299316406, -198.9370574951172, -199.18701171875, -195.7872772216797, -199.05181884765625, -198.5577392578125, -198.55191040039062, -198.46908569335938, -194.02682495117188, -200.00262451171875, -197.4447021484375, -197.16305541992188, -198.68263244628906, -201.23240661621094, -196.93911743164062, -200.27993774414062, -197.2916717529297, -195.9765625, -197.2879180908203, -198.28350830078125]}