{"e_shd": [86.11000061035156, 87.51799774169922, 92.8740005493164, 86.15799713134766, 90.83399963378906, 89.80000305175781, 86.37999725341797, 88.65399932861328, 87.8239974975586, 92.2020034790039, 88.697998046875, 90.00399780273438, 85.53399658203125, 90.67400360107422, 89.51200103759766, 85.22000122070312, 93.41200256347656, 88.76799774169922, 88.23999786376953, 87.26799774169922, 91.37799835205078, 85.68199920654297, 86.35199737548828, 89.72599792480469, 86.66200256347656], "e_f1": [0.24402016339433877, 0.2448230932662642, 0.207818737379303, 0.23848215829982525, 0.21778608888844156, 0.21426176639862826, 0.21563070415167457, 0.2310300996713678, 0.233470101686558, 0.23957361258787627, 0.21687680659765382, 0.25063007592397996, 0.20917452995310118, 0.22698246741646438, 0.24655959435864933, 0.26216986508556706, 0.17892223743778166, 0.252612761968746, 0.22916345156765028, 0.24768889361739235, 0.2165734201697888, 0.26343229387173756, 0.2546498190237565, 0.2528231070390188, 0.25968422343571884], "auc": [0.7783333333333333, 0.7834558823529412, 0.7006127450980392, 0.7854411764705882, 0.7399264705882354, 0.7459313725490196, 0.7505882352941177, 0.8012009803921568, 0.7395343137254902, 0.7335539215686274, 0.7138235294117646, 0.778357843137255, 0.7267892156862745, 0.764436274509804, 0.7453921568627451, 0.8006617647058824, 0.5957598039215686, 0.7962254901960785, 0.7534558823529411, 0.7612500000000001, 0.7225980392156863, 0.7984558823529413, 0.7829411764705883, 0.7749019607843137, 0.7942892156862745], "log_prob": [-141.05091857910156, -141.86956787109375, -154.05593872070312, -141.49365234375, -151.00146484375, -149.73355102539062, -147.2299346923828, -141.9654083251953, -148.27297973632812, -149.0058135986328, -154.0137939453125, -141.8353729248047, -153.10487365722656, -146.36407470703125, -145.69708251953125, -136.6210479736328, -163.69313049316406, -140.84878540039062, -146.85894775390625, -146.53570556640625, -150.1346893310547, -138.00857543945312, -139.37864685058594, -143.9147491455078, -138.94284057617188]}