{"e_shd": [56.29399871826172, 60.39799880981445, 55.86399841308594, 56.5260009765625, 56.22200012207031, 58.082000732421875, 61.23400115966797, 62.09400177001953, 60.72999954223633, 63.31999969482422, 56.38399887084961, 62.17399978637695, 55.604000091552734, 55.24399948120117, 58.04999923706055, 60.242000579833984, 58.76599884033203, 56.30799865722656, 57.742000579833984, 59.17599868774414, 62.90399932861328, 57.90399932861328, 62.099998474121094, 61.15800094604492, 61.959999084472656], "e_f1": [0.1544930142509084, 0.10522302458423098, 0.15574236489642232, 0.14853972311102803, 0.10608641590180631, 0.1409794213758322, 0.10946639781822454, 0.1407490421403174, 0.11192576216699532, 0.14095127455674758, 0.10202059179119286, 0.1320320585051072, 0.13312434626189296, 0.14765039573312655, 0.10592412345889113, 0.1483461768857813, 0.1637355789370093, 0.14990828783169569, 0.12983374675391376, 0.13862830872073278, 0.11729556390876221, 0.12715050222985497, 0.14194942205608546, 0.1482170204301244, 0.17583880018555534], "auc": [0.8601315789473685, 0.6986184210526316, 0.8440789473684212, 0.8172368421052632, 0.7212500000000001, 0.772828947368421, 0.6625657894736842, 0.785, 0.7332894736842105, 0.7928289473684211, 0.7025, 0.7738157894736842, 0.8072368421052631, 0.8303289473684211, 0.691907894736842, 0.7995394736842105, 0.8681578947368421, 0.7967105263157894, 0.7674342105263158, 0.7875, 0.7184868421052631, 0.7263157894736841, 0.8059868421052632, 0.8119736842105263, 0.830592105263158], "log_prob": [-75.04369354248047, -87.98020935058594, -75.351318359375, -77.07093811035156, -81.78170776367188, -81.47965240478516, -91.34910583496094, -83.93685913085938, -83.91107177734375, -84.85051727294922, -84.9481201171875, -84.6781997680664, -76.49495697021484, -75.71943664550781, -85.5819091796875, -81.58987426757812, -77.00004577636719, -78.78041076660156, -81.39698791503906, -81.08805084228516, -87.30640411376953, -83.94537353515625, -82.99880981445312, -82.56327819824219, -81.9016342163086]}