{"e_shd": [78.86599731445312, 78.54000091552734, 80.80799865722656, 80.25199890136719, 78.6500015258789, 80.2040023803711, 79.05400085449219, 76.05599975585938, 77.0, 76.76000213623047, 76.01599884033203, 74.89399719238281, 73.46800231933594, 80.79399871826172, 75.78199768066406, 75.38800048828125, 73.52999877929688, 80.29199981689453, 78.4520034790039, 79.39600372314453, 74.61199951171875, 77.26599884033203, 73.71399688720703, 73.08200073242188, 78.03399658203125], "e_f1": [0.18589783709643537, 0.1693753564493104, 0.15709390491353584, 0.18213848965137885, 0.18359317357682245, 0.17174945825777577, 0.19138245857245845, 0.19068004250523424, 0.21945604323121376, 0.22420311731045545, 0.19506095313542812, 0.19080675581935774, 0.21585573540561098, 0.19126275498811338, 0.21452247732574148, 0.19362292027969813, 0.20277394412399374, 0.17479663457420042, 0.16449707218410306, 0.1519649643254545, 0.19552314007479912, 0.19472015406993676, 0.19996846461158707, 0.20320302099778167, 0.18655091227645698], "auc": [0.6927430555555556, 0.7053125, 0.6341666666666667, 0.7420138888888889, 0.6986805555555555, 0.7280555555555556, 0.7723958333333333, 0.7529166666666667, 0.7548611111111111, 0.7971180555555556, 0.7365625, 0.7114236111111112, 0.7594791666666667, 0.7693750000000001, 0.7602777777777778, 0.7328472222222222, 0.7760763888888889, 0.7010763888888889, 0.6976041666666666, 0.6614236111111111, 0.7872916666666667, 0.7547222222222223, 0.7402430555555556, 0.7573958333333334, 0.7368402777777777], "log_prob": [-126.38697814941406, -121.5615234375, -128.82632446289062, -120.13652801513672, -123.04200744628906, -120.1344223022461, -116.99417114257812, -115.66495513916016, -115.55977630615234, -111.5455551147461, -118.24685668945312, -118.83682250976562, -111.98442840576172, -120.28337097167969, -115.59770965576172, -117.845703125, -112.49337768554688, -124.01004028320312, -124.10171508789062, -123.70587921142578, -111.43963623046875, -116.73664855957031, -118.21046447753906, -114.27799987792969, -120.5531997680664]}