{"e_shd": [55.9119987487793, 56.12799835205078, 55.80400085449219, 56.33000183105469, 55.86399841308594, 55.89799880981445, 55.85200119018555, 56.05400085449219, 55.902000427246094, 55.85200119018555, 55.902000427246094, 55.97200012207031, 55.779998779296875, 55.854000091552734, 55.85599899291992, 55.880001068115234, 56.09000015258789, 55.72800064086914, 55.76599884033203, 55.95000076293945, 55.83599853515625, 55.84600067138672, 55.875999450683594, 55.858001708984375, 55.992000579833984], "e_f1": [0.06624159758893644, 0.06304732390930501, 0.06763400216739743, 0.059639649885941635, 0.06687105790167856, 0.0669224483033756, 0.06661976558555807, 0.06378509178023184, 0.0668910209875505, 0.06696083552198888, 0.06598734560481648, 0.06565528861052326, 0.06908988919140241, 0.0677763711934975, 0.06664340062664315, 0.066441372591417, 0.0641809875083211, 0.06940805231405443, 0.06801505244935056, 0.06607706148854224, 0.06865661241963791, 0.06730357104372363, 0.06699084103990034, 0.06791233653441109, 0.06516291603648854], "auc": [0.49062500000000003, 0.4169791666666666, 0.5484374999999999, 0.3261458333333333, 0.508888888888889, 0.48909722222222224, 0.49701388888888887, 0.44024305555555554, 0.5222222222222221, 0.5054166666666666, 0.48625, 0.48277777777777775, 0.5674652777777778, 0.530798611111111, 0.5188194444444445, 0.4898958333333333, 0.4552083333333333, 0.5697222222222222, 0.5406944444444444, 0.47215277777777775, 0.5478125, 0.5278819444444445, 0.5229513888888888, 0.5289583333333333, 0.4838541666666667], "log_prob": [-139.15347290039062, -141.47296142578125, -138.38531494140625, -143.7021484375, -138.78468322753906, -138.99456787109375, -138.59152221679688, -140.78977966308594, -138.7872314453125, -138.6192626953125, -139.4581298828125, -139.88375854492188, -137.2628173828125, -138.6665802001953, -138.9503631591797, -139.4294891357422, -140.99374389648438, -137.27273559570312, -138.01483154296875, -139.53062438964844, -137.8020477294922, -138.46725463867188, -138.79229736328125, -138.11422729492188, -140.10726928710938]}