{"e_shd": [74.11799621582031, 73.6780014038086, 73.6719970703125, 73.78800201416016, 73.9260025024414, 74.18199920654297, 73.83799743652344, 73.75, 74.03600311279297, 73.98200225830078, 74.18199920654297, 73.72000122070312, 74.05599975585938, 73.74199676513672, 73.80599975585938, 73.83999633789062, 73.83999633789062, 74.06600189208984, 73.87000274658203, 73.89399719238281, 73.49800109863281, 73.83200073242188, 73.85800170898438, 74.0199966430664, 74.03399658203125], "e_f1": [0.071890872432689, 0.0774312128609383, 0.07780883049320568, 0.07637243308614618, 0.07447091805437211, 0.07175326553263484, 0.0755507892858743, 0.07621132713652144, 0.07377038621268024, 0.07388191787403423, 0.07180013079430611, 0.0769103246968115, 0.07317658129185145, 0.07651098888761348, 0.0762482743582899, 0.07605122731620623, 0.07603149099689185, 0.0730252550471242, 0.07526879556892882, 0.07409501627529164, 0.07970542380382042, 0.07590426590846089, 0.07447054093351463, 0.0736135237131906, 0.07330886627656207], "auc": [0.4513970588235294, 0.5464705882352942, 0.5639950980392157, 0.5369852941176471, 0.5051225490196078, 0.44107843137254904, 0.5109803921568628, 0.5310294117647059, 0.4738970588235294, 0.4899509803921569, 0.4423774509803921, 0.5529656862745098, 0.45968137254901964, 0.5358333333333334, 0.52625, 0.5352205882352942, 0.512107843137255, 0.4636764705882353, 0.5096813725490196, 0.48029411764705887, 0.6013970588235293, 0.514313725490196, 0.5001960784313726, 0.4800980392156863, 0.4700490196078431], "log_prob": [-201.22592163085938, -196.688232421875, -196.15890502929688, -196.955322265625, -198.9266357421875, -201.56796264648438, -197.8017578125, -197.28817749023438, -199.25387573242188, -199.39976501464844, -201.4467315673828, -196.7036590576172, -200.1011505126953, -196.99264526367188, -197.2967071533203, -197.34780883789062, -197.47726440429688, -199.8331756591797, -198.07186889648438, -199.27911376953125, -194.42330932617188, -197.22552490234375, -198.5324249267578, -199.44879150390625, -199.74298095703125]}