{"e_shd": [37.79399871826172, 37.917999267578125, 37.91999816894531, 37.9640007019043, 37.858001708984375, 37.970001220703125, 37.933998107910156, 37.96799850463867, 37.93600082397461, 37.88199996948242, 37.959999084472656, 37.88600158691406, 37.827999114990234, 37.92399978637695, 37.86399841308594, 37.95600128173828, 37.895999908447266, 37.981998443603516, 37.94599914550781, 38.0, 37.94200134277344, 37.939998626708984, 38.104000091552734, 37.83399963378906, 37.96200180053711], "e_f1": [0.05284329875446693, 0.048783355706847366, 0.0487869280260808, 0.04916699457431165, 0.05060406385451316, 0.047573180114900276, 0.0496223702224986, 0.04877597339189124, 0.04781803088760727, 0.0496155534620233, 0.04696860297643353, 0.05048808610695646, 0.04993152838826781, 0.049840244391720655, 0.050588744502094954, 0.04881854724704533, 0.049768528487013734, 0.046717271581841545, 0.047363118023580154, 0.04806721162895747, 0.04886091618427948, 0.04854348048340347, 0.04534064705566632, 0.05003065535735626, 0.05006978241201605], "auc": [0.5915789473684211, 0.4732236842105263, 0.464671052631579, 0.48381578947368414, 0.5397368421052632, 0.4288815789473684, 0.4877631578947368, 0.4713157894736842, 0.4323684210526316, 0.4873026315789474, 0.4221052631578947, 0.5182894736842105, 0.5051973684210527, 0.5000000000000001, 0.539342105263158, 0.4586842105263158, 0.5028947368421053, 0.39664473684210527, 0.43546052631578946, 0.4605921052631579, 0.4932236842105263, 0.46394736842105266, 0.3569736842105263, 0.5065131578947368, 0.5265131578947368], "log_prob": [-78.61100769042969, -80.1625747680664, -80.1769027709961, -80.26834106445312, -79.68507385253906, -80.71343994140625, -80.08163452148438, -80.15342712402344, -80.64546203613281, -79.96027374267578, -81.09835815429688, -79.50316619873047, -79.50794982910156, -80.04336547851562, -79.45008850097656, -80.12040710449219, -79.85240173339844, -80.98277282714844, -80.78048706054688, -80.78936767578125, -80.42681121826172, -80.54219055175781, -81.77855682373047, -79.71699523925781, -79.81083679199219]}