{"e_shd": [44.61800003051758, 45.066001892089844, 44.35200119018555, 44.2760009765625, 44.36600112915039, 44.433998107910156, 48.81999969482422, 48.731998443603516, 47.24599838256836, 52.04999923706055, 42.459999084472656, 46.22200012207031, 45.321998596191406, 41.571998596191406, 45.05400085449219, 46.400001525878906, 44.00600051879883, 44.939998626708984, 44.84400177001953, 44.779998779296875, 49.172000885009766, 44.70800018310547, 49.22600173950195, 47.040000915527344, 48.060001373291016], "e_f1": [0.15853373720662717, 0.09260226742971352, 0.14081264736222698, 0.14507422364108954, 0.0934560301315662, 0.14281566047021005, 0.10087293145285446, 0.13533108229403307, 0.10446975121806004, 0.15770356166201127, 0.08488393606079779, 0.13006693798733987, 0.11402707157046761, 0.15060530898426233, 0.11717141137971095, 0.13202935396335494, 0.15099625397828662, 0.13482612062260502, 0.12644291706629676, 0.12505736192970976, 0.10664783098832643, 0.12139050093098434, 0.11397933986466842, 0.14879225572514462, 0.17489187990111033], "auc": [0.8775, 0.7012499999999999, 0.8496710526315789, 0.8411184210526316, 0.7385526315789473, 0.8075657894736842, 0.6800657894736842, 0.7615131578947368, 0.714078947368421, 0.8395394736842104, 0.6786842105263158, 0.8004605263157895, 0.7977631578947368, 0.8671710526315789, 0.7591447368421053, 0.755, 0.8784868421052632, 0.7971710526315788, 0.7700657894736842, 0.8077631578947368, 0.7567763157894737, 0.7361184210526317, 0.7792105263157895, 0.8315131578947369, 0.8377631578947368], "log_prob": [-64.90879821777344, -77.90240478515625, -66.60505676269531, -66.5018539428711, -73.10901641845703, -69.02703857421875, -80.81172180175781, -73.93978118896484, -75.24221801757812, -72.60491180419922, -78.37085723876953, -70.3541259765625, -71.09896850585938, -63.41051483154297, -72.15384674072266, -72.72704315185547, -64.65792846679688, -70.98271942138672, -71.63504791259766, -68.87647247314453, -74.81945037841797, -75.57307434082031, -73.38127136230469, -69.41606140136719, -68.81411743164062]}