{"e_shd": [67.5459976196289, 64.9739990234375, 68.00199890136719, 67.4260025024414, 65.3740005493164, 66.95999908447266, 64.93800354003906, 63.790000915527344, 65.26799774169922, 64.84400177001953, 64.73200225830078, 63.67599868774414, 61.94599914550781, 67.75399780273438, 65.19200134277344, 62.61399841308594, 63.72999954223633, 65.83399963378906, 64.65799713134766, 65.69599914550781, 63.08599853515625, 65.88400268554688, 61.50199890136719, 62.236000061035156, 66.49800109863281], "e_f1": [0.1631601078247888, 0.15206735299479096, 0.13503513688078456, 0.16541792575572903, 0.1549672776556652, 0.1473733217425429, 0.171482315844884, 0.15722268977634665, 0.1980315011825605, 0.18902453699135977, 0.16817761054966757, 0.15900541833152948, 0.17867029814607246, 0.15980255697847745, 0.1952429966071814, 0.16069572077290348, 0.15966023177521885, 0.13712002635310316, 0.13914432089347, 0.1320906140722077, 0.1714468143033293, 0.1687873532882938, 0.1701043696861849, 0.1655966294065765, 0.16488461783125039], "auc": [0.6885416666666666, 0.7199652777777779, 0.6270833333333333, 0.7375, 0.6975347222222222, 0.7003472222222222, 0.7699305555555556, 0.7364236111111112, 0.793125, 0.7791666666666668, 0.7356597222222222, 0.7089583333333334, 0.7521875, 0.7552777777777777, 0.7601388888888889, 0.7444444444444445, 0.765, 0.6895138888888889, 0.6855555555555556, 0.7001736111111112, 0.8069791666666666, 0.7634375, 0.7203472222222222, 0.7228125, 0.7187847222222222], "log_prob": [-123.15090942382812, -116.97406005859375, -125.7637939453125, -116.44313049316406, -117.70562744140625, -117.31759643554688, -111.61583709716797, -115.2191390991211, -108.61488342285156, -109.26337432861328, -114.94526672363281, -117.1992416381836, -111.23890686035156, -116.69047546386719, -112.46284484863281, -115.15667724609375, -113.93289184570312, -121.56724548339844, -121.07157135009766, -118.56767272949219, -107.73616027832031, -113.21947479248047, -117.37786865234375, -117.68296813964844, -116.17117309570312]}