{"e_shd": [77.12200164794922, 79.48799896240234, 83.4000015258789, 78.5, 83.26000213623047, 80.8280029296875, 78.03399658203125, 80.37000274658203, 78.9739990234375, 83.69000244140625, 79.41799926757812, 79.66799926757812, 77.30999755859375, 81.5780029296875, 78.86199951171875, 76.14800262451172, 82.18399810791016, 80.60199737548828, 78.74800109863281, 78.09600067138672, 81.00399780273438, 78.18399810791016, 77.97799682617188, 79.60199737548828, 77.87200164794922], "e_f1": [0.21074585975941804, 0.21121424421200372, 0.16887101756261227, 0.18025916273687348, 0.1773415068991332, 0.15616085630306215, 0.18494466057093178, 0.18993870502527055, 0.20052569668875858, 0.19112984772931169, 0.152309893635949, 0.2023681457823917, 0.17234091649753497, 0.1798711976020085, 0.20046713294605314, 0.21778007151019063, 0.13282073204130324, 0.21425523597640436, 0.1889777331392901, 0.19640110838884317, 0.17571862256900606, 0.208102464216182, 0.19617328694936562, 0.19582789346752322, 0.21603845951822115], "auc": [0.7703676470588235, 0.7613235294117647, 0.7013970588235294, 0.7667156862745098, 0.7062990196078431, 0.6924264705882353, 0.7042647058823529, 0.775171568627451, 0.7383823529411765, 0.7085539215686275, 0.6685294117647058, 0.7851715686274511, 0.7272549019607844, 0.7487499999999999, 0.7586764705882354, 0.8006372549019607, 0.5622549019607843, 0.7836274509803922, 0.7407107843137254, 0.7395343137254903, 0.7261519607843138, 0.7633578431372549, 0.7518627450980392, 0.7584558823529411, 0.7714215686274509], "log_prob": [-148.05014038085938, -149.01791381835938, -159.24655151367188, -153.58700561523438, -160.2107391357422, -163.57595825195312, -157.9888916015625, -149.90940856933594, -153.80233764648438, -158.5843505859375, -168.22433471679688, -146.21292114257812, -161.50421142578125, -153.58929443359375, -151.09725952148438, -143.13230895996094, -174.0154571533203, -145.2852325439453, -155.29364013671875, -155.77279663085938, -156.36334228515625, -149.23153686523438, -151.66253662109375, -151.09286499023438, -148.12222290039062]}