{
    "e_shd": [
        35.70899963378906,
        42.57600021362305,
        35.084999084472656,
        38.404998779296875,
        39.0989990234375,
        35.948001861572266,
        43.69599914550781,
        35.12699890136719,
        42.11399841308594,
        43.96500015258789,
        47.42399978637695,
        40.029998779296875,
        43.915000915527344,
        39.70500183105469,
        38.0620002746582,
        41.79600143432617,
        38.349998474121094,
        42.20199966430664,
        37.119998931884766,
        44.2869987487793,
        31.6560001373291,
        39.09000015258789,
        40.63199996948242,
        42.183998107910156,
        39.347999572753906
    ],
    "e_f1": [
        0.07462497054465594,
        0.09920031742157025,
        0.1009683965949093,
        0.10733721115569646,
        0.12124147991299637,
        0.07344008949560159,
        0.0837513224427051,
        0.09570413177991827,
        0.11363525068577436,
        0.09904091364273027,
        0.0718116839915763,
        0.08382920196894099,
        0.09495615198713823,
        0.09560751193883163,
        0.0890682525660182,
        0.08899514405479747,
        0.09716651807952643,
        0.08098941542247245,
        0.10282545393992527,
        0.09444280663637915,
        0.16844857410669786,
        0.0869897356376996,
        0.08428925548592904,
        0.113314836328739,
        0.1290194477119238
    ],
    "auc": [
        0.7142763157894737,
        0.7313815789473684,
        0.7901315789473685,
        0.7779605263157896,
        0.8129605263157895,
        0.7121052631578947,
        0.6830263157894736,
        0.7892763157894738,
        0.7465131578947368,
        0.5965131578947368,
        0.5501315789473684,
        0.7251315789473683,
        0.7110526315789474,
        0.7749999999999999,
        0.7424342105263159,
        0.7488815789473684,
        0.7892105263157895,
        0.6476973684210526,
        0.79875,
        0.7368421052631579,
        0.871578947368421,
        0.778092105263158,
        0.7209210526315789,
        0.774407894736842,
        0.8341447368421052
    ],
    "log_prob": [
        -73.56588745117188,
        -72.9866714477539,
        -67.73255157470703,
        -69.31080627441406,
        -66.94087219238281,
        -76.27931213378906,
        -74.94792175292969,
        -68.45742797851562,
        -71.6983642578125,
        -78.05260467529297,
        -85.70352172851562,
        -73.03157806396484,
        -72.89681243896484,
        -70.42037963867188,
        -83.59140014648438,
        -71.95872497558594,
        -68.76052856445312,
        -76.34980010986328,
        -66.7626953125,
        -74.24696350097656,
        -59.44708251953125,
        -70.2835693359375,
        -73.66493225097656,
        -70.13292694091797,
        -64.61973571777344
    ]
}