{"e_shd": [58.76100158691406, 59.374000549316406, 65.36799621582031, 58.7140007019043, 68.64399719238281, 65.26399993896484, 60.11399841308594, 66.7300033569336, 66.4520034790039, 68.97699737548828, 61.856998443603516, 62.4370002746582, 66.84600067138672, 55.599998474121094, 65.58599853515625, 61.19200134277344, 62.553001403808594, 53.86800003051758, 57.57500076293945, 66.3949966430664, 57.32400131225586, 67.33499908447266, 67.87899780273438, 63.198001861572266, 66.64199829101562], "e_f1": [0.11285718506100803, 0.15403053970539174, 0.13686093664964566, 0.1291082331046179, 0.14289656477654675, 0.1296207560468605, 0.10800812924917745, 0.14156832946218184, 0.14808944851864722, 0.12202273936163152, 0.14059472517592966, 0.1389410832354082, 0.12866080757899753, 0.13252680426089974, 0.11383559167461804, 0.12550843221740834, 0.1394730971474577, 0.12367090983007281, 0.1167739159117168, 0.13252982944569278, 0.13645102436608658, 0.14955190597563137, 0.1390679656125539, 0.14752851630334693, 0.11162179421421001], "auc": [0.6865625, 0.8074652777777779, 0.7470486111111112, 0.7386805555555556, 0.7418055555555555, 0.7022569444444444, 0.6816666666666666, 0.7236458333333333, 0.7033680555555557, 0.6248958333333333, 0.7654166666666667, 0.7558333333333332, 0.6870486111111112, 0.7949652777777777, 0.6321527777777778, 0.6782986111111111, 0.7171180555555555, 0.7611458333333334, 0.7258680555555556, 0.7159722222222222, 0.7279861111111111, 0.6798611111111111, 0.6812847222222222, 0.745, 0.6277430555555557], "log_prob": [-122.76792907714844, -110.3026123046875, -118.29163360595703, -117.70215606689453, -117.51973724365234, -118.91117858886719, -125.22706604003906, -116.43672180175781, -121.4693832397461, -125.20199584960938, -115.24826049804688, -114.56315612792969, -120.43538665771484, -112.6971664428711, -125.91413879394531, -123.48066711425781, -117.4055404663086, -120.81709289550781, -120.95667266845703, -118.50764465332031, -118.79654693603516, -120.73735046386719, -122.13711547851562, -114.38390350341797, -126.19938659667969]}