{"e_shd": [80.0250015258789, 77.45700073242188, 83.94400024414062, 77.1989974975586, 82.45099639892578, 82.70899963378906, 80.59600067138672, 80.1500015258789, 89.45500183105469, 79.3550033569336, 88.91799926757812, 81.052001953125, 83.0979995727539, 80.53199768066406, 83.41600036621094, 87.97100067138672, 77.94300079345703, 83.63099670410156, 87.89900207519531, 84.75900268554688, 74.40899658203125, 82.35800170898438, 79.07499694824219, 81.73600006103516, 84.34100341796875], "e_f1": [0.16442980475844804, 0.19446604128210238, 0.1621650363440481, 0.1335373192312851, 0.17094719533072658, 0.1526888186396975, 0.19003487793258034, 0.1707491976176204, 0.15106757582797484, 0.1554284135795851, 0.172876058726549, 0.1529885707126441, 0.16602119267719542, 0.1756884364494489, 0.1470798841358742, 0.18506959733170436, 0.1557222231171403, 0.1580610364049424, 0.1740008189534225, 0.16499645405977803, 0.17227297637592418, 0.16764257550710981, 0.14153931423686966, 0.14869889546818632, 0.15259240686258393], "auc": [0.7438235294117647, 0.7683578431372549, 0.6725490196078431, 0.6657598039215686, 0.7381862745098039, 0.6824754901960784, 0.792843137254902, 0.6960049019607844, 0.6316911764705881, 0.6843137254901961, 0.6569607843137255, 0.6738235294117647, 0.6992401960784314, 0.7394117647058823, 0.6539950980392157, 0.6876715686274509, 0.7228186274509802, 0.6810539215686274, 0.6960784313725491, 0.6981617647058823, 0.7623529411764706, 0.7101225490196079, 0.6955882352941176, 0.6716666666666666, 0.6896813725490196], "log_prob": [-156.33282470703125, -152.62619018554688, -162.56207275390625, -171.93484497070312, -154.74957275390625, -164.53868103027344, -147.99606323242188, -160.39468383789062, -176.67933654785156, -164.01698303222656, -161.79415893554688, -162.67156982421875, -159.09329223632812, -155.98150634765625, -167.53289794921875, -161.92031860351562, -159.72215270996094, -160.64727783203125, -156.52896118164062, -157.3301544189453, -156.7018280029297, -159.17449951171875, -165.59869384765625, -166.91111755371094, -160.7768096923828]}