{"e_shd": [39.584999084472656, 31.80900001525879, 36.36800003051758, 35.71799850463867, 37.125, 37.928001403808594, 35.06399917602539, 39.73099899291992, 39.3129997253418, 36.45899963378906, 36.77899932861328, 31.235000610351562, 45.26100158691406, 33.21799850463867, 45.56800079345703, 35.56399917602539, 33.31100082397461, 34.47800064086914, 35.33300018310547, 36.79999923706055, 35.15999984741211, 40.20100021362305, 39.61800003051758, 32.04399871826172, 36.84199905395508], "e_f1": [0.13479959034955333, 0.13626227984526657, 0.10696567634854767, 0.17360701718182275, 0.12932176683639893, 0.12451832609146093, 0.07370302812137566, 0.18162627348728444, 0.1375183987664509, 0.15705871957291628, 0.1671455929518794, 0.055630229799994727, 0.09558808023481208, 0.16083995220546565, 0.13093020925435564, 0.09945848161706636, 0.09187564876118472, 0.1759917142554221, 0.19233379355634786, 0.10264903457553012, 0.20371719603531635, 0.19629395099294802, 0.15943683002347178, 0.11581416179979404, 0.18864861846097158], "auc": [0.7348684210526316, 0.6593421052631578, 0.6347368421052632, 0.8130263157894737, 0.667171052631579, 0.8089473684210525, 0.6473684210526316, 0.8194736842105262, 0.73, 0.7251973684210526, 0.7684868421052631, 0.5240789473684211, 0.6518421052631579, 0.8198026315789474, 0.6982894736842106, 0.7326973684210526, 0.6325, 0.8551315789473684, 0.8221052631578947, 0.6725657894736843, 0.8295394736842105, 0.8391447368421053, 0.7540131578947369, 0.6442105263157893, 0.7501315789473685], "log_prob": [-75.00115966796875, -119.29991149902344, -98.44038391113281, -66.40309143066406, -91.9281005859375, -68.31832885742188, -110.08317565917969, -67.0708999633789, -75.80317687988281, -84.16621398925781, -80.33503723144531, -152.31387329101562, -88.2415771484375, -67.40339660644531, -87.64920043945312, -77.12579345703125, -97.966064453125, -61.97840881347656, -63.010108947753906, -94.90851593017578, -60.52336120605469, -62.27229309082031, -80.70834350585938, -107.30097961425781, -72.73342895507812]}