{"e_shd": [67.62999725341797, 64.0979995727539, 65.81400299072266, 68.04000091552734, 66.38700103759766, 69.48899841308594, 73.98799896240234, 62.26499938964844, 62.319000244140625, 71.96399688720703, 62.948001861572266, 65.95099639892578, 64.61199951171875, 57.667999267578125, 62.68199920654297, 72.19400024414062, 68.44300079345703, 68.125, 62.332000732421875, 65.25499725341797, 72.0270004272461, 67.41899871826172, 71.13400268554688, 66.78399658203125, 61.564998626708984], "e_f1": [0.09749281528284862, 0.12099703689937578, 0.08361201570990184, 0.09135752988573898, 0.0929851644165216, 0.12653727521269562, 0.11608057122533796, 0.16723166648052154, 0.10871040806456642, 0.079552004746973, 0.16801901375171002, 0.09418590019831397, 0.08734075747476848, 0.10645679899102584, 0.06195431572071085, 0.05959530278723959, 0.1400254576416459, 0.09962952942203017, 0.15312437567926593, 0.13618127955617754, 0.11158074064991604, 0.12191392796211747, 0.09939124372996942, 0.146060622110401, 0.08787031321464302], "auc": [0.47847222222222224, 0.5687847222222222, 0.40680555555555553, 0.49274305555555564, 0.5082986111111111, 0.5544444444444444, 0.5003472222222223, 0.5652430555555557, 0.5238194444444445, 0.4126736111111111, 0.6408680555555555, 0.46559027777777784, 0.4943402777777778, 0.5381944444444444, 0.4165625, 0.3940972222222222, 0.5435763888888889, 0.4477430555555556, 0.5831597222222222, 0.6338194444444444, 0.5694444444444444, 0.5128125, 0.4882638888888889, 0.5165972222222223, 0.4447222222222222], "log_prob": [-287.1654052734375, -229.81381225585938, -304.1194152832031, -252.08416748046875, -276.5783386230469, -197.5422821044922, -188.2304229736328, -178.564697265625, -238.7056121826172, -292.64764404296875, -151.0699462890625, -275.5144958496094, -260.816650390625, -273.259033203125, -313.4888916015625, -273.3809509277344, -183.13717651367188, -274.635986328125, -187.45095825195312, -163.6708984375, -167.82937622070312, -217.62689208984375, -193.38937377929688, -243.1712188720703, -288.8018798828125]}