{"e_shd": [96.47200012207031, 89.4540023803711, 94.9260025024414, 100.43599700927734, 89.77400207519531, 91.3499984741211, 84.0260009765625, 90.02200317382812, 98.16400146484375, 93.86100006103516, 87.64600372314453, 92.53900146484375, 89.02999877929688, 88.4800033569336, 91.89099884033203, 84.97100067138672, 93.83799743652344, 92.65399932861328, 86.87999725341797, 92.52799987792969, 92.55799865722656, 90.08000183105469, 94.88200378417969, 85.33300018310547, 86.37899780273438], "e_f1": [0.09963397464702825, 0.10101246585070417, 0.11795993924042988, 0.0924531736930913, 0.08704144627952506, 0.11564194267706315, 0.06857241625088212, 0.11146853106567674, 0.11607397542562384, 0.0930637049543098, 0.08212486730423453, 0.10587674984888859, 0.11375357782760905, 0.1145561713069847, 0.13858954321504885, 0.06266308015333047, 0.08761150563837612, 0.0812071139669313, 0.08473410084661319, 0.10701247092005263, 0.0942879339554023, 0.10503895201422156, 0.11578006754832257, 0.1028732262001364, 0.07806972772167739], "auc": [0.38360294117647054, 0.4554656862745098, 0.4650735294117647, 0.37509803921568624, 0.411593137254902, 0.48730392156862745, 0.38659313725490196, 0.44193627450980383, 0.4362745098039216, 0.40757352941176467, 0.3816421568627451, 0.43590686274509804, 0.4710049019607842, 0.45343137254901966, 0.5290931372549019, 0.3489460784313726, 0.38362745098039214, 0.3485049019607843, 0.40164215686274507, 0.4439705882352941, 0.38122549019607843, 0.4256862745098039, 0.4294852941176471, 0.47053921568627455, 0.39551470588235293], "log_prob": [-380.0833740234375, -352.43701171875, -262.6693115234375, -267.556884765625, -376.81005859375, -259.51226806640625, -438.4622802734375, -409.29443359375, -268.5921630859375, -281.048095703125, -371.218994140625, -298.1775817871094, -364.753173828125, -331.9931640625, -233.55709838867188, -471.1176452636719, -329.4305419921875, -528.2066650390625, -368.40167236328125, -259.18328857421875, -354.45428466796875, -388.56878662109375, -279.78900146484375, -420.3294677734375, -440.54949951171875]}