{"e_shd": [23.714000701904297, 24.327999114990234, 22.32200050354004, 22.45400047302246, 22.583999633789062, 22.551000595092773, 21.641000747680664, 23.371999740600586, 24.490999221801758, 24.118000030517578, 23.856000900268555, 23.624000549316406, 23.138999938964844, 23.086999893188477, 23.652000427246094, 23.45400047302246, 22.402000427246094, 24.358999252319336, 23.881000518798828, 24.704999923706055, 24.142000198364258, 22.88800048828125, 23.905000686645508, 24.698999404907227, 23.232999801635742], "e_f1": [0.10340987961423677, 0.014333585175855817, 0.11829338532999424, 0.1236833768721797, 0.11702160614969934, 0.17867848151089555, 0.13757603812484745, 0.16213478665245906, 0.13138362671225748, 0.05034053912912367, 0.022969028928759065, 0.03655615308874196, 0.06741308686315761, 0.10506023538902336, 0.024526733004832345, 0.08349467158266925, 0.09265516345873555, 0.0883219738724617, 0.02605596309195937, 0.15172685587949777, 0.028549805930497885, 0.09970762275756828, 0.10857379234477037, 0.07803603737820976, 0.13503035042438769], "auc": [0.6888815789473683, 0.44342105263157894, 0.6636184210526316, 0.6656578947368421, 0.6844078947368422, 0.7326315789473684, 0.6696052631578946, 0.7194736842105263, 0.6746052631578947, 0.7209210526315789, 0.5770394736842106, 0.6198684210526316, 0.7986842105263158, 0.5825, 0.53, 0.7017763157894736, 0.6924999999999999, 0.635328947368421, 0.6008552631578947, 0.7601315789473684, 0.640921052631579, 0.5542763157894737, 0.635328947368421, 0.6353289473684212, 0.7356578947368421], "log_prob": [-104.33432006835938, -174.3342742919922, -121.58905792236328, -132.18551635742188, -133.29505920410156, -86.89530181884766, -102.17205047607422, -100.85169982910156, -103.05679321289062, -97.59217834472656, -114.0805435180664, -126.96099853515625, -83.67434692382812, -127.85206604003906, -146.57557678222656, -100.41841888427734, -102.37574005126953, -133.77801513671875, -122.74264526367188, -96.07743835449219, -108.60195922851562, -125.05485534667969, -122.59430694580078, -112.06871795654297, -103.33243560791016]}