{"e_shd": [42.31800079345703, 44.54499816894531, 44.4119987487793, 41.380001068115234, 42.090999603271484, 42.375999450683594, 43.01100158691406, 43.17499923706055, 43.74599838256836, 42.722999572753906, 44.53300094604492, 41.26499938964844, 41.691001892089844, 42.707000732421875, 43.28799819946289, 42.20199966430664, 43.93299865722656, 43.928001403808594, 43.66600036621094, 44.07400131225586, 42.66899871826172, 44.48099899291992, 43.625999450683594, 41.790000915527344, 45.104000091552734], "e_f1": [0.07487236020449846, 0.06087125258327645, 0.06804953613590127, 0.15905528520435022, 0.07974162091769463, 0.13377142830022754, 0.06305719613014575, 0.09568822694587079, 0.1063557197233599, 0.05330291386560693, 0.036357092487483665, 0.12594824766301735, 0.11171319452268964, 0.07787490592124963, 0.09077099143792404, 0.05100308549208666, 0.05000714463367708, 0.058274063802827764, 0.05659887298565051, 0.0594493188498485, 0.048488639635745345, 0.05198994238132559, 0.04434794407861661, 0.10170159853693905, 0.07317971344092868], "auc": [0.6460416666666667, 0.6123958333333333, 0.6040972222222223, 0.7448611111111112, 0.6238888888888889, 0.7025694444444445, 0.64875, 0.6487499999999999, 0.7010763888888889, 0.6422222222222222, 0.5898611111111112, 0.6980208333333333, 0.6969444444444444, 0.6712499999999999, 0.6608680555555555, 0.6408680555555555, 0.6007986111111112, 0.6412847222222222, 0.6072222222222222, 0.6137847222222221, 0.7350347222222222, 0.5910763888888889, 0.6710069444444444, 0.6438194444444445, 0.5760416666666667], "log_prob": [-263.87066650390625, -233.81185913085938, -264.25299072265625, -201.51876831054688, -249.83094787597656, -212.52859497070312, -234.63623046875, -250.7903594970703, -189.03219604492188, -222.526611328125, -245.71482849121094, -211.16050720214844, -201.5524444580078, -228.52444458007812, -215.77587890625, -237.8681640625, -241.6943359375, -263.6530456542969, -261.4439392089844, -236.66786193847656, -193.11480712890625, -245.6522979736328, -232.86227416992188, -253.87255859375, -245.81541442871094]}