{"e_shd": [62.16299819946289, 60.6150016784668, 61.32500076293945, 57.242000579833984, 62.249000549316406, 61.27000045776367, 61.755001068115234, 60.76599884033203, 60.31700134277344, 61.8380012512207, 61.547000885009766, 61.176998138427734, 62.42300033569336, 59.76900100708008, 57.29399871826172, 59.987998962402344, 59.45800018310547, 61.382999420166016, 59.375, 60.12799835205078, 62.34700012207031, 60.29800033569336, 61.50899887084961, 64.02200317382812, 61.68600082397461], "e_f1": [0.06041437166641337, 0.10152517364088044, 0.10318112379380409, 0.1807923001334095, 0.05320495806155723, 0.07248154242009232, 0.09348546700230176, 0.10227752813364853, 0.09786620358746541, 0.07465773443648797, 0.06269437426930242, 0.06432321640545043, 0.025871217123066642, 0.08799634183391755, 0.1528079054294863, 0.13045666365104808, 0.10138036380568638, 0.08147953589806406, 0.11368871370969652, 0.08173382378899086, 0.0815737230348046, 0.08579897945325751, 0.06169925674781749, 0.08544194491367264, 0.11176339968043561], "auc": [0.7033333333333334, 0.6985784313725489, 0.5817892156862745, 0.7358823529411764, 0.6716911764705882, 0.6332598039215687, 0.6439950980392157, 0.7200490196078431, 0.5960539215686274, 0.672843137254902, 0.6514950980392158, 0.6679901960784314, 0.5849264705882353, 0.6838970588235294, 0.6691911764705882, 0.7207598039215686, 0.6450245098039216, 0.6853676470588235, 0.6463970588235295, 0.6955882352941176, 0.60125, 0.7184803921568628, 0.7355882352941177, 0.6987254901960784, 0.6584313725490196], "log_prob": [-310.42742919921875, -336.0688781738281, -383.74493408203125, -280.90081787109375, -330.95782470703125, -382.89263916015625, -368.00885009765625, -299.6015930175781, -408.530029296875, -321.3199768066406, -363.6044921875, -369.0970153808594, -390.5214538574219, -361.58544921875, -410.7547912597656, -290.5542297363281, -382.12255859375, -351.54815673828125, -376.2713623046875, -357.656982421875, -419.0699157714844, -310.66436767578125, -318.1357421875, -289.91961669921875, -327.0508117675781]}