{"e_shd": [53.582000732421875, 36.79199981689453, 41.005001068115234, 46.97200012207031, 52.83000183105469, 48.1150016784668, 48.53499984741211, 44.14799880981445, 36.02399826049805, 49.96699905395508], "e_f1": [0.121558397713779, 0.13409846631089678, 0.09231776792526493, 0.1090731585079363, 0.18623442985303676, 0.1026973511927126, 0.10936638718815375, 0.11111802908081475, 0.06600316789168766, 0.12835006392204873], "auc": [0.732491134751773, 0.8597883597883599, 0.7288961038961039, 0.6892739613327848, 0.8193105110896818, 0.6936339522546419, 0.7138648388648389, 0.7509868421052631, 0.6503660726619699, 0.75193172644447], "log_prob": [-87.81429290771484, -67.06436920166016, -79.02081298828125, -89.5960693359375, -95.88134002685547, -87.24250793457031, -79.02880859375, -73.92987060546875, -77.22337341308594, -82.90628051757812]}