{"e_shd": [56.18199920654297, 56.95600128173828, 55.42399978637695, 56.68600082397461, 54.66600036621094, 56.86000061035156, 56.29800033569336, 54.81800079345703, 57.917999267578125, 54.45000076293945, 55.47600173950195, 56.36600112915039, 55.27000045776367, 56.29600143432617, 56.369998931884766, 54.41999816894531, 53.7239990234375, 57.20800018310547, 56.63800048828125, 56.16600036621094, 55.92399978637695, 57.18600082397461, 53.97200012207031, 56.13199996948242, 56.31800079345703], "e_f1": [0.09430994227324803, 0.08156799189865124, 0.0823020286869735, 0.08829453550809718, 0.08611694746240667, 0.08966740872491319, 0.09311024799862912, 0.09780997611978504, 0.09639986916739328, 0.08183903331537931, 0.08882871114681541, 0.08509612203122978, 0.09375076145597748, 0.09031277122681321, 0.10840391257319698, 0.10118668228321019, 0.10339526217602202, 0.08732371815650908, 0.08759896372926256, 0.086046439775589, 0.09919506843636654, 0.08754163767785651, 0.09068450123921716, 0.07521719178943573, 0.09149778448220598], "auc": [0.6553125000000001, 0.5924305555555556, 0.6320833333333333, 0.62625, 0.6550694444444444, 0.6584027777777778, 0.6651041666666667, 0.7256597222222222, 0.6803819444444444, 0.6496180555555555, 0.6591319444444445, 0.6452083333333334, 0.7059027777777779, 0.6710416666666666, 0.7267708333333334, 0.7291666666666666, 0.7384027777777779, 0.6107291666666667, 0.6230208333333334, 0.6326388888888889, 0.6773958333333334, 0.6186805555555555, 0.6638194444444445, 0.5835416666666666, 0.670138888888889], "log_prob": [-133.21168518066406, -134.2838134765625, -132.81582641601562, -130.28993225097656, -131.75656127929688, -128.58920288085938, -128.53111267089844, -126.35926818847656, -125.37234497070312, -133.19110107421875, -129.48245239257812, -131.81582641601562, -127.36629486083984, -129.14967346191406, -122.89864349365234, -126.73548126220703, -123.92509460449219, -131.51307678222656, -131.04562377929688, -130.9337615966797, -128.40521240234375, -134.07492065429688, -133.50950622558594, -136.77713012695312, -128.62625122070312]}