{"e_shd": [73.15599822998047, 73.58399963378906, 73.89600372314453, 73.01200103759766, 74.43800354003906, 73.88999938964844, 73.04199981689453, 73.1240005493164, 72.88200378417969, 74.08000183105469, 73.96800231933594, 74.3239974975586, 72.19599914550781, 71.72200012207031, 72.50199890136719, 72.71600341796875, 73.70600128173828, 72.69599914550781, 74.02799987792969, 72.56600189208984, 73.47799682617188, 72.74199676513672, 72.38600158691406, 75.05599975585938, 74.81199645996094], "e_f1": [0.11398619704058469, 0.08923139938177824, 0.10488555194780863, 0.11480208577056394, 0.08522708683788943, 0.08537276719475213, 0.10334489583929422, 0.10211159611373194, 0.1295429594800133, 0.10692966934730863, 0.09121144940993327, 0.10673993466531616, 0.10414249669244695, 0.09102448903727765, 0.10840007025253484, 0.10676140692355014, 0.08635679950753734, 0.11405082571481656, 0.09488392982777584, 0.1216299132757293, 0.10673616382191987, 0.1220926929509879, 0.11040202172673193, 0.08874836919153745, 0.12206647147272914], "auc": [0.7283578431372548, 0.5836519607843138, 0.6768872549019608, 0.7285049019607843, 0.5614950980392157, 0.5686029411764706, 0.6540931372549019, 0.6505392156862745, 0.7720588235294118, 0.673235294117647, 0.5910294117647059, 0.6859313725490196, 0.6732352941176472, 0.6501470588235294, 0.6905637254901961, 0.6516176470588235, 0.5606617647058824, 0.7227941176470588, 0.629656862745098, 0.7128186274509803, 0.6801225490196078, 0.6950980392156862, 0.7011764705882353, 0.5527205882352941, 0.7027205882352942], "log_prob": [-177.1160888671875, -202.1109161376953, -181.35382080078125, -175.1442108154297, -193.80270385742188, -196.23631286621094, -184.12591552734375, -184.9064483642578, -166.28903198242188, -192.23916625976562, -193.11666870117188, -177.97154235839844, -182.94923400878906, -190.8516845703125, -180.19618225097656, -191.5975341796875, -192.74095153808594, -174.92327880859375, -187.44467163085938, -175.3471221923828, -181.61666870117188, -191.0052490234375, -179.77377319335938, -194.40585327148438, -172.13995361328125]}