{"e_shd": [37.507999420166016, 36.85599899291992, 37.95000076293945, 37.13399887084961, 36.6619987487793, 38.5099983215332, 38.16400146484375, 39.119998931884766, 38.05799865722656, 38.939998626708984, 36.6619987487793, 37.54600143432617, 36.279998779296875, 36.737998962402344, 35.90800094604492, 36.66400146484375, 37.55799865722656, 38.231998443603516, 36.43000030517578, 36.65399932861328, 37.874000549316406, 36.21799850463867, 37.189998626708984, 38.737998962402344, 38.79199981689453], "e_f1": [0.07463415720941252, 0.059824954316274444, 0.07867494511900694, 0.09731969970126292, 0.05793294466157553, 0.08096413986134417, 0.053496453271893445, 0.06977597758246704, 0.0717713334532827, 0.08206279659207069, 0.07016839014247966, 0.07566053210595747, 0.08291147592046828, 0.09600502923226208, 0.06416980418821634, 0.07527567383747506, 0.07823905626352265, 0.07953562243656387, 0.0794100970646333, 0.07230947885053589, 0.06677697984549628, 0.07552117761695623, 0.07410697908625187, 0.07870704159190696, 0.08485711134243962], "auc": [0.7482236842105263, 0.6145394736842106, 0.7249342105263158, 0.8142105263157895, 0.5983552631578948, 0.7238157894736843, 0.5355263157894736, 0.6774342105263158, 0.6689473684210526, 0.711907894736842, 0.6792763157894737, 0.7341447368421052, 0.7415131578947368, 0.7920394736842105, 0.6700657894736841, 0.7145394736842106, 0.7180263157894737, 0.7042763157894737, 0.7684210526315789, 0.7254605263157895, 0.6547368421052632, 0.7136184210526315, 0.7018421052631578, 0.7224342105263158, 0.7198026315789473], "log_prob": [-72.06724548339844, -78.94820404052734, -73.44886016845703, -66.86478424072266, -77.71124267578125, -72.63461303710938, -82.72087097167969, -74.6849594116211, -74.68229675292969, -73.85795593261719, -76.07801818847656, -72.81311798095703, -71.19857788085938, -68.50347900390625, -75.72746276855469, -72.89680480957031, -72.06507873535156, -74.82691955566406, -71.18084716796875, -72.09796142578125, -77.841796875, -74.614990234375, -73.39256286621094, -72.66455078125, -73.05207824707031]}