{"e_shd": [69.86599731445312, 67.59400177001953, 70.27999877929688, 68.17400360107422, 71.10299682617188, 70.17900085449219, 70.7300033569336, 70.5989990234375, 70.4280014038086, 70.85800170898438, 67.78299713134766, 68.04199981689453, 71.83200073242188, 65.87899780273438, 71.13700103759766, 70.46800231933594, 71.00800323486328, 67.6780014038086, 68.20600128173828, 70.33399963378906, 70.04100036621094, 70.86000061035156, 69.76399993896484, 68.06700134277344, 71.0], "e_f1": [0.16347891160716643, 0.18981797652733787, 0.15019315150290646, 0.1794901712203525, 0.1364838306647352, 0.1535578307037676, 0.14377450806105804, 0.1645331582389574, 0.15519444114740913, 0.12964822965228254, 0.18828980328025374, 0.18517747089885675, 0.14232524522889384, 0.20489562349920634, 0.14278281023958517, 0.1494483528793702, 0.1452828748359156, 0.1809215144409986, 0.1852588805860957, 0.14972655388036263, 0.14392444982885721, 0.14560706800563808, 0.16170928412965754, 0.1766143100468283, 0.13185163570829667], "auc": [0.7259722222222222, 0.8049652777777777, 0.7345138888888888, 0.7848263888888889, 0.6792013888888888, 0.7173958333333333, 0.6740972222222223, 0.7273263888888888, 0.7137847222222222, 0.6489236111111111, 0.8208333333333333, 0.8268402777777778, 0.6719444444444445, 0.8294444444444444, 0.6859375000000001, 0.6937152777777778, 0.6818055555555556, 0.7645138888888888, 0.7925, 0.7292013888888889, 0.6703819444444444, 0.6937152777777779, 0.7228472222222222, 0.7840624999999999, 0.6459027777777777], "log_prob": [-114.13970947265625, -107.6192626953125, -118.69762420654297, -109.89204406738281, -122.86713409423828, -115.89656829833984, -123.18316650390625, -115.52945709228516, -117.19815063476562, -122.70120239257812, -105.88768768310547, -106.46159362792969, -121.2303695678711, -102.1035385131836, -121.88932800292969, -118.64730834960938, -121.65546417236328, -122.36830139160156, -108.82086181640625, -116.23684692382812, -120.02790069580078, -119.36952209472656, -114.85724639892578, -111.61277770996094, -123.76399230957031]}