{"e_shd": [55.26599884033203, 55.03200149536133, 54.26499938964844, 54.547000885009766, 55.30699920654297, 54.49300003051758, 56.89099884033203, 52.98899841308594, 55.810001373291016, 57.345001220703125, 56.340999603271484, 55.70800018310547, 56.207000732421875, 56.722999572753906, 54.52399826049805, 54.69200134277344, 54.518001556396484, 56.928001403808594, 53.891998291015625, 55.99800109863281, 53.66400146484375, 55.082000732421875, 55.51900100708008, 56.856998443603516, 54.53799819946289], "e_f1": [0.11681517160103778, 0.10804892082911399, 0.12871462218369897, 0.12051548705411261, 0.11533236905836353, 0.1292115974119713, 0.10129049682569422, 0.1428973575493676, 0.11940810856416417, 0.08955331511516786, 0.09693058765989138, 0.11561164017630055, 0.11221111762399985, 0.10105694918627525, 0.12147325833197047, 0.12797717625679772, 0.13114649915397159, 0.10139724298892087, 0.13768783343189755, 0.12382873659850986, 0.13950325684731216, 0.11186155390288574, 0.11705347971833248, 0.09291609753020612, 0.1302548973080103], "auc": [0.7226973684210526, 0.7450000000000001, 0.7558552631578948, 0.7475657894736842, 0.7397368421052632, 0.7730921052631579, 0.6718421052631579, 0.8016447368421052, 0.7605263157894736, 0.6463157894736843, 0.705921052631579, 0.7670394736842107, 0.7293421052631579, 0.692828947368421, 0.7701315789473684, 0.7903947368421054, 0.7834868421052632, 0.6811184210526315, 0.7898026315789474, 0.7796052631578948, 0.78, 0.7504605263157895, 0.7564473684210526, 0.6605263157894736, 0.789407894736842], "log_prob": [-82.76183319091797, -79.63458251953125, -80.57808685302734, -79.34078216552734, -80.08302307128906, -79.73768615722656, -84.36796569824219, -75.4570541381836, -80.80098724365234, -85.7950210571289, -83.47364044189453, -81.13237762451172, -80.65629577636719, -82.56674194335938, -78.23760223388672, -76.53279113769531, -76.84011840820312, -82.56503295898438, -76.67886352539062, -78.30741882324219, -81.99568176269531, -79.03605651855469, -79.89500427246094, -86.11863708496094, -76.4896469116211]}