{"e_shd": [84.27999877929688, 82.30599975585938, 86.04399871826172, 84.16999816894531, 84.00599670410156, 84.43099975585938, 82.66400146484375, 84.58100128173828, 85.10099792480469, 82.8499984741211, 85.13400268554688, 85.86499786376953, 85.97200012207031, 84.74600219726562, 85.76499938964844, 85.26200103759766, 83.68499755859375, 85.4469985961914, 85.12100219726562, 85.43399810791016, 82.81500244140625, 84.42900085449219, 85.63600158691406, 84.93399810791016, 85.89600372314453], "e_f1": [0.17930235119959384, 0.20657759370235246, 0.16633810174707547, 0.17865145408059085, 0.1831436163633301, 0.18279319438408081, 0.2015604025486261, 0.1720812714085976, 0.17427954203887952, 0.1953175784344934, 0.1687247887055986, 0.16796168361142447, 0.16881094763318535, 0.1807138475562074, 0.16095699320359888, 0.17593821227561166, 0.18647966441697972, 0.16508659023905842, 0.17098624569805118, 0.16818033771962398, 0.2014095172263318, 0.18153499112653043, 0.16747099783678895, 0.17779009551167485, 0.15990621685871434], "auc": [0.7130882352941177, 0.7770098039215686, 0.6422058823529412, 0.7231862745098039, 0.7387009803921568, 0.7068627450980391, 0.7882843137254902, 0.700392156862745, 0.7034803921568629, 0.726936274509804, 0.7087254901960784, 0.6613725490196078, 0.6666911764705883, 0.7123529411764704, 0.6709313725490196, 0.70796568627451, 0.7260539215686275, 0.6824999999999999, 0.7213235294117647, 0.6791421568627451, 0.772328431372549, 0.7248774509803921, 0.6688480392156864, 0.6985294117647058, 0.6857352941176471], "log_prob": [-155.148193359375, -147.82481384277344, -160.49697875976562, -152.59384155273438, -151.64080810546875, -153.16836547851562, -146.833984375, -158.10394287109375, -155.0335693359375, -148.111572265625, -156.27459716796875, -157.47378540039062, -161.834228515625, -154.18142700195312, -161.9239501953125, -154.42596435546875, -151.53118896484375, -158.3950958251953, -155.79371643066406, -156.56103515625, -145.73492431640625, -151.28244018554688, -163.5355682373047, -157.438232421875, -160.069580078125]}