{"e_shd": [68.44200134277344, 64.73600006103516, 66.18399810791016, 67.29000091552734, 76.43199920654297, 67.05599975585938, 67.68199920654297, 65.49600219726562, 63.54199981689453, 66.58599853515625], "e_f1": [0.08003865143758575, 0.06939879503196737, 0.06762072188439089, 0.07600625607997624, 0.09988517765085217, 0.08008676300117569, 0.0684458083043153, 0.06529761301161512, 0.05728143957023646, 0.07535040553223359], "auc": [0.45290336879432624, 0.3422318422318423, 0.2784992784992785, 0.34342863019333614, 0.4600208936033429, 0.5520124553108061, 0.2981601731601731, 0.2805263157894737, 0.22385688631026385, 0.4269403759658633], "log_prob": [-100.85539245605469, -96.68533325195312, -98.51702880859375, -105.59962463378906, -120.74520111083984, -97.66802215576172, -99.75369262695312, -94.45147705078125, -93.00735473632812, -98.57138061523438]}