{"e_shd": [32.198001861572266, 32.87799835205078, 33.34400177001953, 32.84400177001953, 31.986000061035156, 36.03799819946289, 36.183998107910156, 35.1619987487793, 35.84000015258789, 35.43600082397461, 33.36399841308594, 34.821998596191406, 32.63999938964844, 32.07400131225586, 35.0880012512207, 33.124000549316406, 31.083999633789062, 34.400001525878906, 32.42599868774414, 34.987998962402344, 36.141998291015625, 33.42399978637695, 34.56999969482422, 34.48400115966797, 34.349998474121094], "e_f1": [0.13871746903959847, 0.09548122570691246, 0.11989685697915209, 0.1152069882030952, 0.07685066367816444, 0.15018683611065628, 0.09396758142307261, 0.11689703820389008, 0.0954397235154521, 0.14772285591930534, 0.07590904474634855, 0.1081691563879211, 0.10413503079796287, 0.1364312692076894, 0.10337759001180287, 0.10895140458919121, 0.1259667712676646, 0.12023061988042079, 0.11526494870532582, 0.0973318039646638, 0.09148750932113203, 0.10593561671588039, 0.10004526693867812, 0.1444521845207043, 0.16889689751867482], "auc": [0.8278947368421052, 0.7315131578947368, 0.8597368421052631, 0.8079605263157894, 0.7425657894736841, 0.7991447368421053, 0.6330263157894738, 0.760328947368421, 0.7021052631578947, 0.8134868421052631, 0.7074342105263158, 0.8015131578947369, 0.8216447368421053, 0.8640789473684211, 0.8055263157894736, 0.7755921052631579, 0.85375, 0.7578947368421052, 0.7596052631578948, 0.7803289473684211, 0.7496052631578948, 0.6746052631578948, 0.8030263157894737, 0.8074342105263158, 0.8430921052631578], "log_prob": [-64.62713623046875, -71.45266723632812, -62.92670440673828, -65.85450744628906, -71.40660858154297, -66.28211212158203, -77.55633544921875, -79.94256591796875, -72.01881408691406, -64.57642364501953, -75.96926879882812, -66.98619842529297, -66.8344955444336, -61.439605712890625, -66.65547943115234, -67.76095581054688, -63.559356689453125, -70.6578598022461, -69.51887512207031, -68.39617919921875, -70.73296356201172, -84.28359985351562, -66.64654541015625, -66.67754364013672, -61.480926513671875]}