{"e_shd": [69.52400207519531, 69.35399627685547, 72.45800018310547, 71.11000061035156, 73.27799987792969, 72.66000366210938, 69.61399841308594, 71.4800033569336, 70.55999755859375, 73.1240005493164, 71.4260025024414, 71.01200103759766, 69.27400207519531, 71.7979965209961, 70.06999969482422, 68.02999877929688, 73.1259994506836, 70.0999984741211, 69.21800231933594, 69.47200012207031, 71.68000030517578, 69.75199890136719, 68.62000274658203, 70.81999969482422, 70.54399871826172], "e_f1": [0.1583636423759784, 0.1567323676090575, 0.10688901125895915, 0.13106429340434922, 0.11234601712473577, 0.10890573864356594, 0.1440181192010191, 0.12932996827358523, 0.14919879870015246, 0.13047013573003657, 0.12052804471712743, 0.15280263000550265, 0.11769254732887433, 0.12125219200188267, 0.1529324120220077, 0.17612744305247036, 0.10014566818738943, 0.15446856780105253, 0.135177630671793, 0.13257227764521787, 0.1393827933529178, 0.15383890353655114, 0.1266756261678096, 0.1468712470649011, 0.15700390927846233], "auc": [0.7798774509803921, 0.7561764705882353, 0.6573774509803922, 0.7509558823529412, 0.6594362745098039, 0.6589705882352941, 0.7072549019607843, 0.7284313725490196, 0.7192401960784314, 0.7036519607843137, 0.6522549019607844, 0.7881862745098039, 0.716470588235294, 0.73375, 0.7256372549019608, 0.7968627450980392, 0.575171568627451, 0.7634803921568628, 0.7615441176470588, 0.7402941176470589, 0.71625, 0.7754901960784314, 0.7627696078431372, 0.7309558823529412, 0.7549264705882354], "log_prob": [-165.64385986328125, -171.28713989257812, -187.01666259765625, -172.76181030273438, -188.02230834960938, -186.61953735351562, -176.2584686279297, -175.3489227294922, -176.24688720703125, -178.9359130859375, -185.20448303222656, -162.5960235595703, -187.29283142089844, -176.7852783203125, -171.1837921142578, -162.2724151611328, -191.3878631591797, -168.24246215820312, -175.79458618164062, -188.69589233398438, -177.3778076171875, -167.06414794921875, -177.53150939941406, -172.28659057617188, -169.03924560546875]}