{"e_shd": [54.00600051879883, 54.757999420166016, 55.4119987487793, 55.858001708984375, 53.56999969482422, 55.49800109863281, 52.92599868774414, 52.720001220703125, 55.31800079345703, 54.58399963378906, 53.8120002746582, 53.11199951171875, 53.67399978637695, 54.91999816894531, 53.55400085449219, 52.59600067138672, 53.02199935913086, 54.55400085449219, 53.63199996948242, 54.45800018310547, 54.152000427246094, 54.16400146484375, 50.79199981689453, 51.944000244140625, 54.20600128173828], "e_f1": [0.13490595050417323, 0.12183847984428482, 0.11371417266448708, 0.11873293632164571, 0.12661596191806254, 0.11923207392399039, 0.13861931595684768, 0.1147390818011129, 0.147263003038856, 0.1511748674509367, 0.13958736303648167, 0.11419332630348412, 0.12892677966999078, 0.1277146809891026, 0.16742676251262548, 0.12029109604229267, 0.12342725625115643, 0.09438149969508111, 0.11344509276612365, 0.10250927893077214, 0.12333740696973504, 0.120907185113503, 0.1292552179008909, 0.13514960542946527, 0.13903333657187197], "auc": [0.7181944444444445, 0.6923958333333333, 0.6632291666666666, 0.6735763888888889, 0.6915277777777779, 0.6739583333333333, 0.7780555555555555, 0.7190624999999999, 0.7904861111111111, 0.7652777777777777, 0.7225694444444444, 0.72875, 0.7135416666666667, 0.7251388888888889, 0.7495138888888889, 0.6936805555555556, 0.7621874999999999, 0.5903125, 0.6838888888888888, 0.7486805555555555, 0.7505208333333333, 0.7297569444444445, 0.7430555555555556, 0.7507986111111109, 0.7159375], "log_prob": [-123.93582153320312, -125.7301025390625, -129.73960876464844, -127.27438354492188, -126.78660583496094, -125.30734252929688, -118.80558776855469, -128.05113220214844, -115.75190734863281, -114.65919494628906, -123.11222839355469, -123.4998550415039, -123.10723876953125, -123.01934051513672, -117.1294174194336, -128.86032104492188, -120.98580932617188, -137.57733154296875, -130.68063354492188, -123.80087280273438, -120.32546997070312, -124.49980163574219, -126.34614562988281, -120.37435913085938, -122.38642120361328]}