{"e_shd": [60.560001373291016, 64.78399658203125, 62.51599884033203, 63.17399978637695, 63.63199996948242, 63.92599868774414, 64.44599914550781, 59.61199951171875, 63.347999572753906, 62.70800018310547, 68.22799682617188, 66.75599670410156, 61.54999923706055, 65.22799682617188, 64.01799774169922, 59.465999603271484, 54.84000015258789, 60.347999572753906, 65.8219985961914, 56.59400177001953, 60.465999603271484, 59.060001373291016, 61.422000885009766, 62.69599914550781, 60.57600021362305, 59.742000579833984, 58.80400085449219, 61.566001892089844, 62.262001037597656, 59.012001037597656, 59.05799865722656, 68.34200286865234, 59.444000244140625, 59.13199996948242, 57.68000030517578, 65.1520004272461, 56.96200180053711, 65.04399871826172, 63.54999923706055, 69.13600158691406, 61.89799880981445, 61.96200180053711, 62.70000076293945, 63.36399841308594, 60.65599822998047, 57.25400161743164, 58.358001708984375, 61.715999603271484, 63.013999938964844, 60.50400161743164, 58.42399978637695, 70.57599639892578, 66.72799682617188, 64.93000030517578, 61.63999938964844, 65.41799926757812, 64.61000061035156, 58.422000885009766, 62.61399841308594, 63.79399871826172, 58.667999267578125, 59.11600112915039, 57.06800079345703, 57.402000427246094, 59.66999816894531, 57.8120002746582, 60.27000045776367, 56.13600158691406, 59.82600021362305, 57.73400115966797, 58.47600173950195, 57.172000885009766, 69.64399719238281, 62.9379997253418, 60.38199996948242, 53.9900016784668, 55.29800033569336, 60.902000427246094, 52.4739990234375, 66.59400177001953, 63.17599868774414, 61.02799987792969, 61.17399978637695, 60.39400100708008, 67.48200225830078, 61.77399826049805, 56.31399917602539, 55.422000885009766, 59.77199935913086, 58.119998931884766, 58.03799819946289, 61.560001373291016, 62.31999969482422, 57.433998107910156, 61.84600067138672, 66.5260009765625, 62.428001403808594, 62.07400131225586, 61.917999267578125, 62.847999572753906], "e_f1": [0.38100850360319255, 0.31737101700145176, 0.35647407069655074, 0.3340813217851048, 0.34343618281036986, 0.3316146181253105, 0.3283340148292419, 0.38610179845106507, 0.3550580435863167, 0.3600404297786079, 0.30705154403299695, 0.31504958294940727, 0.3664826620440717, 0.34286939508887704, 0.32430947557764056, 0.37891137270436226, 0.4369238260316743, 0.3908999701990658, 0.3345949198388965, 0.41279429971702164, 0.37532658017467946, 0.3828646485339802, 0.38123023682720475, 0.3377907157061239, 0.3701618694700121, 0.37979099812012135, 0.3870296019082986, 0.3681425094797838, 0.3325663289218524, 0.39785127660112646, 0.38818809564629975, 0.29845941934423165, 0.39437372515087404, 0.3869950380593217, 0.3893560211441593, 0.33208089173552036, 0.42252123234076816, 0.32931763825457044, 0.32779763096860587, 0.3097323735640337, 0.3576736435509796, 0.37330078674449896, 0.347002727716839, 0.3430661860992757, 0.38217705433977994, 0.41206326711535474, 0.40281579561760433, 0.3643262829566992, 0.35033691913462983, 0.37259537326805875, 0.3941051393393805, 0.29171104330380915, 0.3108574298266311, 0.34029943820239544, 0.3625685042072929, 0.3155626738746872, 0.3266113552943006, 0.39634183156616837, 0.3620010107706035, 0.3491228370171754, 0.3912676426001529, 0.3761966973808098, 0.392639529137425, 0.4045884308316082, 0.3906527790502918, 0.3889856330704762, 0.3666343985854419, 0.40599543862383386, 0.35168637194066316, 0.39050127606665724, 0.3919502114611413, 0.4238802521210389, 0.2695232069016945, 0.3625140769379389, 0.39552007287843777, 0.4507344500933143, 0.4454183530506888, 0.3676599729513772, 0.45016045227030566, 0.32522884209141173, 0.34725616143971405, 0.36498105776637546, 0.3426561543445754, 0.37309812169499856, 0.326506392317237, 0.3602224632998344, 0.42672206807652846, 0.4271281286723901, 0.37399341045778034, 0.3904612604636927, 0.38977080132669273, 0.37095558478922147, 0.3558639902001157, 0.407619584511317, 0.36224691649555457, 0.3211282083696567, 0.36521559724590885, 0.37904711921968665, 0.3605354606652829, 0.35460866325538803], "auc": [0.8717013888888889, 0.8487152777777778, 0.878263888888889, 0.8684027777777779, 0.8460416666666666, 0.815, 0.8390277777777778, 0.8728819444444444, 0.8355208333333333, 0.8679513888888889, 0.8162152777777778, 0.8247222222222224, 0.8720833333333333, 0.8596180555555556, 0.8320486111111111, 0.8396875, 0.8778125, 0.9169444444444445, 0.8302083333333333, 0.9043055555555555, 0.8830902777777777, 0.8842708333333333, 0.8299652777777778, 0.8227430555555555, 0.8326041666666666, 0.8936458333333333, 0.8828819444444445, 0.8772222222222221, 0.8452430555555556, 0.8968402777777778, 0.8921875, 0.8340277777777777, 0.9025000000000001, 0.9056597222222221, 0.8941319444444444, 0.8120138888888889, 0.9012152777777778, 0.8610416666666666, 0.8380902777777779, 0.83625, 0.8343055555555555, 0.8630902777777778, 0.7964583333333333, 0.8250000000000001, 0.8961805555555556, 0.8955902777777777, 0.8547916666666667, 0.8696180555555555, 0.8915625, 0.8587500000000001, 0.8729861111111111, 0.8071875, 0.7902083333333334, 0.8499652777777778, 0.8512847222222222, 0.8099652777777777, 0.8424652777777779, 0.8604861111111112, 0.8722569444444443, 0.8421527777777778, 0.8608680555555556, 0.8758680555555556, 0.8833333333333333, 0.9034375, 0.8977777777777778, 0.8777777777777778, 0.889375, 0.8728472222222222, 0.8860416666666667, 0.8310069444444443, 0.8915624999999999, 0.9051388888888889, 0.78, 0.8793055555555556, 0.8854861111111111, 0.9060069444444444, 0.8944791666666667, 0.8607986111111112, 0.9357986111111112, 0.8511458333333333, 0.8722222222222222, 0.8397222222222223, 0.8097222222222221, 0.8404513888888889, 0.8460416666666667, 0.8453819444444445, 0.8961458333333333, 0.9190972222222222, 0.8130555555555554, 0.9000347222222222, 0.8499305555555555, 0.8739236111111112, 0.8596527777777777, 0.9090972222222222, 0.8605902777777777, 0.8236111111111111, 0.8576736111111111, 0.8539930555555555, 0.8610763888888888, 0.8579166666666668], "log_prob": [-91.28964233398438, -97.99855041503906, -89.74994659423828, -92.46774291992188, -98.46554565429688, -101.40599822998047, -100.28024291992188, -88.93838500976562, -110.29637908935547, -93.99934387207031, -105.01813507080078, -114.79246520996094, -92.64441680908203, -96.59982299804688, -98.66780090332031, -96.83119201660156, -84.62484741210938, -84.15571594238281, -97.68150329589844, -82.03373718261719, -91.15547943115234, -87.32816314697266, -96.89649963378906, -111.32835388183594, -109.51695251464844, -87.29037475585938, -85.00155639648438, -91.54774475097656, -97.65460968017578, -83.9900131225586, -86.97209167480469, -101.28475952148438, -83.61052703857422, -85.9594497680664, -84.13746643066406, -102.03193664550781, -82.98273468017578, -96.14395141601562, -109.53848266601562, -102.37808990478516, -114.18695068359375, -94.15951538085938, -133.6279754638672, -124.3218994140625, -88.05915832519531, -83.73228454589844, -105.6847915649414, -94.32051086425781, -91.98428344726562, -115.58627319335938, -98.79676055908203, -107.86863708496094, -142.95730590820312, -97.04060363769531, -94.43024444580078, -105.1567611694336, -100.901123046875, -100.77981567382812, -115.99198913574219, -109.55450439453125, -88.78732299804688, -87.01060485839844, -84.39234924316406, -82.61882781982422, -84.373291015625, -87.10794067382812, -86.51858520507812, -84.35556030273438, -87.42791748046875, -102.95597839355469, -85.42801666259766, -81.24333953857422, -114.81317901611328, -91.50098419189453, -88.86261749267578, -79.57569885253906, -81.01493835449219, -93.26532745361328, -71.82429504394531, -102.9143295288086, -92.67567443847656, -94.12977600097656, -98.78208923339844, -95.83488464355469, -99.16291046142578, -98.27708435058594, -85.35867309570312, -77.8773422241211, -109.19843292236328, -83.08114624023438, -90.33989715576172, -92.17254638671875, -95.17385864257812, -81.70242309570312, -92.37691497802734, -105.52765655517578, -94.33657836914062, -94.09915924072266, -93.22463989257812, -94.91819763183594]}