{"e_shd": [75.05999755859375, 68.00199890136719, 67.6240005493164, 74.0719985961914, 67.3219985961914, 72.24199676513672, 69.10600280761719, 67.68599700927734, 75.2020034790039, 70.33000183105469, 71.67400360107422, 69.33799743652344, 78.34600067138672, 64.33200073242188, 68.90799713134766, 77.72200012207031, 73.27799987792969, 67.81800079345703, 71.18800354003906, 69.61399841308594, 68.7699966430664, 68.90599822998047, 67.35800170898438, 69.97000122070312, 69.1520004272461, 72.74199676513672, 71.48400115966797, 66.9020004272461, 67.61799621582031, 68.75399780273438, 64.77799987792969, 65.56999969482422, 71.7760009765625, 70.85800170898438, 71.66200256347656, 73.11399841308594, 72.48999786376953, 74.08399963378906, 72.72200012207031, 70.49600219726562, 77.60800170898438, 70.29399871826172, 68.95800018310547, 68.06999969482422, 66.1500015258789, 66.34200286865234, 67.6780014038086, 74.80599975585938, 72.58799743652344, 76.51799774169922, 70.14600372314453, 74.98999786376953, 68.33999633789062, 68.93399810791016, 74.71199798583984, 70.87799835205078, 65.08599853515625, 78.52799987792969, 67.31999969482422, 61.715999603271484, 65.2040023803711, 71.27400207519531, 76.28399658203125, 70.4540023803711, 71.23999786376953, 68.94999694824219, 70.70999908447266, 70.63200378417969, 68.08000183105469, 68.73799896240234, 75.73400115966797, 72.4540023803711, 71.33999633789062, 71.7020034790039, 72.85600280761719, 69.85800170898438, 76.05000305175781, 74.4739990234375, 70.50399780273438, 69.9000015258789, 66.2959976196289, 67.46800231933594, 73.55999755859375, 71.36000061035156, 70.66000366210938, 72.9800033569336, 74.81600189208984, 72.01000213623047, 68.41000366210938, 63.641998291015625, 66.73999786376953, 67.84600067138672, 67.27200317382812, 69.6520004272461, 70.22200012207031, 72.63800048828125, 64.47799682617188, 66.37000274658203, 75.63200378417969, 64.19599914550781], "e_f1": [0.3698718690175034, 0.44692363494438925, 0.4230570899411505, 0.3729638640103443, 0.43180268199104344, 0.38455931741324706, 0.42792204628904723, 0.42446104131057294, 0.3624231576241403, 0.4006893243108933, 0.3974368757499417, 0.4154909540903086, 0.3279591679963085, 0.45939159498889953, 0.40954700192990995, 0.3477459030896083, 0.38540817113930087, 0.4258064681573969, 0.39624474494465445, 0.40662740748381543, 0.4003238683643284, 0.4057292214237204, 0.42171190987963175, 0.412471075541802, 0.419684347957897, 0.37699549513649017, 0.3929898827350359, 0.4261784821729564, 0.4233171249444524, 0.4205722623785567, 0.4621439924272874, 0.432420785570833, 0.3850144521507749, 0.40136759535726985, 0.3842270714041414, 0.38569759826355804, 0.3839650859351509, 0.37299734181428346, 0.38898484645157, 0.4143673968524451, 0.3497426677446624, 0.40289103220596234, 0.4089485455261007, 0.40824264089790824, 0.43204119458625106, 0.4403197107109019, 0.42779725123358836, 0.37209202369230243, 0.3936319480257594, 0.3551426888858936, 0.3958593863690336, 0.3650322833518244, 0.41868020014866136, 0.4131609745103928, 0.3747327789510372, 0.39008010589514586, 0.44876030670056977, 0.35218584210743387, 0.4267044218900778, 0.48367650936335516, 0.45211245821595303, 0.4024187641114465, 0.34878235189155943, 0.4069214297028359, 0.39852848359817333, 0.4139970496128336, 0.39842588758305303, 0.39626954636464923, 0.4174668146708076, 0.42740716246623595, 0.34535406478249575, 0.39110323304728695, 0.3999510571164163, 0.390702872673613, 0.3831399779469233, 0.40058603962683914, 0.3535307866931834, 0.3760499240341722, 0.40288111652738173, 0.39573651538349847, 0.4279312049691362, 0.4224265317867621, 0.374741662252717, 0.4054507763596752, 0.4017293935777598, 0.3721156350000614, 0.3729210368922844, 0.3687533575554626, 0.4182701413878641, 0.45256369338735136, 0.4485034822636944, 0.4028131099764878, 0.4284561156933031, 0.4023370773503509, 0.40017786263303207, 0.38006803069048994, 0.45792637144007564, 0.43147861387802583, 0.3499210573793076, 0.45000975493536877], "auc": [0.8102450980392157, 0.8914950980392158, 0.8694362745098039, 0.8350245098039215, 0.8675245098039215, 0.8493627450980391, 0.828357843137255, 0.8644607843137255, 0.8311274509803922, 0.8649509803921569, 0.8206127450980393, 0.8416911764705882, 0.7893137254901961, 0.8595343137254902, 0.8408578431372549, 0.7777450980392157, 0.8379166666666668, 0.8526470588235294, 0.8429411764705882, 0.8363235294117647, 0.845906862745098, 0.8473529411764704, 0.8604411764705882, 0.8804901960784314, 0.8872303921568627, 0.8509313725490197, 0.8315441176470588, 0.8884803921568628, 0.8585294117647058, 0.87125, 0.8655392156862746, 0.8645833333333334, 0.8245588235294117, 0.8326470588235294, 0.8230882352941177, 0.8409558823529412, 0.8023039215686274, 0.8449509803921569, 0.8526225490196078, 0.8599754901960784, 0.8278186274509804, 0.8465686274509805, 0.8555147058823529, 0.8665686274509803, 0.8574264705882353, 0.8752205882352941, 0.8298284313725489, 0.8519362745098039, 0.8314950980392157, 0.8152941176470588, 0.8553921568627451, 0.7911274509803922, 0.8408088235294118, 0.8515931372549019, 0.8270343137254902, 0.8553676470588235, 0.8706372549019608, 0.8183088235294118, 0.8588970588235294, 0.8888725490196078, 0.8849754901960784, 0.8654411764705882, 0.8103921568627451, 0.8593872549019608, 0.8343872549019608, 0.8608823529411764, 0.809485294117647, 0.8211029411764705, 0.8712745098039215, 0.8549264705882353, 0.7992892156862745, 0.8578186274509805, 0.8527450980392156, 0.8504656862745098, 0.8104901960784313, 0.8508333333333333, 0.8478676470588236, 0.8481127450980392, 0.8631372549019608, 0.8345833333333332, 0.8700980392156863, 0.8779656862745098, 0.8334558823529412, 0.8533088235294117, 0.8553676470588234, 0.831887254901961, 0.8147303921568628, 0.8649754901960784, 0.8281617647058823, 0.8732598039215685, 0.8805392156862745, 0.8442156862745098, 0.8582843137254902, 0.8736029411764705, 0.7959313725490197, 0.8511764705882353, 0.8802450980392157, 0.8835294117647059, 0.8145098039215687, 0.8578921568627452],