{"e_shd": [58.242000579833984, 55.3380012512207, 55.933998107910156, 57.236000061035156, 59.3120002746582, 55.198001861572266, 54.97600173950195, 51.54999923706055, 52.917999267578125, 53.12799835205078, 49.94599914550781, 60.4119987487793, 50.029998779296875, 58.01599884033203, 54.77199935913086, 53.26599884033203, 51.9640007019043, 52.189998626708984, 51.551998138427734, 60.79600143432617, 53.0359992980957, 53.65399932861328, 51.284000396728516, 56.560001373291016, 53.56999969482422, 52.944000244140625, 53.53200149536133, 52.02000045776367, 57.00199890136719, 63.53799819946289, 53.89400100708008, 56.209999084472656, 58.051998138427734, 54.354000091552734, 60.358001708984375, 56.72600173950195, 54.84600067138672, 59.72600173950195, 51.018001556396484, 60.34600067138672, 58.84000015258789, 54.236000061035156, 55.64799880981445, 53.82600021362305, 56.33599853515625, 55.768001556396484, 55.63399887084961, 54.04199981689453, 49.70000076293945, 48.26599884033203, 55.54600143432617, 57.60599899291992, 54.981998443603516, 54.152000427246094, 54.215999603271484, 62.4119987487793, 58.11800003051758, 55.66999816894531, 54.28799819946289, 52.34000015258789, 53.65599822998047, 56.36600112915039, 59.470001220703125, 57.986000061035156, 62.444000244140625, 53.66400146484375, 53.16999816894531, 59.92399978637695, 55.07400131225586, 57.46799850463867, 56.11600112915039, 52.358001708984375, 50.93600082397461, 52.178001403808594, 56.27799987792969, 58.768001556396484, 51.599998474121094, 56.64400100708008, 55.11399841308594, 58.119998931884766, 51.77000045776367, 53.7599983215332, 60.650001525878906, 52.58000183105469, 55.29800033569336, 63.652000427246094, 57.20800018310547, 53.018001556396484, 56.86199951171875, 49.055999755859375, 56.513999938964844, 63.316001892089844, 58.428001403808594, 54.805999755859375, 50.89799880981445, 54.3120002746582, 50.992000579833984, 56.69200134277344, 56.98400115966797, 55.15999984741211], "e_f1": [0.23382177983790908, 0.24351438432072375, 0.2687719480145879, 0.24914500423916927, 0.23158781299495368, 0.27155608002732556, 0.2779029898855789, 0.3147491754941628, 0.30525112115861397, 0.2996433750294774, 0.32001618184412284, 0.23128399674429556, 0.3053266609372042, 0.2632512674395847, 0.28387654210032676, 0.2828634358199281, 0.30748684106262253, 0.28124937148109314, 0.3203860816604722, 0.23653422040261488, 0.285107241229011, 0.27606731848359023, 0.3131459373690647, 0.25557628063976, 0.26000590887989417, 0.3121495787474356, 0.2919309120250683, 0.3117276075443616, 0.2653162440121124, 0.20651485627632218, 0.27628116482793086, 0.2438086118677446, 0.24327649554399663, 0.2735919306746122, 0.23147743014069264, 0.26128111705753565, 0.2768086340123954, 0.22024180480085265, 0.31296783829358554, 0.18839566749280473, 0.22647836450882164, 0.297805971292403, 0.2548445156556948, 0.30485307824863106, 0.2698165073440065, 0.2588813485917108, 0.2648527481579959, 0.28489878825691867, 0.3290247268533841, 0.34688542554136426, 0.27722458502776454, 0.23314368531759558, 0.2706285359908098, 0.2874931809765717, 0.27607293250309534, 0.20756901483639972, 0.24596617030016843, 0.2583843954867239, 0.28501006792973116, 0.30118044752272927, 0.271902082609324, 0.24080323319907085, 0.23553215362633478, 0.2405641943847298, 0.21572489307640608, 0.3074972625357552, 0.2784522230897695, 0.2020223138623093, 0.2792571875457429, 0.24633588300977516, 0.26689519190125177, 0.32252177019931094, 0.32612669584252296, 0.31430998463630977, 0.26237892808860264, 0.231576232423612, 0.31852544119831544, 0.25474872667972304, 0.26771895761554193, 0.2214222287839447, 0.31894366967847065, 0.28717685625255746, 0.2435134189193385, 0.3241688667605365, 0.2771507259150044, 0.17655814853499266, 0.25607721682488294, 0.3084692983930671, 0.2701122278208704, 0.338971466287399, 0.2665772518712563, 0.20208923422890318, 0.2729979062591172, 0.2751110674545847, 0.317353649484818, 0.26752928201714826, 0.315995795288978, 0.26548450100397336, 0.25200683765375004, 0.2611882251196117], "auc": [0.7997368421052632, 0.8326315789473684, 0.8844736842105263, 0.8313157894736841, 0.8858552631578946, 0.8492105263157895, 0.8654605263157896, 0.9126973684210526, 0.9330921052631579, 0.9109868421052633, 0.8821710526315789, 0.8551315789473684, 0.8775000000000001, 0.8781578947368421, 0.8744736842105264, 0.8603947368421052, 0.9133552631578947, 0.8575657894736842, 0.95, 0.897171052631579, 0.9394736842105263, 0.8801973684210527, 0.9371052631578948, 0.8094736842105263, 0.797171052631579, 0.9121052631578946, 0.897171052631579, 0.925921052631579, 0.9049342105263158, 0.8407894736842105, 0.8535526315789473, 0.8571052631578947, 0.8905263157894737, 0.8581578947368422, 0.8429605263157894, 0.8567763157894737, 0.9094078947368421, 0.8330921052631579, 0.9522368421052633, 0.83, 0.8869078947368421, 0.9267763157894737, 0.8511184210526316, 0.9276315789473684, 0.8567763157894737, 0.8650657894736843, 0.9094736842105263, 0.9016447368421052, 0.9421052631578948, 0.9227631578947368, 0.8899342105263158, 0.8597368421052631, 0.8971710526315789, 0.9041447368421053, 0.8665131578947368, 0.8217763157894737, 0.8260526315789474, 0.8717763157894737, 0.8770394736842106, 0.91625, 0.871578947368421, 0.8124342105263158, 0.8675657894736841, 0.8740131578947369, 0.8582894736842105, 0.9488815789473685, 0.914342105263158, 0.8035526315789474, 0.9276315789473685, 0.8921052631578947, 0.8499342105263158, 0.922763157894737, 0.9432236842105264, 0.8998026315789474, 0.8989473684210526, 0.8531578947368421, 0.9251315789473684, 0.8313815789473684, 0.88125, 0.8794736842105263, 0.9301315789473684, 0.8861184210526316, 0.8591447368421053, 0.9448026315789473, 0.8906578947368421, 0.7472368421052632, 0.8808552631578948, 0.9211842105263158, 0.9031578947368419, 0.9285526315789473, 0.8992105263157895, 0.8109868421052631, 0.8902631578947369, 0.8435526315789474, 0.9201315789473684, 0.8780263157894738, 0.914342105263158, 0.875, 0.8763157894736842, 0.8580921052631579], "log_prob": [-83.80967712402344, -78.90606689453125, -75.62910461425781, -79.02384948730469, -78.59805297851562, -76.94291687011719, -85.70603942871094, -67.27099609375, -67.73533630371094, -70.70860290527344, -68.7061538696289, -83.82598876953125, -78.74423217773438, -75.62944030761719, -74.76929473876953, -82.78126525878906, -69.63589477539062, -73.60432434082031, -65.37226867675781, -78.85748291015625, -67.53773498535156, -72.32792663574219, -64.85269165039062, -83.4906234741211, -79.41856384277344, -71.92257690429688, -70.27892303466797, -66.16989135742188, -73.8868408203125, -84.8397445678711, -75.77926635742188, -77.92560577392578, -75.53050231933594, -77.54765319824219, -80.36365509033203, -75.35325622558594, -71.94047546386719, -79.53628540039062, -63.63316345214844, -94.7150650024414, -77.61448669433594, -69.65744018554688, -75.83457946777344, -70.4130859375, -78.61433410644531, -74.09325408935547, -73.25650024414062, -70.72776794433594, -64.36186218261719, -62.83186340332031, -73.3165283203125, -80.42634582519531, -72.5792236328125, -70.98616027832031, -71.66773986816406, -85.85894775390625, -78.72972106933594, -75.16102600097656, -72.23098754882812, -69.33794403076172, -71.52122497558594, -84.2168960571289, -79.26304626464844, -77.60478973388672, -86.69697570800781, -67.78179931640625, -69.28583526611328, -86.25593566894531, -69.50666809082031, -75.32035064697266, -78.40074920654297, -68.4012680053711, -65.07567596435547, -68.20020294189453, -73.26634216308594, -79.03810119628906, -66.82763671875, -80.4224853515625, -73.40534973144531, -75.5083999633789, -65.9406509399414, -71.489013671875, -80.05725860595703, -68.54462432861328, -73.15482330322266, -96.52993774414062, -75.79913330078125, -70.15278625488281, -86.30780792236328, -65.60384368896484, -73.13383483886719, -85.62553405761719, -77.76774597167969, -76.06170654296875, -65.68544006347656, -74.21444702148438, -67.10685729980469, -76.47467041015625, -76.45658874511719, -74.437744140625]}