{"e_shd": [52.79399871826172, 54.28200149536133, 71.72799682617188, 61.24399948120117, 51.06999969482422, 61.071998596191406, 57.577999114990234, 56.79999923706055, 63.77199935913086, 51.152000427246094, 58.26599884033203, 59.2760009765625, 56.60599899291992, 67.08599853515625, 74.7979965209961, 61.29399871826172, 66.01000213623047, 59.55799865722656, 62.481998443603516, 48.349998474121094, 62.290000915527344, 62.74599838256836, 57.7400016784668, 56.902000427246094, 59.68600082397461, 55.029998779296875, 64.11599731445312, 66.26399993896484, 52.428001403808594, 64.97200012207031, 59.358001708984375, 59.07400131225586, 59.67399978637695, 69.77799987792969, 69.7300033569336, 65.92400360107422, 62.34199905395508, 63.231998443603516, 61.13199996948242, 61.81399917602539, 66.2020034790039, 58.79199981689453, 59.066001892089844, 55.518001556396484, 59.09600067138672, 65.06999969482422, 58.6619987487793, 71.36199951171875, 50.95000076293945, 61.459999084472656, 60.56999969482422, 67.99800109863281, 57.854000091552734, 58.70000076293945, 70.99400329589844, 60.66600036621094, 57.597999572753906, 67.90399932861328, 64.10600280761719, 62.7140007019043, 56.263999938964844, 64.19999694824219, 60.36399841308594, 60.40800094604492, 65.73600006103516, 63.14400100708008, 55.84199905395508, 56.19599914550781, 67.74400329589844, 70.1520004272461, 62.53200149536133, 58.36199951171875, 65.20600128173828, 54.0, 56.1619987487793, 71.26399993896484, 62.27399826049805, 70.94599914550781, 57.0359992980957, 57.72200012207031, 64.62000274658203, 56.944000244140625, 69.84600067138672, 63.327999114990234, 54.74800109863281, 70.74600219726562, 62.19200134277344, 60.20800018310547, 66.0780029296875, 58.52799987792969, 63.0099983215332, 59.41400146484375, 72.29000091552734, 57.27399826049805, 69.35199737548828, 56.28799819946289, 67.91600036621094, 69.45600128173828, 65.61199951171875, 59.060001373291016], "e_f1": [0.29496923125578983, 0.3514250185339323, 0.38410006863386775, 0.3552692790211615, 0.37553555656758236, 0.34123091871959915, 0.32736946438289233, 0.3619135480660761, 0.4207921043298692, 0.31049659638970395, 0.2660898079393085, 0.3016008985050679, 0.35183490961498454, 0.3784201233332544, 0.3534616540526004, 0.41131856708205833, 0.4140646090777368, 0.3046451719855718, 0.4237947926028515, 0.35308926582825906, 0.34500232986175416, 0.3750491217990975, 0.27407729850474705, 0.37340737776418537, 0.3671051922941262, 0.2646928984701057, 0.4094130182130268, 0.37030250485403066, 0.3338203976871963, 0.2925407209807617, 0.37107976266647, 0.3574222687374719, 0.3554140969326092, 0.371200427989027, 0.372243244832237, 0.3332323421322291, 0.419222491161877, 0.3503786928778324, 0.38032694229874664, 0.3062243293710281, 0.38139338127820915, 0.30695446443726415, 0.4256973047205654, 0.298505893464749, 0.4300876618174438, 0.45044156086060927, 0.39903926011264607, 0.37059514107910235, 0.39817082483006233, 0.37728175896248417, 0.3674209483252314, 0.3728790539251037, 0.28394189981347756, 0.30919798738941207, 0.32527281280847387, 0.33176790556633184, 0.3984190636068457, 0.41757327240778896, 0.44239405555088285, 0.32691081915567577, 0.3322332266275575, 0.4188304328683645, 0.2835885187448729, 0.23829162911345933, 0.4050491388254843, 0.3943843711576492, 0.3250703171010027, 0.3150514092438521, 0.3998482843227205, 0.41806967267089035, 0.40407551239226747, 0.30482744346016244, 0.3758901459266599, 0.3985065908324773, 0.3049348734841013, 0.37545692984586243, 0.35765777435794294, 0.34678653063926096, 0.35824982213037354, 0.2688042760264916, 0.3944296304270827, 0.36109928187687274, 0.38066994079283234, 0.35472526685938816, 0.3107899646871115, 0.40958459644801354, 0.2873146743757604, 0.24120266228375906, 0.421964904919738, 0.3920880791195034, 0.3669631468365674, 0.35477974583456373, 0.39177039095156546, 0.3695628238053594, 0.3825592741432462, 0.36473401092283814, 0.37378970452782345, 0.37909572703331035, 0.396583521638357, 0.40889791196926384], "auc": [0.9213815789473685, 0.92336, 0.8409215169740047, 0.8191632928475034, 0.938089564094926, 0.8330724070450097, 0.8623873873873873, 0.8979427836708453, 0.8647708118101245, 0.9216447368421051, 0.8938792688792689, 0.8648594975672724, 0.836998980978261, 0.8214571428571429, 0.8174531155474893, 0.8736061720209752, 0.8652055234425177, 0.8512107701722178, 0.8516122016203578, 0.9010526315789474, 0.8521331248603977, 0.8587722798616653, 0.8330192235205427, 0.8690859549170176, 0.8611151497528351, 0.8778741047870335, 0.8501601213551324, 0.8471460430353807, 0.9033133865248227, 0.7987383477981357, 0.8467220683287165, 0.9050144648023143, 0.8430503053213143, 0.8613229442970821, 0.8273883964982872, 0.8544791666666667, 0.8772933244916004, 0.8825239895318406, 0.8721401968608672, 0.8116361298617807, 0.8790542140151516, 0.8505902035505158, 0.8428825841316631, 0.8895168439716312, 0.8735458983786392, 0.8812316715542522, 0.8984375, 0.8213965744400528, 0.925690119899619, 0.868184483095564, 0.8509377726083164, 0.8067805039787799, 0.8240436034553683, 0.8871863430686959, 0.8132740275597419, 0.8199935711989713, 0.8728514165364495, 0.8997713604055868, 0.8958207299858842, 0.8466979376070285, 0.8899525978250766, 0.8807798190909601, 0.8245487711213518, 0.8789473684210526, 0.8743873517786562, 0.8785310734463276, 0.9090909090909091, 0.8380994935954722, 0.8638998682476943, 0.8168627450980392, 0.860135012958833, 0.906563399860987, 0.8628408628408628, 0.891545988258317, 0.8834219858156028, 0.7996521917037492, 0.835357624831309, 0.8445137367267823, 0.8378864970645792, 0.8688905641412238, 0.8383336142479915, 0.8868885869565217, 0.8386297760210805, 0.835242566510172, 0.9003767730496454, 0.8372794117647059, 0.8639741236122039, 0.7947180256025834, 0.8561306063122924, 0.9045386746217771, 0.8096235700984304, 0.8838522588522589, 0.8674019607843136, 0.9073581213307241, 0.8539716638535112, 0.8922384510869565, 0.8380807910556773, 0.8561335902376365, 0.8749929771335468, 0.8878319713993871], "log_prob": [-66.92098236083984, -71.08080291748047, -118.48104095458984, -107.63130187988281, -66.37919616699219, -116.82676696777344, -81.1121826171875, -79.99230194091797, -103.48001861572266, -65.5069580078125, -77.043212890625, -81.07848358154297, -99.46194458007812, -129.33804321289062, -140.7531280517578, -91.97798156738281, -107.86978149414062, -84.72162628173828, -105.10515594482422, -65.0951156616211, -103.50776672363281, -97.14378356933594, -92.95748901367188, -83.98812866210938, -89.76933288574219, -72.90838623046875, -115.88591766357422, -105.43529510498047, -70.4765625, -99.24876403808594, -90.93870544433594, -81.0112533569336, -93.711181640625, -118.1192398071289, -114.25587463378906, -113.81826782226562, -98.78759765625, -89.99571228027344, -92.6401138305664, -108.77278137207031, -98.8213119506836, -85.63345336914062, -110.06898498535156, -74.81602478027344, -93.60928344726562, -105.70222473144531, -85.97098541259766, -123.65394592285156, -69.78346252441406, -105.79861450195312, -91.66390228271484, -112.0882339477539, -97.5653305053711, -81.11717987060547, -114.6385726928711, -95.52498626708984, -89.78117370605469, -104.70805358886719, -101.50767517089844, -96.59388732910156, -78.49473571777344, -99.8802719116211, -87.4019546508789, -81.05357360839844, -104.73094177246094, -98.63623046875, -86.04898834228516, -92.08383178710938, -108.15560150146484, -124.36359405517578, -108.05870056152344, -78.15382385253906, -100.43997192382812, -78.53074645996094, -75.41281127929688, -157.56765747070312, -106.68449401855469, -113.5818862915039, -100.24747467041016, -77.36444091796875, -118.69917297363281, -81.4192886352539, -127.30206298828125, -114.1426773071289, -73.73380279541016, -119.32929229736328, -86.69769287109375, -100.18500518798828, -111.69002532958984, -84.5982437133789, -115.78435516357422, -84.92466735839844, -113.98695373535156, -78.31002807617188, -116.93934631347656, -78.4183349609375, -114.59437561035156, -110.48884582519531, -111.45177459716797, -89.13044738769531]}