{"e_shd": [101.88200378417969, 101.89399719238281, 102.3740005493164, 101.9000015258789, 101.30999755859375, 101.83999633789062, 102.08399963378906, 101.91999816894531, 102.0199966430664, 101.83399963378906, 102.09600067138672, 101.87000274658203, 101.87999725341797, 102.08200073242188, 102.2300033569336, 102.1240005493164, 102.2979965209961, 102.12799835205078, 102.12200164794922, 101.94200134277344, 102.60800170898438, 101.88400268554688, 101.62200164794922, 101.93599700927734, 102.21199798583984], "e_f1": [0.15100038859175316, 0.15104466819661877, 0.14733054146717084, 0.15074078486963616, 0.15562641485646525, 0.15113943157726858, 0.14932282054110552, 0.15058044518704417, 0.14983345344883578, 0.15141047992495318, 0.14936573463413436, 0.15162907502303663, 0.1512201636921579, 0.14986476823706923, 0.1486422435667983, 0.14894867154798191, 0.1476423802711742, 0.1490086754164877, 0.14911106321686846, 0.1506693656612638, 0.14531916698758857, 0.1510328945114932, 0.15295543226312805, 0.15145109903739856, 0.14857568705739346], "auc": [0.5169607843137255, 0.5092156862745099, 0.43625, 0.5158578431372549, 0.5904656862745098, 0.5207107843137254, 0.47220588235294114, 0.5062990196078432, 0.48274509803921567, 0.5088725490196079, 0.47965686274509806, 0.5223039215686275, 0.5158088235294118, 0.49730392156862746, 0.4574264705882353, 0.48840686274509804, 0.43318627450980396, 0.4721078431372549, 0.4824264705882353, 0.495343137254902, 0.3863725490196078, 0.5093627450980392, 0.5526960784313726, 0.5251960784313725, 0.4528921568627451], "log_prob": [-169.07693481445312, -168.93826293945312, -170.80496215820312, -169.157470703125, -166.953857421875, -169.06756591796875, -169.92279052734375, -169.2659454345703, -169.61524963378906, -168.91357421875, -169.9009552001953, -168.79974365234375, -168.91213989257812, -169.5579833984375, -170.10195922851562, -170.03695678710938, -170.63438415527344, -169.90878295898438, -170.01112365722656, -169.16737365722656, -171.75201416015625, -169.15447998046875, -168.13282775878906, -169.07452392578125, -170.29547119140625]}