{"e_shd": [74.02999877929688, 74.05999755859375, 74.3219985961914, 74.16400146484375, 73.9800033569336, 74.14399719238281, 73.97599792480469, 74.04199981689453, 74.06199645996094, 73.83999633789062, 73.87000274658203, 74.0739974975586, 74.12799835205078, 73.93399810791016, 73.802001953125, 73.70999908447266, 74.19400024414062, 74.2040023803711, 74.12000274658203, 73.88800048828125, 74.24400329589844, 73.78199768066406, 73.71600341796875, 73.83000183105469, 73.84600067138672], "e_f1": [0.07525675744044492, 0.07403774822229159, 0.07147725693566906, 0.07243665026198325, 0.07606485163981988, 0.07367952356436999, 0.07528557806410886, 0.07510751577735908, 0.07350237295184493, 0.07724603272658091, 0.07757022331894993, 0.07361247262306694, 0.07383415612770189, 0.07644722798989124, 0.0763481567727966, 0.07793442258859005, 0.07244464305636056, 0.07317856266251356, 0.073722777222827, 0.0756741995093271, 0.071394320289334, 0.07778828245727837, 0.07885662192341462, 0.07788873179117572, 0.07641850850484556], "auc": [0.47342105263157896, 0.47875, 0.3639473684210527, 0.3971710526315789, 0.5438157894736841, 0.44473684210526315, 0.4866447368421053, 0.5120394736842105, 0.4097368421052631, 0.5652631578947368, 0.585328947368421, 0.4210526315789474, 0.4430263157894737, 0.5238157894736841, 0.5575657894736843, 0.6009868421052631, 0.40197368421052626, 0.4261842105263158, 0.47414473684210523, 0.5180921052631579, 0.36861842105263165, 0.6130921052631579, 0.6151973684210527, 0.5973026315789474, 0.5390131578947369], "log_prob": [-99.91128540039062, -100.25874328613281, -101.01751708984375, -100.69894409179688, -99.59873962402344, -100.32601928710938, -99.8746337890625, -99.91813659667969, -100.27745056152344, -99.20411682128906, -99.17532348632812, -100.36032104492188, -100.2679672241211, -99.55389404296875, -99.38475036621094, -99.0202865600586, -100.7245101928711, -100.58025360107422, -100.4015884399414, -99.66700744628906, -101.01788330078125, -98.98687744140625, -98.76161193847656, -99.017578125, -99.4266128540039]}