{"e_shd": [87.83200073242188, 88.16000366210938, 87.8759994506836, 87.93800354003906, 87.86799621582031, 88.03800201416016, 88.22599792480469, 87.64199829101562, 87.90799713134766, 87.44400024414062, 87.68800354003906, 87.88800048828125, 87.91799926757812, 87.78800201416016, 88.02200317382812, 88.26000213623047, 88.13400268554688, 87.56800079345703, 88.08200073242188, 87.93399810791016, 88.06400299072266, 87.74400329589844, 88.23799896240234, 88.18800354003906, 88.19200134277344], "e_f1": [0.12200611212411007, 0.11816487515440019, 0.12182311344648665, 0.12068859119265121, 0.12152999563008886, 0.11957150930598633, 0.11812165846072885, 0.12367197082776585, 0.12135858318525056, 0.12516132974957006, 0.12380042995690713, 0.12080366146822763, 0.12119847844999716, 0.12260306372864883, 0.12008112079766001, 0.11768670743569087, 0.11852155490858052, 0.12407693156285832, 0.11920673258620278, 0.12063094099263219, 0.11923716836079777, 0.12202764594364217, 0.11814051517326948, 0.11746741536483145, 0.11777092943842209], "auc": [0.544236111111111, 0.4484375, 0.5503472222222222, 0.5019791666666666, 0.5160416666666666, 0.49774305555555554, 0.4569097222222222, 0.5825694444444445, 0.5296180555555555, 0.5987152777777778, 0.600798611111111, 0.5224305555555555, 0.5125694444444444, 0.5644791666666668, 0.5094791666666667, 0.4444444444444444, 0.44934027777777774, 0.6045833333333333, 0.4709375, 0.5080902777777777, 0.49135416666666665, 0.5447222222222222, 0.44999999999999996, 0.4229513888888889, 0.4440972222222222], "log_prob": [-134.0365753173828, -135.37135314941406, -134.08209228515625, -134.52365112304688, -134.14718627929688, -134.94940185546875, -135.45761108398438, -133.31265258789062, -134.33847045898438, -132.79354858398438, -133.24942016601562, -134.29974365234375, -134.2136688232422, -133.73593139648438, -134.73263549804688, -135.6588897705078, -135.26458740234375, -132.98101806640625, -135.02999877929688, -134.49169921875, -135.05355834960938, -133.81983947753906, -135.47137451171875, -135.65066528320312, -135.5443878173828]}