{"e_shd": [45.84000015258789, 50.71200180053711, 46.40599822998047, 49.32400131225586, 53.69599914550781, 52.810001373291016, 48.63600158691406, 44.92599868774414, 51.20800018310547, 44.61399841308594, 50.95199966430664, 54.099998474121094, 47.694000244140625, 49.167999267578125, 51.9739990234375, 46.0260009765625, 45.125999450683594, 46.18600082397461, 48.77399826049805, 46.667999267578125, 47.85200119018555, 44.45199966430664, 47.444000244140625, 47.80799865722656, 47.14799880981445, 44.7760009765625, 44.4640007019043, 48.141998291015625, 47.56999969482422, 48.209999084472656, 46.13999938964844, 52.37799835205078, 43.279998779296875, 49.86800003051758, 46.08000183105469, 49.62200164794922, 44.555999755859375, 54.20199966430664, 47.66999816894531, 44.52799987792969, 49.34000015258789, 46.805999755859375, 45.22200012207031, 46.720001220703125, 47.86600112915039, 48.97200012207031, 46.810001373291016, 46.566001892089844, 48.779998779296875, 44.375999450683594, 40.72600173950195, 53.52399826049805, 47.470001220703125, 49.36000061035156, 46.45399856567383, 47.77399826049805, 52.38600158691406, 46.7599983215332, 43.75400161743164, 48.948001861572266, 45.22800064086914, 46.21200180053711, 45.99800109863281, 45.8380012512207, 47.4900016784668, 43.98400115966797, 47.38999938964844, 44.9119987487793, 44.6879997253418, 48.38600158691406, 44.54199981689453, 43.88199996948242, 50.301998138427734, 50.11800003051758, 44.992000579833984, 39.35200119018555, 42.20800018310547, 46.35599899291992, 49.36800003051758, 49.53200149536133, 46.7400016784668, 47.39799880981445, 48.70399856567383, 51.321998596191406, 48.72600173950195, 44.104000091552734, 46.981998443603516, 46.35200119018555, 45.4379997253418, 46.95000076293945, 44.75199890136719, 47.810001373291016, 47.94599914550781, 41.63600158691406, 48.428001403808594, 51.88999938964844, 46.72800064086914, 50.375999450683594, 48.09400177001953, 47.58399963378906], "e_f1": [0.40675701138546344, 0.3531924053104142, 0.3909375392494113, 0.34945762626902716, 0.3322600531737471, 0.32297105864892295, 0.373294346308924, 0.43998249693742053, 0.3399249503051096, 0.4199040803204783, 0.3460812757347933, 0.32732134080989034, 0.36313365198773134, 0.37207573123300725, 0.32627698363728713, 0.4126546557280624, 0.42753433822826126, 0.41638044550775705, 0.37316619598880685, 0.4272405943550168, 0.3881859516433555, 0.4281457679761734, 0.39321544672700204, 0.3763274309524442, 0.38935289502807413, 0.4209916918398957, 0.41569810902880044, 0.36429222383359744, 0.38334023214758006, 0.38938987872966796, 0.40664947391582507, 0.3271082854589547, 0.4339139970597473, 0.3775045777780234, 0.4012056653818347, 0.35212298097109956, 0.42228698231580414, 0.30848310600095447, 0.3864464481431517, 0.4186542465033518, 0.35695245430594286, 0.4025969554522994, 0.4066717170839348, 0.3830693521798904, 0.3867498487749326, 0.3806152666099251, 0.41118229426151176, 0.3966911301130143, 0.3594432322629375, 0.4271936730654568, 0.4709408583443888, 0.28767133963001684, 0.3789227994307197, 0.37996608832309203, 0.41339422199021875, 0.35834753245476725, 0.3185306490948735, 0.39364583448817636, 0.4370928545915728, 0.3453382465932405, 0.43531240674089394, 0.4063232847503807, 0.41508840723246804, 0.4092620163457121, 0.3890791653364755, 0.4367254840212488, 0.38072797555043847, 0.4111236296592939, 0.4244768067308436, 0.3706731166986272, 0.4284916627013026, 0.44103916089911965, 0.3497378807182376, 0.3629004836688751, 0.440078458655088, 0.4900083309099117, 0.4757571390392659, 0.3996084279254416, 0.3883620789130032, 0.37033477059785347, 0.3904182118915615, 0.39607169745274534, 0.3579486749689186, 0.3424705685608533, 0.3836892407890955, 0.4234946982719145, 0.3974982532332223, 0.40169855241098346, 0.4144408810886114, 0.39505074555606917, 0.4318803119498284, 0.39520694660032263, 0.37440175658705366, 0.46539351203205614, 0.3646487099134735, 0.34007693585100096, 0.39120226918060075, 0.34236714187469736, 0.4078830524374686, 0.3917223604544165], "auc": [0.8598958333333333, 0.8504513888888889, 0.8664930555555556, 0.8206944444444444, 0.8357986111111111, 0.8286458333333333, 0.8394097222222222, 0.8936111111111111, 0.8096527777777778, 0.8740625, 0.8259375, 0.8205208333333334, 0.8405555555555555, 0.8627777777777778, 0.8323611111111111, 0.8618402777777777, 0.8744791666666666, 0.8953472222222223, 0.8561458333333333, 0.892361111111111, 0.8821527777777778, 0.8792708333333333, 0.855, 0.8407291666666665, 0.849548611111111, 0.8782291666666666, 0.8945138888888889, 0.8752430555555556, 0.8434375, 0.8938541666666667, 0.8539583333333334, 0.8382638888888888, 0.8664583333333333, 0.856111111111111, 0.8397222222222223, 0.8346180555555556, 0.8830208333333334, 0.8143055555555556, 0.871875, 0.8910069444444444, 0.8683680555555556, 0.8635416666666667, 0.803923611111111, 0.8644791666666667, 0.8471527777777776, 0.8598958333333333, 0.8097569444444445, 0.8516319444444442, 0.8553819444444444, 0.8488888888888889, 0.8810069444444444, 0.81875, 0.7981944444444444, 0.8589930555555556, 0.8703819444444444, 0.8195833333333333, 0.8087500000000001, 0.867013888888889, 0.8683333333333333, 0.8142013888888888, 0.832673611111111, 0.8962847222222222, 0.8776041666666666, 0.9265277777777777, 0.870798611111111, 0.8568055555555555, 0.8735763888888889, 0.8941319444444444, 0.8918055555555556, 0.8145833333333333, 0.8645833333333335, 0.8819444444444444, 0.8162847222222223, 0.8799652777777778, 0.9062152777777778, 0.9054166666666668, 0.8935069444444445, 0.8531944444444446, 0.9079513888888889, 0.8345833333333332, 0.8707291666666667, 0.8483680555555556, 0.7797916666666667, 0.8182638888888889, 0.8601736111111111, 0.8519444444444444, 0.8679861111111111, 0.883888888888889, 0.9004861111111111, 0.8788541666666667, 0.8850347222222222, 0.856076388888889, 0.8626388888888888, 0.9478472222222223, 0.8357291666666666, 0.8494791666666667, 0.8849305555555556, 0.8138888888888889, 0.8770486111111111, 0.8588888888888889], "log_prob": [-96.05242156982422, -92.21792602539062, -85.5750732421875, -97.12226104736328, -97.02964782714844, -96.95892333984375, -96.83490753173828, -79.77934265136719, -125.15084075927734, -92.54945373535156, -107.59065246582031, -100.28853607177734, -90.66020202636719, -87.70034790039062, -97.81939697265625, -85.58077239990234, -80.903564453125, -78.45278930664062, -88.22784423828125, -80.85832214355469, -83.23678588867188, -81.55587768554688, -85.09115600585938, -125.73957061767578, -99.97578430175781, -83.14752197265625, -80.29545593261719, -97.55859375, -92.88685607910156, -82.8207778930664, -99.83741760253906, -92.06219482421875, -83.04087829589844, -91.39202880859375, -102.99429321289062, -102.18092346191406, -79.76112365722656, -98.93716430664062, -85.16203308105469, -79.75688934326172, -87.43537139892578, -84.93943786621094, -150.45928955078125, -107.75965118408203, -98.55491638183594, -87.37324523925781, -129.7151336669922, -119.90718841552734, -91.70352172851562, -98.80632781982422, -89.62548065185547, -110.44169616699219, -120.49117279052734, -88.74569702148438, -85.85823822021484, -110.06381225585938, -121.24040222167969, -97.95209503173828, -96.1410140991211, -117.82660675048828, -100.2354965209961, -79.99447631835938, -83.71977233886719, -74.23342895507812, -85.23080444335938, -84.33293151855469, -85.64064025878906, -80.03248596191406, -77.59843444824219, -105.39557647705078, -83.95362854003906, -89.94424438476562, -108.51480102539062, -87.24359130859375, -74.33212280273438, -73.66415405273438, -74.56334686279297, -97.01232147216797, -78.49533081054688, -126.41038513183594, -86.36090087890625, -99.8840103149414, -117.9657974243164, -94.45611572265625, -97.7457504272461, -91.30679321289062, -85.72004699707031, -92.71278381347656, -78.23129272460938, -82.45263671875, -77.94331359863281, -87.51737976074219, -87.46483612060547, -64.89932250976562, -91.16998291015625, -93.21524810791016, -83.3506088256836, -108.26792907714844, -93.97891998291016, -87.44532775878906]}