{"e_shd": [61.02199935913086, 56.869998931884766, 60.34400177001953, 60.21200180053711, 58.44599914550781, 59.34600067138672, 55.986000061035156, 57.262001037597656, 67.72599792480469, 58.652000427246094, 62.2599983215332, 60.86199951171875, 62.70800018310547, 60.555999755859375, 61.04999923706055, 65.43599700927734, 61.65999984741211, 57.880001068115234, 64.64600372314453, 62.15999984741211, 60.948001861572266, 56.400001525878906, 59.040000915527344, 58.16999816894531, 60.518001556396484, 59.63600158691406, 63.71200180053711, 57.14400100708008, 61.80799865722656, 58.95399856567383, 56.11600112915039, 57.816001892089844, 65.14199829101562, 61.895999908447266, 64.73200225830078, 61.555999755859375, 65.41799926757812, 63.347999572753906, 62.59400177001953, 63.33599853515625, 63.231998443603516, 62.74599838256836, 57.19200134277344, 57.25600051879883, 63.332000732421875, 58.43000030517578, 57.4739990234375, 68.37200164794922, 62.316001892089844, 62.79600143432617, 60.15399932861328, 62.29600143432617, 61.90800094604492, 61.15399932861328, 62.125999450683594, 60.27799987792969, 59.62200164794922, 62.4900016784668, 60.16400146484375, 52.55400085449219, 55.61800003051758, 62.880001068115234, 64.8740005493164, 56.25600051879883, 60.55400085449219, 59.50400161743164, 61.24399948120117, 60.08000183105469, 58.59400177001953, 57.89400100708008, 62.17399978637695, 58.74800109863281, 62.571998596191406, 61.2140007019043, 62.33599853515625, 57.82600021362305, 59.43199920654297, 62.04999923706055, 58.61000061035156, 62.65999984741211, 62.14799880981445, 56.534000396728516, 58.448001861572266, 56.75600051879883, 59.4379997253418, 62.731998443603516, 64.68800354003906, 61.959999084472656, 59.82600021362305, 62.327999114990234, 58.198001861572266, 61.18600082397461, 59.683998107910156, 60.145999908447266, 60.79600143432617, 59.23400115966797, 59.24800109863281, 59.45199966430664, 65.6500015258789, 58.89400100708008], "e_f1": [0.37585984524784294, 0.4431560014191231, 0.37233352951107007, 0.3893889328837986, 0.3972686579288387, 0.3933954938444397, 0.4407975148295983, 0.4144125352132224, 0.3116283298528981, 0.40486215785136836, 0.3598335026279451, 0.3816034682748402, 0.3499183747160616, 0.37959908101983464, 0.3771019246169793, 0.3352272051183529, 0.36648207277476685, 0.4107643831964524, 0.34779818288126546, 0.35973742328398706, 0.38778422271293106, 0.4175962573084497, 0.39598335822582614, 0.4152819426745849, 0.3811838857741448, 0.39586056282932625, 0.3481221761000332, 0.4068422247201764, 0.37236606199833355, 0.39496931523860074, 0.43224308451698834, 0.4039452985377877, 0.3439947038821638, 0.36267766295719683, 0.3444014131819849, 0.38707707276170755, 0.34406313777193065, 0.3615561715832981, 0.36449909015101994, 0.3551595668907205, 0.3481895949511471, 0.36329280641830036, 0.41367769918593295, 0.42182449993325233, 0.352929112216323, 0.4195289042084232, 0.41897734760476607, 0.31632044007659416, 0.36917664188019816, 0.35732892698480156, 0.3758259134365847, 0.36730864592935064, 0.3751504498509131, 0.3814703581579814, 0.3707740791728491, 0.39973041916652596, 0.4153851344905486, 0.37962414875665534, 0.3887260697669886, 0.47906391492785655, 0.43300833451288906, 0.3524417358626561, 0.3517271326034104, 0.43101723074929543, 0.4012409776805911, 0.40168819623097946, 0.3617751045467128, 0.38711587334728687, 0.4022619603382166, 0.40724765704983396, 0.350609167913761, 0.4092086983568536, 0.3603695668245773, 0.3872110424242073, 0.3625577183606778, 0.4060376231940288, 0.40833003310169586, 0.35845691683320413, 0.39963595041129646, 0.35472132892750396, 0.35304160952453023, 0.4215066372220043, 0.3961812764970099, 0.419952406795813, 0.4015200293888008, 0.3619142827319047, 0.3474301904115841, 0.36127829015777924, 0.3877908306800283, 0.37068515424160703, 0.4183964391891935, 0.35175181011806056, 0.3985365659607417, 0.3812270394391398, 0.38769639337188794, 0.396492062942826, 0.4077207523468353, 0.3965695108619778, 0.3244245350086919, 0.40820333529044545], "auc": [0.8265196078431372, 0.8905392156862745, 0.828578431372549, 0.8299019607843138, 0.8741911764705882, 0.8706372549019608, 0.8315441176470588, 0.8722058823529413, 0.807720588235294, 0.8416176470588236, 0.8022303921568628, 0.8102450980392157, 0.8418382352941177, 0.7763235294117647, 0.8328921568627451, 0.7882352941176471, 0.8397794117647059, 0.8688970588235294, 0.8168872549019608, 0.731985294117647, 0.8321078431372548, 0.8461274509803921, 0.8332598039215686, 0.8597303921568628, 0.8883088235294118, 0.8351960784313726, 0.8170833333333334, 0.8804656862745097, 0.834264705882353, 0.8513970588235295, 0.8718872549019608, 0.7938970588235295, 0.8214460784313725, 0.8048039215686273, 0.7856862745098039, 0.8564460784313725, 0.7828186274509804, 0.8423529411764706, 0.822377450980392, 0.8261029411764705, 0.7805882352941176, 0.8229901960784313, 0.881985294117647, 0.8735049019607843, 0.8118137254901961, 0.8533578431372548, 0.8331617647058824, 0.7665441176470589, 0.8127696078431373, 0.8187009803921569, 0.8431862745098039, 0.807671568627451, 0.813014705882353, 0.8316421568627452, 0.8284068627450981, 0.8666911764705882, 0.8333333333333333, 0.8572794117647059, 0.8574264705882353, 0.8773529411764706, 0.8646078431372549, 0.8491911764705883, 0.8149509803921569, 0.8482843137254902, 0.8600980392156863, 0.8484803921568628, 0.7415196078431373, 0.8118872549019608, 0.8627450980392156, 0.8208823529411764, 0.8421323529411764, 0.8720833333333333, 0.8411274509803922, 0.8231127450980393, 0.8056372549019608, 0.8307843137254902, 0.8735049019607843, 0.8534313725490196, 0.863014705882353, 0.8186764705882352, 0.8094852941176471, 0.8750735294117646, 0.856078431372549, 0.8518627450980392, 0.839828431372549, 0.8028921568627451, 0.8307107843137255, 0.8274999999999999, 0.822156862745098, 0.8554901960784314, 0.8648039215686274, 0.8041176470588235, 0.8448529411764706, 0.879093137254902, 0.8460294117647058, 0.8245098039215686, 0.8574509803921568, 0.8461274509803921, 0.8111764705882354, 0.8615196078431373],