{"e_shd": [33.237998962402344, 38.69599914550781, 61.332000732421875, 46.50199890136719, 39.108001708984375, 43.18199920654297, 42.84400177001953, 42.970001220703125, 54.529998779296875, 34.108001708984375, 39.40599822998047, 40.125999450683594, 42.20000076293945, 54.44599914550781, 61.74399948120117, 52.194000244140625, 52.72600173950195, 44.2140007019043, 57.13800048828125, 30.79199981689453, 46.09600067138672, 45.902000427246094, 36.055999755859375, 43.762001037597656, 46.301998138427734, 41.23400115966797, 48.69200134277344, 55.470001220703125, 41.25, 46.61800003051758, 44.90999984741211, 38.91600036621094, 46.29199981689453, 58.689998626708984, 56.22200012207031, 51.92399978637695, 52.375999450683594, 45.47200012207031, 49.59600067138672, 48.24599838256836, 51.33599853515625, 45.4739990234375, 48.77399826049805, 40.17399978637695, 50.74399948120117, 58.21200180053711, 43.108001708984375, 54.88999938964844, 37.36199951171875, 45.847999572753906, 48.428001403808594, 55.88800048828125, 42.7140007019043, 41.30799865722656, 58.928001403808594, 45.12799835205078, 46.24800109863281, 60.63199996948242, 54.327999114990234, 47.72999954223633, 39.00400161743164, 54.38999938964844, 41.61000061035156, 39.70000076293945, 54.56399917602539, 53.22200012207031, 35.15599822998047, 46.13800048828125, 59.54800033569336, 59.5099983215332, 54.81399917602539, 40.93199920654297, 51.869998931884766, 42.80799865722656, 39.44200134277344, 60.08399963378906, 46.70199966430664, 59.24599838256836, 41.18600082397461, 39.29800033569336, 53.145999908447266, 44.6879997253418, 62.02799987792969, 53.30799865722656, 40.58399963378906, 60.96799850463867, 45.375999450683594, 40.61800003051758, 59.72200012207031, 48.27799987792969, 53.694000244140625, 47.279998779296875, 61.5359992980957, 46.959999084472656, 56.22800064086914, 44.98400115966797, 55.33599853515625, 55.529998779296875, 53.41600036621094, 49.0099983215332], "e_f1": [0.4025176536459385, 0.3825320788793916, 0.3628863376517333, 0.41187658934804416, 0.3749774879611226, 0.39825767402583506, 0.363470752881296, 0.38640063312955897, 0.41896600813708923, 0.38374115504064155, 0.33633530841644743, 0.3539096598707464, 0.3909142388598738, 0.3749905577868873, 0.37517420271302926, 0.3803868595386623, 0.4221119382229523, 0.3601306420577291, 0.36552292786229496, 0.446622101698396, 0.3816489381331665, 0.4124851360526054, 0.3628222576189874, 0.38613411359061045, 0.3871864972813815, 0.3157356686283532, 0.4449565335393166, 0.3386519061097667, 0.3375142477125181, 0.3524084906566525, 0.42115750657642526, 0.45483515639912525, 0.39475795313801687, 0.348839904130038, 0.38809362018037213, 0.34301988606881084, 0.40108631043196746, 0.40504367651297, 0.3773263752058656, 0.32817934647062713, 0.39276872220679104, 0.3074025639346572, 0.43177883480383644, 0.3449616333894811, 0.3998317958631692, 0.40703441669632195, 0.4377953737974723, 0.4209136405347752, 0.41979648986312773, 0.4402533220121075, 0.36923272852473554, 0.3704434660414687, 0.33705041180249806, 0.3511856815234062, 0.3097780899315233, 0.38536141298170073, 0.4176635141294227, 0.3762828038660292, 0.44450073050018146, 0.35755827910220456, 0.40601810070849026, 0.39379556228876933, 0.3552261160186646, 0.331011261708509, 0.41021830224561096, 0.3712207827421025, 0.3927482425629622, 0.30319178449225476, 0.37496412124426626, 0.4038235610394261, 0.3603519739972335, 0.35190871893078357, 0.39631865136092065, 0.4138752993491741, 0.3570834652803045, 0.3730206380658702, 0.38816189773219467, 0.3404648809272222, 0.4131438245919897, 0.2882129292571572, 0.3997640941053823, 0.3626710827246459, 0.3425754028551378, 0.34684534448917737, 0.33232715881904096, 0.38666539049750226, 0.34586371728899984, 0.2975900582179559, 0.3719589733624577, 0.37538990964095115, 0.32594497469008266, 0.35681256387726595, 0.37637755624303976, 0.357494606278172, 0.40655091974303753, 0.341901449209494, 0.3784312663028752, 0.3963800304917418, 0.3886592494794479, 0.3980660377901806], "auc": [0.9370394736842105, 0.87808, 0.8163924648342362, 0.830456708573052, 0.9054215072981828, 0.8102152641878668, 0.8502252252252251, 0.8574011571841851, 0.830215866456419, 0.8980263157894736, 0.9077681577681577, 0.8465892165624069, 0.86328125, 0.8184285714285715, 0.8267795926598105, 0.8546802483274064, 0.8589702419182188, 0.7990208934347408, 0.85661464846936, 0.9201973684210526, 0.8529893529893531, 0.8600359138068635, 0.8911295388867948, 0.8098010073486912, 0.8600974120383832, 0.8812036688026135, 0.836142479914602, 0.7928093544692906, 0.8428080673758866, 0.8301591128254581, 0.8676042332552028, 0.9149389263902282, 0.8605699331200931, 0.7808355437665783, 0.8174378772225546, 0.8303819444444445, 0.8694186560565871, 0.9098938644954928, 0.8201981910082469, 0.8022340083574414, 0.896395596590909, 0.8496142764197416, 0.8449091132399902, 0.8726728723404256, 0.8318064010608162, 0.8423380883741737, 0.8765624999999999, 0.8016073781291173, 0.8995724509712798, 0.8583154191909321, 0.834072404768828, 0.8192418213969938, 0.8326306046894283, 0.9033319621554916, 0.7707424850281994, 0.8248955319832852, 0.8469665058767579, 0.8769571052239177, 0.888611615245009, 0.83184424093515, 0.8649038014685381, 0.871032080453958, 0.8472542242703534, 0.9122368421052632, 0.8935177865612649, 0.876105379513633, 0.8665824915824917, 0.8079138119352597, 0.8658761528326746, 0.8325245098039216, 0.8627870532216262, 0.8676894052229172, 0.8852840281411709, 0.886027397260274, 0.8608710106382979, 0.8201882256662063, 0.8580154840542653, 0.8163941794482835, 0.8377299412915851, 0.7943837165473049, 0.8437271756840272, 0.877547554347826, 0.7812384716732542, 0.8062284820031298, 0.8500664893617021, 0.8402941176470589, 0.8625316898330274, 0.7981201706838889, 0.8224408222591363, 0.8800340933304921, 0.7759710029263102, 0.8928952991452991, 0.7900735294117647, 0.8424657534246576, 0.8598537159224591, 0.8714758831521738, 0.8351873700769705, 0.8648576321986726, 0.8681105680094388, 0.8623914708886619], "log_prob": [-45.11879348754883, -60.73723602294922, -167.46615600585938, -99.32916259765625, -58.60819625854492, -98.73634338378906, -72.5976333618164, -89.03976440429688, -126.37199401855469, -50.868263244628906, -56.627071380615234, -69.78718566894531, -82.58041381835938, -141.02047729492188, -142.19363403320312, -99.10459899902344, -140.92344665527344, -83.51325988769531, -115.01634216308594, -45.65196228027344, -85.4178466796875, -88.72407531738281, -52.92203903198242, -83.34840393066406, -83.55929565429688, -60.87335968017578, -122.235107421875, -125.37895965576172, -75.84171295166016, -104.48802185058594, -81.56498718261719, -63.58924102783203, -85.11418151855469, -138.74417114257812, -140.61221313476562, -127.66960144042969, -107.55123901367188, -75.5791015625, -99.70272064208984, -102.6622314453125, -104.19136047363281, -76.46075439453125, -93.07843017578125, -62.00931167602539, -127.07469177246094, -145.8277587890625, -82.26025390625, -137.360107421875, -59.74427032470703, -100.77095031738281, -90.62417602539062, -117.8301773071289, -93.41421508789062, -61.724937438964844, -137.73291015625, -86.92373657226562, -102.05386352539062, -117.10273742675781, -116.88532257080078, -96.72932434082031, -76.3289794921875, -113.04013061523438, -82.14753723144531, -55.813255310058594, -116.969970703125, -98.39443969726562, -77.64260864257812, -101.38108825683594, -113.63714599609375, -128.81187438964844, -99.8436508178711, -77.44012451171875, -98.05767822265625, -72.63272094726562, -62.33129119873047, -160.34759521484375, -84.99073791503906, -117.927978515625, -91.38917541503906, -76.84025573730469, -121.36967468261719, -74.87081909179688, -167.23252868652344, -120.68002319335938, -68.99221801757812, -139.61376953125, -74.51365661621094, -80.82902526855469, -125.5195541381836, -92.75277709960938, -133.536376953125, -77.16343688964844, -155.12103271484375, -81.12443542480469, -128.37884521484375, -74.88621520996094, -136.508056640625, -111.54600524902344, -104.987548828125, -91.50824737548828]}