{"e_shd": [39.933998107910156, 37.689998626708984, 39.17399978637695, 38.25, 39.948001861572266, 39.183998107910156, 38.6879997253418, 34.65599822998047, 34.53799819946289, 37.821998596191406, 32.43600082397461, 40.970001220703125, 37.00600051879883, 41.152000427246094, 35.987998962402344, 35.61000061035156, 30.944000244140625, 34.374000549316406, 32.4900016784668, 40.599998474121094, 39.9739990234375, 36.970001220703125, 32.59199905395508, 36.29600143432617, 37.13800048828125, 33.15599822998047, 40.060001373291016, 36.790000915527344, 38.21799850463867, 40.2400016784668, 38.077999114990234, 36.89400100708008, 35.69200134277344, 35.082000732421875, 40.827999114990234, 37.236000061035156, 38.422000885009766, 39.00199890136719, 33.215999603271484, 41.15399932861328, 41.75199890136719, 37.88600158691406, 39.5099983215332, 36.641998291015625, 40.215999603271484, 39.90399932861328, 36.145999908447266, 36.737998962402344, 34.20199966430664, 32.93199920654297, 36.96799850463867, 38.358001708984375, 37.1879997253418, 35.25199890136719, 35.428001403808594, 43.59000015258789, 38.88800048828125, 34.97600173950195, 35.30799865722656, 37.055999755859375, 35.391998291015625, 39.560001373291016, 38.82400131225586, 39.58599853515625, 40.89400100708008, 39.02799987792969, 37.874000549316406, 40.44599914550781, 38.56800079345703, 41.428001403808594, 38.400001525878906, 35.84000015258789, 37.00400161743164, 33.316001892089844, 38.56800079345703, 44.99599838256836, 37.231998443603516, 41.91600036621094, 36.72600173950195, 40.16400146484375, 36.948001861572266, 38.124000549316406, 38.95399856567383, 36.30799865722656, 40.40800094604492, 41.52199935913086, 39.33599853515625, 36.85599899291992, 33.358001708984375, 34.104000091552734, 38.97800064086914, 39.2599983215332, 37.02000045776367, 40.19599914550781, 33.92599868774414, 35.4119987487793, 35.13600158691406, 36.84400177001953, 35.43600082397461, 39.50400161743164], "e_f1": [0.294117464943563, 0.33152517058888953, 0.3155755618565355, 0.3232348539702596, 0.30938695421930207, 0.2941522094304205, 0.33202338839741596, 0.3773156317583696, 0.38759974039681955, 0.3459831855206587, 0.4007349359358531, 0.2986363346621429, 0.3494042952185188, 0.26801068616675516, 0.3821484295819196, 0.3702699511484894, 0.4412637909665332, 0.37655811677894, 0.4395148903345266, 0.28396177003775686, 0.2838633430323758, 0.35888549095569705, 0.40961313854071396, 0.3457321954631005, 0.31076006053201494, 0.4229737089260918, 0.3189932904229344, 0.3594492062330816, 0.3430153415462163, 0.28720858627405926, 0.3283146162775918, 0.3480961449389748, 0.3558883307022575, 0.35704722884901274, 0.287968956426315, 0.3181964319279709, 0.33038116287064345, 0.30797587332544346, 0.4112090061236131, 0.28574403511699753, 0.3034445755988679, 0.32721000539364403, 0.30148893817542044, 0.3664872849941413, 0.3119196948193473, 0.30088155505494957, 0.36910471460157107, 0.35180804787352277, 0.3899383193187532, 0.41209515215933734, 0.34158533247242984, 0.31021333141163654, 0.3392806063862621, 0.3603834603335695, 0.351710918500682, 0.2588059562712638, 0.31450999169124244, 0.3809412645580421, 0.3763372949181775, 0.3425119269536492, 0.38652907650757695, 0.3156431136060836, 0.3230436290637624, 0.30186515566480965, 0.3074756691864861, 0.2929768886387359, 0.350720026384025, 0.27615714959161014, 0.3276915758506724, 0.3127350853858115, 0.3240487108468559, 0.3612316704991323, 0.3599175478192586, 0.4108331429742235, 0.3189782631331143, 0.22206778046620843, 0.35633462875964167, 0.2980383697465759, 0.3588541466153483, 0.27224613488224864, 0.3646743045650991, 0.3485211374541347, 0.31500445124860516, 0.3561458728749385, 0.2900667268958593, 0.26974646632845906, 0.3122355622883661, 0.36088883537349764, 0.4094466089209202, 0.39407929618254295, 0.32083306836288694, 0.3167767902276047, 0.3750566409868643, 0.30373504655065303, 0.39541581684039795, 0.35847285517652994, 0.362561376111618, 0.32605746908401734, 0.3601028933575354, 0.30709536491418965], "auc": [0.7866447368421053, 0.8899999999999999, 0.9326315789473685, 0.8015789473684212, 0.8917763157894738, 0.854078947368421, 0.8630263157894738, 0.9145394736842105, 0.9394736842105263, 0.9066447368421052, 0.8659868421052631, 0.904342105263158, 0.8752631578947369, 0.8323684210526315, 0.9407894736842105, 0.8838157894736842, 0.9273026315789474, 0.8549999999999999, 0.9448684210526316, 0.8967105263157895, 0.8590131578947369, 0.895263157894737, 0.9096052631578947, 0.8234868421052631, 0.8017763157894736, 0.9363157894736842, 0.845986842105263, 0.9038815789473684, 0.8685526315789474, 0.8651315789473684, 0.8604605263157895, 0.88875, 0.8886184210526316, 0.8798684210526316, 0.8582236842105263, 0.8675, 0.8950657894736841, 0.88875, 0.9526315789473684, 0.8752631578947369, 0.8836184210526316, 0.9100657894736842, 0.8528947368421052, 0.8985526315789474, 0.8363157894736842, 0.8167105263157894, 0.9404605263157894, 0.9274342105263158, 0.9218421052631579, 0.9191447368421053, 0.9125, 0.8725657894736841, 0.888421052631579, 0.9140789473684211, 0.8701973684210527, 0.8533552631578948, 0.8344736842105263, 0.9392763157894737, 0.9019736842105263, 0.8557894736842105, 0.9122368421052632, 0.8826315789473684, 0.8650657894736843, 0.8657236842105264, 0.8690789473684211, 0.8870394736842105, 0.9078289473684211, 0.8432894736842105, 0.9230263157894738, 0.9132894736842107, 0.8873026315789474, 0.9208552631578947, 0.8480263157894736, 0.9267763157894737, 0.9030263157894737, 0.8567105263157895, 0.9227631578947368, 0.7744736842105264, 0.9013157894736842, 0.8534868421052632, 0.9132894736842105, 0.8858552631578948, 0.9111184210526316, 0.8713157894736843, 0.804407894736842, 0.852171052631579, 0.9061184210526316, 0.8955263157894737, 0.9098684210526315, 0.9113157894736841, 0.8594078947368421, 0.9082236842105263, 0.9275, 0.8594078947368421, 0.9109210526315789, 0.8574342105263159, 0.9225657894736842, 0.8905263157894736, 0.9073684210526316, 0.8663157894736842], "log_prob": [-78.40542602539062, -58.33551788330078, -52.49015426635742, -83.23129272460938, -56.356266021728516, -60.24951934814453, -69.96084594726562, -49.66204833984375, -46.618247985839844, -53.649658203125, -61.99025344848633, -58.86648941040039, -67.00135040283203, -64.06604766845703, -47.81486129760742, -63.0545768737793, -44.041194915771484, -75.60316467285156, -43.71780776977539, -57.1903190612793, -59.154991149902344, -53.858848571777344, -47.61042785644531, -79.4745864868164, -83.74722290039062, -44.339149475097656, -72.46659851074219, -52.07596206665039, -57.801002502441406, -59.12933349609375, -57.20723342895508, -55.86909484863281, -51.93821716308594, -53.64791488647461, -59.84064483642578, -55.994659423828125, -54.94285202026367, -57.099159240722656, -44.45661544799805, -70.71551513671875, -59.87314224243164, -53.58924102783203, -69.64462280273438, -52.57201385498047, -72.55838012695312, -73.12545776367188, -48.79079055786133, -52.08098602294922, -49.14952850341797, -49.00735092163086, -52.36473083496094, -58.32102584838867, -53.19334030151367, -50.596923828125, -64.96940612792969, -62.72661590576172, -59.610618591308594, -46.731971740722656, -52.16978454589844, -57.204715728759766, -51.17832565307617, -69.36715698242188, -60.51833724975586, -59.75687789916992, -72.66047668457031, -57.440582275390625, -54.264976501464844, -64.49800872802734, -53.37757110595703, -57.14812088012695, -56.909393310546875, -51.02356719970703, -67.72916412353516, -46.184871673583984, -55.055084228515625, -64.68810272216797, -52.48057556152344, -91.01848602294922, -52.76560592651367, -61.530311584472656, -51.66374206542969, -53.89708709716797, -53.95950698852539, -67.78368377685547, -65.0100326538086, -63.748023986816406, -54.64350128173828, -54.79088592529297, -58.712100982666016, -59.70615005493164, -57.249820709228516, -54.38616943359375, -49.436065673828125, -60.08634948730469, -49.527435302734375, -57.36681365966797, -49.201988220214844, -52.713661193847656, -52.34593200683594, -58.26323318481445]}