{"e_shd": [35.86000061035156, 51.104000091552734, 54.86600112915039, 47.95600128173828, 52.683998107910156, 56.821998596191406, 50.45000076293945, 37.04199981689453, 45.66600036621094, 56.99399948120117], "e_f1": [0.11653374321054474, 0.09108277823163834, 0.06348271317786905, 0.059148502381859, 0.11037308829445217, 0.07350739235857257, 0.12266923163388031, 0.05411635410253721, 0.09558241305089554, 0.09294669650740513], "auc": [0.833665780141844, 0.6756253006253006, 0.5506854256854257, 0.46858288770053474, 0.6942301510768242, 0.580440548956291, 0.7777176527176528, 0.6364473684210527, 0.7323525348805083, 0.663475954330527], "log_prob": [-74.90255737304688, -84.48286437988281, -95.25506591796875, -106.93146514892578, -117.19828033447266, -104.51510620117188, -76.68910217285156, -80.02503967285156, -73.39668273925781, -94.77919006347656]}