{"e_shd": [52.492000579833984, 51.80799865722656, 52.597999572753906, 52.07400131225586, 53.25199890136719, 52.948001861572266, 52.69200134277344, 52.87799835205078, 52.987998962402344, 53.141998291015625, 52.02399826049805, 51.551998138427734, 53.34199905395508, 51.22999954223633, 52.529998779296875, 52.70600128173828, 53.13199996948242, 52.09000015258789, 51.948001861572266, 52.736000061035156, 53.268001556396484, 53.220001220703125, 52.35200119018555, 52.20199966430664, 53.007999420166016], "e_f1": [0.10162387676776027, 0.114109128684168, 0.0959876611644831, 0.11161619525645758, 0.07613716099351608, 0.09448703295047202, 0.08674846778562531, 0.10200322269321307, 0.09073485678931692, 0.08565680478236934, 0.11679666362934482, 0.12263995737787158, 0.08839214916958829, 0.12228387349969827, 0.09183099816807506, 0.0956735075529649, 0.09650215760467247, 0.10696067877603738, 0.11091369923418921, 0.08648787526101094, 0.09317462922520103, 0.09013819031395746, 0.098843463967482, 0.10110227452791068, 0.08109048864621272], "auc": [0.7337152777777778, 0.7894791666666666, 0.7451041666666666, 0.784375, 0.6086111111111111, 0.7234722222222223, 0.6704861111111111, 0.7418402777777777, 0.6875347222222222, 0.6846875, 0.8078472222222222, 0.8355208333333334, 0.6788194444444444, 0.8164583333333333, 0.7215625, 0.7224999999999999, 0.6996180555555556, 0.74, 0.7557638888888889, 0.6966319444444444, 0.6829166666666666, 0.6904166666666667, 0.725, 0.7501388888888889, 0.6429861111111111], "log_prob": [-123.11714172363281, -118.70059967041016, -128.86972045898438, -118.8177490234375, -151.14967346191406, -124.80007934570312, -134.2008056640625, -123.78564453125, -129.44970703125, -131.43682861328125, -115.79682922363281, -114.58453369140625, -130.69927978515625, -114.39668273925781, -129.77978515625, -126.8028564453125, -129.7545623779297, -134.84375, -123.96309661865234, -128.86962890625, -130.03778076171875, -130.01712036132812, -126.70429992675781, -124.38536071777344, -135.0632781982422]}