{"e_shd": [69.93599700927734, 69.68399810791016, 71.33799743652344, 69.75599670410156, 69.96399688720703, 70.18000030517578, 69.69000244140625, 70.55999755859375, 71.10800170898438, 70.16400146484375, 70.71199798583984, 71.46199798583984, 70.50800323486328, 69.89600372314453, 70.97599792480469, 70.77400207519531, 70.84600067138672, 71.10600280761719, 71.14600372314453, 70.97599792480469, 69.89800262451172, 70.51200103759766, 70.64399719238281, 69.94200134277344, 71.0199966430664], "e_f1": [0.10350230076878256, 0.12113512272380356, 0.09359955790623686, 0.11067925909596991, 0.10490083477013575, 0.09913486748342257, 0.10969815456573535, 0.09395928086357397, 0.09550808565552459, 0.10606822060788261, 0.09324214182381534, 0.09007112757693801, 0.09691246775544099, 0.10066791737268159, 0.09188517750853666, 0.0977415266930538, 0.09888488454699165, 0.08872364053247042, 0.0860722008943458, 0.08674313882082378, 0.11169321480327396, 0.10103711443777151, 0.09604093056564073, 0.10276042939356747, 0.08852555199516472], "auc": [0.7162990196078431, 0.7671078431372549, 0.6513235294117647, 0.7674754901960784, 0.738406862745098, 0.6976225490196077, 0.7579166666666666, 0.6731372549019609, 0.6645343137254902, 0.7, 0.6758088235294117, 0.6385294117647059, 0.681593137254902, 0.7095833333333333, 0.6579901960784315, 0.6860294117647059, 0.6886274509803921, 0.643235294117647, 0.6346568627450981, 0.6354411764705883, 0.7435049019607843, 0.6920343137254902, 0.6822794117647059, 0.700735294117647, 0.6638725490196078], "log_prob": [-193.9885711669922, -175.20663452148438, -190.3193359375, -176.6781005859375, -181.01983642578125, -195.28355407714844, -177.98265075683594, -191.14126586914062, -187.56561279296875, -180.869140625, -190.988037109375, -190.44422912597656, -189.45152282714844, -187.732666015625, -195.16514587402344, -187.29718017578125, -186.74356079101562, -191.6595458984375, -196.26759338378906, -190.28433227539062, -180.23260498046875, -182.497802734375, -192.1981201171875, -187.24746704101562, -190.11607360839844]}