{"e_shd": [35.374000549316406, 35.0880012512207, 35.231998443603516, 35.242000579833984, 35.51599884033203, 35.327999114990234, 36.14400100708008, 34.76599884033203, 35.56999969482422, 36.2140007019043, 35.13399887084961, 35.604000091552734, 35.279998779296875, 36.071998596191406, 35.060001373291016, 35.20600128173828, 34.847999572753906, 35.619998931884766, 35.125999450683594, 35.12799835205078, 35.45000076293945, 35.64799880981445, 35.36000061035156, 35.90399932861328, 34.81399917602539], "e_f1": [0.08835003856424149, 0.07971628259610676, 0.09794399739732756, 0.08507670792244543, 0.08005208774768693, 0.09428305707480339, 0.06868962077723344, 0.1067444571944094, 0.0792355737277812, 0.05624197618692552, 0.07887368646143315, 0.0782994608408614, 0.07880334597466152, 0.07079304134720409, 0.08623054893421556, 0.08455757386332179, 0.09994672218454463, 0.07811357833473445, 0.1026648951352629, 0.08403480154755402, 0.09517977541833245, 0.07813129410009531, 0.09023175819243776, 0.06578811868579852, 0.09722647356583357], "auc": [0.7480921052631578, 0.7634868421052631, 0.7682894736842106, 0.7266447368421053, 0.7390131578947369, 0.7725000000000001, 0.6655921052631579, 0.8027631578947368, 0.7200000000000001, 0.5977631578947369, 0.7549342105263157, 0.7332236842105263, 0.7223026315789474, 0.6879605263157894, 0.7726973684210526, 0.7509210526315789, 0.790921052631579, 0.7169736842105263, 0.7930921052631579, 0.7734868421052632, 0.7555263157894736, 0.7247368421052631, 0.782828947368421, 0.6487499999999999, 0.793421052631579], "log_prob": [-71.96432495117188, -71.80439758300781, -78.40888977050781, -72.3190689086914, -70.7303237915039, -80.81224060058594, -76.18002319335938, -66.66019439697266, -82.69895935058594, -80.65708923339844, -70.91220092773438, -71.6486587524414, -71.17810821533203, -74.60943603515625, -69.98574829101562, -70.46796417236328, -68.04318237304688, -71.2392349243164, -66.89970397949219, -68.84468078613281, -82.55070495605469, -72.46713256835938, -68.73664093017578, -86.98757934570312, -66.2577896118164]}