{"e_shd": [86.58200073242188, 83.697998046875, 89.1449966430664, 82.25700378417969, 86.4520034790039, 86.9020004272461, 84.97599792480469, 82.3759994506836, 90.927001953125, 83.78199768066406, 91.56400299072266, 88.7030029296875, 87.7490005493164, 85.68399810791016, 86.45600128173828, 91.11100006103516, 80.9540023803711, 91.94300079345703, 92.25900268554688, 90.20099639892578, 84.36299896240234, 88.06400299072266, 82.7509994506836, 86.31400299072266, 90.52899932861328], "e_f1": [0.1880063823931884, 0.22064388716023045, 0.1762719027852021, 0.17220877706458287, 0.19494587195229746, 0.18896484106642275, 0.22402293966531897, 0.1654395588721521, 0.19526523639514345, 0.20005165651450482, 0.20255970479244748, 0.1780562347214751, 0.18316835720933167, 0.1851076762403352, 0.15672211597010888, 0.19559221547115027, 0.1724642201342659, 0.1852265685346262, 0.18972481879611947, 0.18936791748491175, 0.20578751720916194, 0.19600585090239556, 0.16439944042778945, 0.18796182405766693, 0.1831203768181535], "auc": [0.7172058823529411, 0.7794117647058825, 0.6438725490196078, 0.7240196078431373, 0.7398039215686274, 0.6871813725490196, 0.793063725490196, 0.6970098039215686, 0.7025490196078431, 0.7222794117647059, 0.7312990196078432, 0.6607352941176471, 0.6769852941176471, 0.7036519607843138, 0.6442401960784313, 0.699436274509804, 0.7255882352941176, 0.6566911764705883, 0.6892647058823529, 0.7016176470588236, 0.7566666666666666, 0.7171813725490196, 0.6880882352941177, 0.7000980392156864, 0.6988725490196079], "log_prob": [-155.29249572753906, -145.26251220703125, -158.5985565185547, -154.16627502441406, -149.33399963378906, -154.33865356445312, -143.11940002441406, -161.62120056152344, -152.5792236328125, -147.188232421875, -150.0399169921875, -157.4520721435547, -157.8917999267578, -155.22140502929688, -165.15493774414062, -152.93650817871094, -155.1798095703125, -157.8137969970703, -155.19027709960938, -152.31195068359375, -146.57110595703125, -149.53590393066406, -162.3721466064453, -154.76417541503906, -155.41607666015625]}