{"e_shd": [64.5270004272461, 62.37699890136719, 74.33799743652344, 63.875, 73.69200134277344, 71.75800323486328, 62.79999923706055, 68.98100280761719, 68.00499725341797, 72.28399658203125, 62.79800033569336, 69.99400329589844, 72.6449966430664, 57.81700134277344, 71.54499816894531, 63.494998931884766, 69.87200164794922, 56.5890007019043, 57.64899826049805, 70.97000122070312, 60.891998291015625, 75.34700012207031, 69.72699737548828, 64.8010025024414, 66.9209976196289], "e_f1": [0.14290573623949177, 0.1794268876057368, 0.16034413959530186, 0.16063959872862074, 0.14509608133277108, 0.15903690061886255, 0.12600596270557263, 0.16146250499949732, 0.15304511783373598, 0.125509324016318, 0.17207031909406187, 0.1858096407253891, 0.13911884806853483, 0.1678918443476604, 0.14475533006360053, 0.1326347617882721, 0.14419684005953853, 0.13778123140579135, 0.14354265984178646, 0.15218357906192267, 0.1208639532339176, 0.15012505966788273, 0.1684667124157354, 0.16445696213655045, 0.12421939866141427], "auc": [0.7109027777777778, 0.8194444444444445, 0.7195486111111111, 0.7830208333333333, 0.6829861111111112, 0.7201041666666667, 0.6832291666666668, 0.7314583333333333, 0.7262152777777777, 0.6133680555555556, 0.8169444444444445, 0.8130555555555555, 0.6455208333333333, 0.825763888888889, 0.6843402777777777, 0.7002083333333333, 0.6835416666666667, 0.7615277777777778, 0.7835069444444445, 0.7350347222222222, 0.6794444444444444, 0.6716666666666666, 0.7437847222222222, 0.7705555555555557, 0.6436458333333334], "log_prob": [-115.70149230957031, -105.3401870727539, -120.72046661376953, -110.30146789550781, -123.7573013305664, -115.73392486572266, -122.06671142578125, -115.15037536621094, -116.26194763183594, -125.79718017578125, -106.07949829101562, -108.08819580078125, -123.33906555175781, -104.0223388671875, -121.21041870117188, -119.47611236572266, -123.0934066772461, -125.33036804199219, -111.91690063476562, -116.11158752441406, -120.85613250732422, -122.52369689941406, -113.91275024414062, -111.22825622558594, -124.72473907470703]}