{"e_shd": [39.83700180053711, 38.9739990234375, 35.85599899291992, 39.08700180053711, 39.33700180053711, 36.391998291015625, 42.93000030517578, 35.17499923706055, 44.11600112915039, 47.73500061035156, 50.22700119018555, 45.77299880981445, 49.18199920654297, 50.441001892089844, 38.82699966430664, 40.45500183105469, 35.76300048828125, 43.994998931884766, 34.698001861572266, 39.75199890136719, 33.5359992980957, 37.60900115966797, 40.16400146484375, 46.96500015258789, 43.82899856567383], "e_f1": [0.09119770250886924, 0.0828954890726849, 0.09335457202384043, 0.09446738975292691, 0.0930269954692048, 0.08836596966576338, 0.08856767715151709, 0.09723378632299814, 0.10169565939792208, 0.08007433579545664, 0.09369976451537422, 0.10242972510110848, 0.10206020414785788, 0.10010350039737927, 0.0897625604536469, 0.10519679933975908, 0.09697273500552979, 0.09028449380517599, 0.10254928859640992, 0.1000973785365406, 0.09418555646377391, 0.08132538684033484, 0.09562813954543756, 0.08666146872408259, 0.10941200902553139], "auc": [0.7259868421052631, 0.7308552631578948, 0.755328947368421, 0.7444078947368421, 0.7521052631578947, 0.7333552631578948, 0.6938815789473685, 0.7889473684210526, 0.7535526315789474, 0.6387499999999999, 0.7051973684210526, 0.7740131578947369, 0.7189473684210527, 0.7110526315789474, 0.7524342105263159, 0.7851973684210526, 0.796578947368421, 0.7014473684210526, 0.8019736842105263, 0.7843421052631578, 0.7869736842105263, 0.7347368421052631, 0.7613157894736843, 0.6816447368421052, 0.775921052631579], "log_prob": [-72.62456512451172, -72.61123657226562, -79.15493774414062, -71.33186340332031, -70.78767395019531, -74.6381607055664, -75.2274169921875, -67.48412322998047, -83.59725189208984, -80.29147338867188, -78.67000579833984, -75.65064239501953, -76.4302978515625, -77.55599975585938, -71.04930114746094, -67.92279052734375, -67.00039672851562, -73.61451721191406, -65.84092712402344, -68.88806915283203, -70.25485229492188, -71.35365295410156, -70.76655578613281, -79.01219177246094, -70.43373107910156]}