{"e_shd": [67.27200317382812, 64.71399688720703, 67.42400360107422, 66.55999755859375, 68.31600189208984, 67.94200134277344, 67.15799713134766, 67.68800354003906, 67.80599975585938, 67.5479965209961, 65.6240005493164, 65.93599700927734, 68.56800079345703, 63.79800033569336, 68.56199645996094, 67.96800231933594, 67.9280014038086, 66.24600219726562, 65.16200256347656, 67.43399810791016, 67.12999725341797, 68.2239990234375, 67.47000122070312, 65.54399871826172, 66.90399932861328], "e_f1": [0.15367626367266368, 0.18428030239604992, 0.14264798036712892, 0.1623746219224285, 0.12682864569440686, 0.15171957779648607, 0.1365256553453503, 0.1574809673143939, 0.13887350441397858, 0.1268989797394842, 0.168849373769054, 0.1726587360962999, 0.13446959806094583, 0.19572977253811258, 0.1392159375803189, 0.13780073244121183, 0.13753934501742782, 0.1571953593759048, 0.16874220874484794, 0.14012884604376286, 0.13924826170071797, 0.13280078800874734, 0.1514924667472278, 0.16157846619820918, 0.12650217580877482], "auc": [0.72375, 0.8080902777777778, 0.7180208333333332, 0.7648958333333333, 0.6533333333333333, 0.7225694444444445, 0.6803472222222222, 0.732638888888889, 0.6880555555555556, 0.6740625, 0.8166666666666667, 0.8097222222222222, 0.6716666666666666, 0.8274305555555556, 0.6903819444444445, 0.6750347222222223, 0.6779861111111112, 0.7179861111111112, 0.7648263888888889, 0.7298611111111111, 0.6760069444444444, 0.6765972222222222, 0.7127430555555556, 0.7692708333333332, 0.6656944444444445], "log_prob": [-114.45721435546875, -106.50826263427734, -119.61759185791016, -111.97535705566406, -124.39598083496094, -114.97457885742188, -121.83720397949219, -114.46923828125, -119.88175964355469, -120.42520141601562, -107.80165100097656, -107.83485412597656, -121.23448181152344, -102.17001342773438, -120.97899627685547, -120.20584869384766, -121.46383666992188, -126.29591369628906, -111.16902923583984, -116.65971374511719, -120.28684997558594, -120.67284393310547, -116.6016616821289, -113.55564880371094, -122.49462890625]}