{"e_shd": [82.65399932861328, 80.13400268554688, 84.12999725341797, 81.62200164794922, 81.9020004272461, 82.19999694824219, 79.95999908447266, 80.91400146484375, 83.63400268554688, 81.9260025024414, 83.5999984741211, 83.60800170898438, 83.552001953125, 82.75199890136719, 82.88400268554688, 82.96600341796875, 81.55999755859375, 83.43000030517578, 83.48400115966797, 83.53199768066406, 81.68399810791016, 82.61599731445312, 82.34600067138672, 82.73200225830078, 83.63600158691406], "e_f1": [0.17658782118825023, 0.1951782230348761, 0.1550060428497494, 0.1668382975051444, 0.1735321126913706, 0.17443990233725176, 0.19850449145555815, 0.1664181968802793, 0.15617331439453852, 0.17649002964697297, 0.15054865991671046, 0.15595211643335746, 0.16217673060635449, 0.16495095430363876, 0.1549648317127886, 0.16305860344947484, 0.17330066068292413, 0.15765269371011034, 0.1507806359396487, 0.1566536742291679, 0.18083573640314846, 0.16804888392679893, 0.1626967528982345, 0.16618083051225488, 0.1536871714453917], "auc": [0.7299019607843137, 0.7800490196078431, 0.6358333333333334, 0.7170588235294117, 0.7513235294117647, 0.7053676470588235, 0.8049999999999999, 0.7187254901960785, 0.6890686274509803, 0.6999754901960784, 0.6629166666666667, 0.6531862745098039, 0.6785539215686275, 0.6835294117647058, 0.6863970588235294, 0.6978676470588235, 0.7292892156862745, 0.6737500000000001, 0.6721323529411765, 0.6689705882352941, 0.7410049019607843, 0.7145098039215686, 0.6918627450980392, 0.6914950980392157, 0.6965686274509804], "log_prob": [-153.76736450195312, -159.51812744140625, -163.65676879882812, -156.571533203125, -154.61724853515625, -154.7125244140625, -146.3082733154297, -158.7867431640625, -159.59173583984375, -153.7819061279297, -163.52041625976562, -161.0978546142578, -161.18714904785156, -159.7694091796875, -161.7086181640625, -158.88262939453125, -156.0859832763672, -160.2515869140625, -163.29244995117188, -159.9988555908203, -153.16046142578125, -154.37994384765625, -161.5912322998047, -160.1065216064453, -161.84095764160156]}