{"e_shd": [52.78200149536133, 51.86600112915039, 50.97800064086914, 51.810001373291016, 52.189998626708984, 52.36399841308594, 52.874000549316406, 50.45600128173828, 52.76599884033203, 53.69599914550781, 52.75, 51.805999755859375, 53.34000015258789, 52.374000549316406, 51.189998626708984, 51.02000045776367, 50.77399826049805, 54.4900016784668, 50.327999114990234, 51.4379997253418, 50.24800109863281, 51.29999923706055, 51.970001220703125, 52.35599899291992, 51.551998138427734], "e_f1": [0.10800541262913611, 0.10172443239348374, 0.1284297055187673, 0.12046020222072432, 0.10918677216499473, 0.12223918404637914, 0.09782037266740068, 0.13985135166142756, 0.10952267283133577, 0.08511335043108204, 0.09478065058130869, 0.11149395793096838, 0.10581232694788746, 0.09864314822786259, 0.11427068649718994, 0.11556142164399681, 0.12221304016496583, 0.1009741824324061, 0.1394382769323813, 0.11359103932032176, 0.12354566264723624, 0.10467053211917489, 0.11286256445883851, 0.09436791663110743, 0.12229670151814032], "auc": [0.7107236842105263, 0.7371052631578947, 0.7623026315789473, 0.7555263157894736, 0.7311184210526316, 0.7668421052631579, 0.67375, 0.8115131578947369, 0.7511842105263159, 0.6244078947368422, 0.7003289473684211, 0.7628289473684211, 0.7173684210526317, 0.7056578947368422, 0.7636842105263157, 0.7607236842105263, 0.7767105263157894, 0.6916447368421053, 0.814078947368421, 0.7732894736842105, 0.7472368421052632, 0.7378947368421053, 0.7521052631578947, 0.6934868421052631, 0.7839473684210526], "log_prob": [-81.08040618896484, -77.77291870117188, -86.46839904785156, -77.14591217041016, -77.53685760498047, -77.29467010498047, -80.93865966796875, -72.52006530761719, -78.54983520507812, -84.97801208496094, -79.77516174316406, -88.42584228515625, -79.0704116821289, -79.16136169433594, -76.1571044921875, -75.32077026367188, -74.04452514648438, -80.62919616699219, -73.12330627441406, -75.2608413696289, -80.1153564453125, -77.67764282226562, -77.34324645996094, -80.5286865234375, -74.38967895507812]}