{"e_shd": [71.61599731445312, 66.08200073242188, 75.0780029296875, 67.18000030517578, 65.6780014038086, 67.38800048828125, 68.58399963378906, 63.91999816894531, 71.47200012207031, 68.69000244140625, 64.85399627685547, 64.95600128173828, 64.8239974975586, 69.08399963378906, 67.83999633789062, 63.79600143432617, 70.71800231933594, 66.38200378417969, 75.0199966430664, 71.74199676513672, 71.61000061035156, 65.33200073242188, 68.3759994506836, 74.01599884033203, 65.41200256347656], "e_f1": [0.026062939707751552, 0.09249248151058748, 0.031404936122587636, 0.05624438051244504, 0.09926903418483443, 0.07178274836553941, 0.07704397282284126, 0.026341670947208684, 0.022643795851036187, 0.052809459582381764, 0.04506074549127599, 0.06955009261494081, 0.11310947595229351, 0.1373932392711407, 0.11946281264587293, 0.05151709223317233, 0.05994177690600957, 0.04392023210590198, 0.038871670974634884, 0.009162543532755982, 0.02468177086787979, 0.10408852801019881, 0.0709721476667963, 0.06730578093902072, 0.0732757344793456], "auc": [0.44549019607843143, 0.5581617647058823, 0.5011764705882353, 0.49460784313725487, 0.6014705882352941, 0.5296568627450979, 0.6131127450980391, 0.5355882352941176, 0.5521078431372548, 0.49901960784313726, 0.5600490196078431, 0.5552696078431372, 0.6221323529411764, 0.593406862745098, 0.6840441176470589, 0.5634803921568627, 0.48698529411764707, 0.4942647058823529, 0.48012254901960777, 0.44767156862745094, 0.5257843137254903, 0.5779411764705882, 0.5367647058823529, 0.5082107843137255, 0.5513235294117647], "log_prob": [-730.7818603515625, -673.3766479492188, -757.1162109375, -547.279541015625, -490.8343505859375, -585.31787109375, -461.04833984375, -494.73583984375, -737.7847900390625, -581.374755859375, -517.4525756835938, -565.8251342773438, -534.3173217773438, -623.6971435546875, -463.308349609375, -370.930419921875, -624.6070556640625, -597.13623046875, -837.4181518554688, -693.953125, -763.3134765625, -613.0952758789062, -602.5206298828125, -690.4359130859375, -549.1598510742188]}