{"e_shd": [30.110000610351562, 29.209999084472656, 38.763999938964844, 26.562000274658203, 33.34600067138672, 33.38999938964844, 25.996000289916992, 30.222000122070312, 34.816001892089844, 27.101999282836914, 30.50200080871582, 31.24799919128418, 30.09000015258789, 29.253999710083008, 38.099998474121094, 32.77000045776367, 28.92799949645996, 33.36000061035156, 24.77400016784668, 36.09600067138672, 32.119998931884766, 39.00400161743164, 27.84600067138672, 37.61800003051758, 30.670000076293945], "e_f1": [0.10346664617249417, 0.11351577225181901, 0.037070781783898596, 0.03405495541747273, 0.07528400429271644, 0.06080973169321437, 0.018102593686804617, 0.16268284226645827, 0.0942049481358636, 0.032732916076864, 0.04318649385318497, 0.04978216661159327, 0.03276895355083694, 0.06382483597998528, 0.0487964085011149, 0.00801828303509368, 0.04910830491147506, 0.08095990118061219, 0.014290760514242646, 0.03255202840006815, 0.03898517442788087, 0.0033595567323903073, 0.1575472433765533, 0.040772582787931784, 0.10216876550397425], "auc": [0.4944736842105263, 0.527171052631579, 0.4893421052631579, 0.5261184210526315, 0.5489473684210526, 0.5234210526315789, 0.4611842105263158, 0.5933552631578947, 0.5576315789473685, 0.6116447368421053, 0.6014473684210526, 0.504671052631579, 0.5368421052631579, 0.5973684210526317, 0.46763157894736845, 0.4955263157894736, 0.5473684210526315, 0.6411842105263158, 0.4851315789473684, 0.6229605263157895, 0.5700657894736842, 0.46039473684210525, 0.5291447368421052, 0.5423026315789473, 0.6132894736842105], "log_prob": [-210.444580078125, -250.2733154296875, -269.81829833984375, -219.5144500732422, -184.71522521972656, -258.94097900390625, -202.04052734375, -208.01687622070312, -232.09329223632812, -142.47833251953125, -167.99078369140625, -196.56411743164062, -189.26885986328125, -181.29588317871094, -251.18621826171875, -250.46810913085938, -188.6533966064453, -170.9544677734375, -169.01495361328125, -173.890869140625, -185.33340454101562, -289.5955810546875, -232.1207275390625, -241.94265747070312, -198.5537567138672]}