{"e_shd": [45.75199890136719, 58.2760009765625, 50.47600173950195, 57.46799850463867, 48.055999755859375, 50.939998626708984, 47.4119987487793, 51.4379997253418, 51.599998474121094, 50.74800109863281, 54.47600173950195, 47.6879997253418, 47.79999923706055, 51.85599899291992, 51.40399932861328, 51.40399932861328, 50.46200180053711, 50.37200164794922, 50.35200119018555, 54.49800109863281, 49.84400177001953, 60.35200119018555, 56.72600173950195, 49.1879997253418, 56.832000732421875], "e_f1": [0.05037809074881966, 0.08279408323697938, 0.04931754577370025, 0.06064025521458972, 0.06984834290591903, 0.1111315517823549, 0.09547456955665774, 0.03702318682101215, 0.07240055559047946, 0.028631214572128864, 0.039333272798312606, 0.07744539826390519, 0.04363644454418693, 0.0316270897710242, 0.0446303157558704, 0.023434675459722516, 0.05089738268884855, 0.09053157921031597, 0.08521860923654637, 0.0778716400610119, 0.027399947470647824, 0.0026443027542344755, 0.06586358300941038, 0.0059915959416254865, 0.06485590200091891], "auc": [0.5912152777777778, 0.5410763888888889, 0.5616319444444444, 0.5799652777777778, 0.6136458333333333, 0.6107638888888889, 0.6132638888888888, 0.5707986111111112, 0.5333680555555556, 0.48361111111111116, 0.4909375, 0.48326388888888894, 0.5166319444444445, 0.5828819444444444, 0.5283680555555555, 0.4649652777777778, 0.5560416666666665, 0.5776736111111112, 0.5616319444444444, 0.5138888888888888, 0.5525, 0.5052777777777778, 0.5171875, 0.4285069444444445, 0.5251736111111112], "log_prob": [-334.2730407714844, -398.5182189941406, -429.679443359375, -380.3780517578125, -337.37933349609375, -306.28302001953125, -326.42376708984375, -371.0994873046875, -421.64715576171875, -530.9016723632812, -502.20269775390625, -392.1837158203125, -417.50604248046875, -407.8450622558594, -411.14215087890625, -445.5499267578125, -472.787353515625, -400.6061706542969, -443.3351135253906, -476.24749755859375, -386.2987365722656, -510.1794128417969, -434.320068359375, -477.99468994140625, -512.4542846679688]}