{"e_shd": [73.89800262451172, 73.76200103759766, 73.7979965209961, 74.06600189208984, 73.89399719238281, 74.17400360107422, 74.0260009765625, 73.83799743652344, 73.81600189208984, 74.33000183105469, 73.69400024414062, 74.24600219726562, 74.05000305175781, 74.00199890136719, 73.77200317382812, 74.05400085449219, 73.80799865722656, 74.0260009765625, 73.91200256347656, 74.12200164794922, 73.87999725341797, 74.0999984741211, 73.97599792480469, 73.66200256347656, 74.14800262451172], "e_f1": [0.07656674200954844, 0.07836731520550086, 0.07782663697452727, 0.0746124881291548, 0.07657020823390073, 0.07331132760835343, 0.07520104283121161, 0.07736625434262565, 0.07771444756993279, 0.0713688809549569, 0.0791663807146775, 0.07218100484450696, 0.07444788873261447, 0.07532114392873886, 0.07821141290339603, 0.0745767463666198, 0.07777190486494284, 0.07501945322219583, 0.07642642011840324, 0.07401373652133145, 0.07672534239475169, 0.07435066416627598, 0.07571359587435536, 0.07957125572505319, 0.07341938584153775], "auc": [0.550343137254902, 0.5543382352941176, 0.5390441176470588, 0.49465686274509807, 0.5045098039215686, 0.45791666666666664, 0.5279411764705882, 0.5318872549019608, 0.5507598039215686, 0.4286274509803921, 0.5612254901960785, 0.4272058823529411, 0.48480392156862745, 0.5063480392156863, 0.5953676470588235, 0.4901470588235294, 0.5540686274509803, 0.5137745098039216, 0.5049019607843137, 0.4684558823529411, 0.5336029411764707, 0.4661764705882353, 0.5115196078431372, 0.5710784313725491, 0.4825], "log_prob": [-199.17227172851562, -195.59605407714844, -196.53512573242188, -200.03050231933594, -197.04669189453125, -201.0026397705078, -200.5095977783203, -196.44281005859375, -196.00479125976562, -203.23370361328125, -195.02789306640625, -201.23226928710938, -198.94595336914062, -197.9009246826172, -196.85284423828125, -199.573974609375, -196.72518920898438, -199.737548828125, -197.45797729492188, -199.23231506347656, -198.55113220214844, -200.28494262695312, -200.56736755371094, -194.5731658935547, -202.59652709960938]}