{"e_shd": [38.08000183105469, 37.91999816894531, 37.9119987487793, 37.95199966430664, 38.013999938964844, 38.10599899291992, 38.097999572753906, 38.06800079345703, 38.00600051879883, 38.07400131225586, 38.00400161743164, 38.09600067138672, 38.077999114990234, 37.939998626708984, 37.986000061035156, 38.051998138427734, 38.145999908447266, 37.97999954223633, 37.895999908447266, 38.097999572753906, 37.97800064086914, 37.88399887084961, 37.939998626708984, 37.948001861572266, 37.986000061035156], "e_f1": [0.04875647279549719, 0.05257623514696686, 0.052567279958935925, 0.05194671669793622, 0.04979638260755078, 0.04825916197623515, 0.04816391494684179, 0.048884072282018375, 0.050936585365853666, 0.04903502188868043, 0.050450045032971874, 0.04807404627892434, 0.0486490306441526, 0.05178897114750774, 0.0509840624074257, 0.04897768119655155, 0.04704659161976235, 0.051454274993299395, 0.05353902439024391, 0.0486515947467167, 0.05126341463414635, 0.05375467891116159, 0.052154033771106945, 0.05197225239458873, 0.05171116158125145], "auc": [0.44967105263157897, 0.5640131578947368, 0.5751973684210526, 0.5532236842105263, 0.48486842105263156, 0.4304605263157895, 0.4761184210526316, 0.48690789473684204, 0.5519736842105263, 0.4299342105263158, 0.5530263157894737, 0.4534868421052632, 0.4567105263157895, 0.5257236842105263, 0.5063815789473683, 0.435, 0.4319736842105264, 0.5066447368421053, 0.5793421052631579, 0.445, 0.5154605263157895, 0.6074342105263157, 0.5661842105263158, 0.552171052631579, 0.5461184210526315], "log_prob": [-80.35531616210938, -78.61478424072266, -78.58253479003906, -78.90391540527344, -80.06758117675781, -80.49197387695312, -81.9896469116211, -80.66832733154297, -79.96341705322266, -80.38733673095703, -80.77876281738281, -81.82635498046875, -80.44035339355469, -79.08563995361328, -79.30267333984375, -80.24955749511719, -81.4580307006836, -79.42558288574219, -78.29743957519531, -80.26460266113281, -79.12190246582031, -78.3160171508789, -78.94644927978516, -78.85198974609375, -79.00877380371094]}