{"e_shd": [55.94599914550781, 56.10200119018555, 55.95600128173828, 55.77399826049805, 56.316001892089844, 56.2859992980957, 56.08000183105469, 55.9379997253418, 55.77799987792969, 56.11600112915039, 56.11000061035156, 56.119998931884766, 55.86199951171875, 55.630001068115234, 55.933998107910156, 55.98400115966797, 55.97600173950195, 55.9119987487793, 55.97200012207031, 56.27199935913086, 56.07600021362305, 55.779998779296875, 55.97800064086914, 55.737998962402344, 56.358001708984375], "e_f1": [0.06828116173250036, 0.0653218339704835, 0.06814878206909328, 0.0707189649660645, 0.06190318064085489, 0.06223242955779233, 0.06595206075761786, 0.06828437912191446, 0.0706879893201496, 0.06522856348985828, 0.06529195146800038, 0.06491184588311569, 0.06954361396684264, 0.07324261784084339, 0.06827774381772715, 0.06730838195795129, 0.06767917397233586, 0.06837188107807722, 0.06744236069473489, 0.06268972862832269, 0.06602211725479298, 0.07084273409280355, 0.06755971103084189, 0.07142789796107385, 0.06116984347503936], "auc": [0.5232986111111112, 0.47378472222222223, 0.5189236111111111, 0.5969791666666667, 0.41437500000000005, 0.41666666666666663, 0.4850694444444444, 0.5355208333333333, 0.5784027777777777, 0.44996527777777773, 0.47006944444444443, 0.4444097222222222, 0.5422222222222223, 0.6357986111111111, 0.5062500000000001, 0.4864583333333334, 0.49399305555555556, 0.5471180555555555, 0.5127430555555555, 0.3982291666666666, 0.4773611111111111, 0.5822569444444444, 0.5048611111111111, 0.6002083333333333, 0.3732291666666666], "log_prob": [-137.8649444580078, -141.9879150390625, -137.92564392089844, -136.29476928710938, -145.27719116210938, -142.9873046875, -140.41775512695312, -138.12857055664062, -136.65805053710938, -140.15768432617188, -141.95550537109375, -140.18197631835938, -137.16624450683594, -135.0849609375, -138.10568237304688, -139.0113525390625, -138.4869384765625, -138.67330932617188, -139.11880493164062, -141.89279174804688, -139.92581176757812, -136.60513305664062, -138.362548828125, -135.8221893310547, -143.55419921875]}