{"e_shd": [59.32600021362305, 60.715999603271484, 60.48400115966797, 60.39799880981445, 62.43199920654297, 58.34199905395508, 57.13800048828125, 57.858001708984375, 55.597999572753906, 54.869998931884766, 56.83000183105469, 59.01599884033203, 58.76599884033203, 60.57600021362305, 54.95399856567383, 59.4739990234375, 55.56800079345703, 55.268001556396484, 56.810001373291016, 60.03799819946289, 54.4640007019043, 58.56800079345703, 58.77799987792969, 54.040000915527344, 61.12799835205078], "e_f1": [0.17748658456593594, 0.14724509806591812, 0.16679218357872072, 0.15997803986763398, 0.1624152175490786, 0.17337951534014326, 0.18944453718398296, 0.1601371865485711, 0.20437073876650222, 0.1513039264065831, 0.1609971157220849, 0.17423805044145463, 0.17069909652115178, 0.1896475542049764, 0.1561093318338706, 0.19645760254094496, 0.21555849558742446, 0.22391028859110126, 0.20203232214947303, 0.2107451897008459, 0.18400237815255374, 0.17826879825390518, 0.18152073296169335, 0.239506411843789, 0.13397280325395966], "auc": [0.76125, 0.7390789473684211, 0.7579605263157896, 0.77125, 0.7725, 0.7636184210526316, 0.8248026315789474, 0.789078947368421, 0.8255263157894737, 0.7784868421052632, 0.805328947368421, 0.8222368421052632, 0.775921052631579, 0.8057894736842104, 0.7798684210526315, 0.8429605263157894, 0.833421052631579, 0.8844736842105263, 0.8354605263157895, 0.8647368421052631, 0.8279605263157895, 0.7506578947368422, 0.7794078947368421, 0.8488815789473685, 0.6720394736842105], "log_prob": [-100.5594253540039, -97.25546264648438, -102.35502624511719, -89.38217163085938, -94.84845733642578, -94.26342010498047, -85.14089965820312, -83.17569732666016, -93.10360717773438, -80.23609161376953, -79.74430847167969, -87.400146484375, -92.94296264648438, -100.37358856201172, -79.06707763671875, -84.92884826660156, -91.61195373535156, -75.93290710449219, -81.00059509277344, -84.45071411132812, -76.69088745117188, -107.06566619873047, -98.68673706054688, -89.6356201171875, -123.10781860351562]}