{"e_shd": [83.35800170898438, 84.52999877929688, 81.52400207519531, 81.8479995727539, 86.46600341796875, 83.40399932861328, 80.18000030517578, 78.71199798583984, 85.41799926757812, 78.99800109863281, 84.65399932861328, 79.72799682617188, 83.197998046875, 86.01599884033203, 84.79399871826172, 77.86000061035156, 80.74400329589844, 81.4020004272461, 78.86399841308594, 81.08200073242188, 86.4000015258789, 79.02200317382812, 78.95800018310547, 83.06400299072266, 84.60800170898438], "e_f1": [0.3029305158542883, 0.28228187289767515, 0.30429100071160964, 0.31796624146450353, 0.2673455559654916, 0.30505388361539404, 0.3171192588940172, 0.3317504854797503, 0.27968952716655915, 0.32930204804389274, 0.28980417467001035, 0.3291340259370842, 0.3091323112287059, 0.27558233261519, 0.2805154062258878, 0.3481243707151292, 0.32612532353025314, 0.3141669807099448, 0.34309789357666376, 0.3258302507788552, 0.2757438677187124, 0.3356954037661916, 0.3230316721355805, 0.29742364723770987, 0.2870905889197379], "auc": [0.8152450980392156, 0.819828431372549, 0.8340686274509804, 0.8490686274509803, 0.7920098039215686, 0.8198039215686275, 0.83875, 0.8279166666666666, 0.7992156862745099, 0.834436274509804, 0.7824264705882353, 0.8594117647058824, 0.7947303921568627, 0.7588235294117647, 0.7842156862745098, 0.8416666666666666, 0.8455392156862744, 0.8288480392156863, 0.8742892156862745, 0.8517156862745098, 0.7756617647058823, 0.849828431372549, 0.8607598039215686, 0.8060049019607843, 0.7952941176470588], "log_prob": [-125.529296875, -129.31869506835938, -126.4293212890625, -127.6658935546875, -145.99705505371094, -128.96372985839844, -120.6989974975586, -125.4942626953125, -132.62086486816406, -128.84002685546875, -135.4779052734375, -119.17662811279297, -128.09097290039062, -165.66903686523438, -139.60980224609375, -118.85645294189453, -122.1309585571289, -125.02610778808594, -116.29896545410156, -122.37639617919922, -135.47373962402344, -133.10350036621094, -119.96330261230469, -153.0132293701172, -131.2477569580078]}