{"e_shd": [69.76799774169922, 67.7020034790039, 70.1259994506836, 69.31400299072266, 72.89399719238281, 71.04199981689453, 73.36000061035156, 65.66400146484375, 69.27200317382812, 70.45800018310547, 69.08200073242188, 67.94599914550781, 67.98999786376953, 65.67400360107422, 67.802001953125, 68.45800018310547, 69.99199676513672, 76.10800170898438, 70.21199798583984, 69.54000091552734, 72.63800048828125, 69.60399627685547, 71.31199645996094, 66.25599670410156, 70.08599853515625], "e_f1": [0.289211680307334, 0.31083027283668035, 0.29434401340476196, 0.29995971443508584, 0.2559472088331658, 0.27795982833920435, 0.25693583266422804, 0.3300120509332336, 0.2798247307286877, 0.29011075513242013, 0.29379433857279097, 0.30767128594791265, 0.28682269186394826, 0.33226146224824066, 0.30668365213123594, 0.3022350998410601, 0.2819876219104041, 0.22398888439419237, 0.261569031673355, 0.2971822433907563, 0.24828310673786866, 0.2954230941577945, 0.28491634425788886, 0.29608813105649995, 0.28244573032991127], "auc": [0.850625, 0.8712152777777777, 0.8387499999999999, 0.8421180555555556, 0.8272222222222222, 0.8207638888888888, 0.8147916666666666, 0.8837499999999999, 0.82625, 0.8340624999999999, 0.8465625, 0.8435416666666666, 0.8403472222222222, 0.8769791666666666, 0.8527430555555555, 0.8615972222222222, 0.8330902777777778, 0.7762152777777778, 0.8182986111111111, 0.8521527777777778, 0.811875, 0.8462152777777778, 0.8367013888888889, 0.8630208333333333, 0.843923611111111], "log_prob": [-108.49946594238281, -96.4616470336914, -97.98428344726562, -110.49471282958984, -110.27130126953125, -118.0715560913086, -112.87828826904297, -92.70832824707031, -118.78059387207031, -102.46090698242188, -113.82525634765625, -123.72640991210938, -101.54100799560547, -95.15472412109375, -96.84483337402344, -97.80122375488281, -114.47630310058594, -114.70536804199219, -116.45207214355469, -99.61544799804688, -107.13485717773438, -98.61180114746094, -102.54740905761719, -94.85548400878906, -105.23553466796875]}