{"e_shd": [70.18000030517578, 69.63999938964844, 71.35600280761719, 70.60800170898438, 70.26599884033203, 70.81199645996094, 69.83200073242188, 70.41600036621094, 71.31199645996094, 69.85399627685547, 71.25, 71.51599884033203, 71.31800079345703, 70.7760009765625, 71.05000305175781, 70.89399719238281, 70.24600219726562, 70.9020004272461, 71.19000244140625, 70.80000305175781, 70.20600128173828, 70.46199798583984, 70.71600341796875, 70.27999877929688, 71.28800201416016], "e_f1": [0.09807913375988055, 0.11863001690406251, 0.09049468858662359, 0.10495561353650461, 0.11219679964243671, 0.09756490395581233, 0.11516017525779099, 0.10047620652612498, 0.09370329730066349, 0.11406589038513514, 0.08883728652327903, 0.08993259999743368, 0.0972096527763406, 0.10055834115896144, 0.09475286542483417, 0.09440652932081621, 0.10721840074079032, 0.09693323280007662, 0.0888927163190846, 0.09373823233014418, 0.1071873145258341, 0.10217925832771024, 0.09455685366927374, 0.10530262941133581, 0.0888291239275762], "auc": [0.7049264705882353, 0.7791911764705881, 0.6402696078431372, 0.7232107843137254, 0.7584558823529411, 0.6868382352941177, 0.7681617647058824, 0.695735294117647, 0.6673529411764706, 0.7416176470588236, 0.655171568627451, 0.6279411764705882, 0.6769607843137254, 0.6960294117647058, 0.6715196078431372, 0.680563725490196, 0.7338235294117648, 0.6942156862745098, 0.6494607843137254, 0.685857843137255, 0.7228921568627451, 0.7103921568627451, 0.6760539215686275, 0.71, 0.6503921568627451], "log_prob": [-187.04014587402344, -184.15890502929688, -192.79046630859375, -180.91500854492188, -176.507568359375, -185.6661376953125, -176.470458984375, -188.4394073486328, -188.02801513671875, -175.94570922851562, -191.2415771484375, -190.47528076171875, -191.00344848632812, -186.21902465820312, -189.42910766601562, -187.2523651123047, -180.85400390625, -185.87185668945312, -191.8070068359375, -187.0613250732422, -180.73362731933594, -184.56826782226562, -201.72052001953125, -184.7388153076172, -192.50405883789062]}