{"e_shd": [36.27000045776367, 36.08599853515625, 35.27799987792969, 35.40599822998047, 36.0359992980957, 35.09400177001953, 36.22999954223633, 34.72600173950195, 35.678001403808594, 36.42599868774414, 35.21799850463867, 35.90800094604492, 35.986000061035156, 35.89799880981445, 35.62799835205078, 35.52199935913086, 35.3120002746582, 35.95600128173828, 35.183998107910156, 35.608001708984375, 34.948001861572266, 35.38399887084961, 35.15599822998047, 36.20199966430664, 35.28200149536133], "e_f1": [0.08505947278574129, 0.07263456198429613, 0.09076662937025402, 0.08887822851439744, 0.07781055338259388, 0.09166204438788708, 0.07396161965986746, 0.10692876575104494, 0.08856548020019571, 0.060639633101477304, 0.0692791079589536, 0.07588728911152995, 0.0724823103408138, 0.07301797742813847, 0.0817050379396363, 0.09750868142147641, 0.09107190505881696, 0.07318741517873968, 0.10308240684001178, 0.08865682309777236, 0.09224424396913085, 0.0756739826826189, 0.09141610649612773, 0.06612117223651219, 0.08651459629316781], "auc": [0.7347368421052631, 0.7191447368421053, 0.7492105263157895, 0.7496052631578947, 0.7201315789473685, 0.769078947368421, 0.6984210526315789, 0.8023684210526316, 0.7854605263157894, 0.6228947368421053, 0.6960526315789475, 0.7296710526315789, 0.6791447368421053, 0.6858552631578947, 0.7592763157894736, 0.8005263157894736, 0.7791447368421053, 0.6952631578947368, 0.795921052631579, 0.7908552631578947, 0.7694736842105263, 0.7275657894736842, 0.8035526315789473, 0.6523026315789473, 0.7518421052631579], "log_prob": [-73.00099182128906, -73.53303527832031, -79.934326171875, -71.20706176757812, -71.95429992675781, -70.98066711425781, -73.36563873291016, -67.05410766601562, -69.41987609863281, -77.24988555908203, -73.84025573730469, -73.69184112548828, -72.95387268066406, -75.10441589355469, -70.59611511230469, -66.39036560058594, -68.39767456054688, -72.13529968261719, -66.29876708984375, -68.22508239746094, -82.03074645996094, -72.31256103515625, -68.43085479736328, -76.23234558105469, -69.30064392089844]}