{"e_shd": [52.9119987487793, 52.16600036621094, 53.33399963378906, 52.433998107910156, 53.88199996948242, 53.13800048828125, 53.400001525878906, 53.119998931884766, 53.19200134277344, 53.59400177001953, 51.6619987487793, 51.858001708984375, 53.11199951171875, 51.736000061035156, 53.51599884033203, 53.31800079345703, 53.560001373291016, 52.28200149536133, 52.22800064086914, 53.487998962402344, 53.34199905395508, 53.529998779296875, 52.768001556396484, 52.95800018310547, 53.4900016784668], "e_f1": [0.09647165360607896, 0.1129110205634039, 0.09376621563414039, 0.11215958098053941, 0.08446608900782973, 0.09578051862200468, 0.08857944353752488, 0.09775896073895018, 0.09007073858983623, 0.08193181052159014, 0.11663965874330266, 0.1130188423097431, 0.08815625049932166, 0.12247542369569323, 0.08974316003559454, 0.0899346511825648, 0.08693365905782743, 0.1099561979430189, 0.11419827957538645, 0.09317129189786871, 0.09140667880745013, 0.08360451950893716, 0.09683315325606488, 0.10323680558155923, 0.08666512676069693], "auc": [0.7112152777777778, 0.7876041666666667, 0.7265277777777779, 0.7835763888888888, 0.6365277777777778, 0.7263541666666666, 0.6690277777777778, 0.7164583333333333, 0.6859722222222222, 0.6516319444444445, 0.826111111111111, 0.8023611111111112, 0.6703472222222222, 0.8010763888888889, 0.6849652777777778, 0.6865625000000001, 0.6622569444444444, 0.7583680555555555, 0.7654861111111111, 0.7229861111111111, 0.6828819444444445, 0.6531944444444444, 0.7103819444444445, 0.7442013888888889, 0.6685416666666667], "log_prob": [-124.79499816894531, -119.36705017089844, -127.65750122070312, -119.62918090820312, -148.14280700683594, -124.5191879272461, -133.94085693359375, -126.07279205322266, -129.18478393554688, -133.85260009765625, -115.6302490234375, -118.2383804321289, -132.62899780273438, -115.09072875976562, -130.83489990234375, -130.57064819335938, -134.367919921875, -122.57220458984375, -120.65245819091797, -127.07605743408203, -128.30946350097656, -133.1081085205078, -127.81584167480469, -124.07923889160156, -132.0098876953125]}