{"e_shd": [40.0, 40.0, 40.0, 40.0, 40.0, 40.0, 40.0, 40.0, 40.0, 40.0, 40.0, 40.0, 40.0, 40.0, 40.0, 40.0, 40.0, 40.0, 40.0, 40.0, 40.0, 40.0, 40.0, 40.0, 40.0], "e_f1": [0.0, 0.0, 0.0, 0.0, 0.0, 0.0, 0.0, 0.0, 0.0, 0.0, 0.0, 0.0, 0.0, 0.0, 0.0, 0.0, 0.0, 0.0, 0.0, 0.0, 0.0, 0.0, 0.0, 0.0, 0.0], "auc": [0.5, 0.5, 0.5, 0.5, 0.5, 0.5, 0.5, 0.5, 0.5, 0.5, 0.5, 0.5, 0.5, 0.5, 0.5, 0.5, 0.5, 0.5, 0.5, 0.5, 0.5, 0.5, 0.5, 0.5, 0.5], "log_prob": [-637.6954345703125, -637.6954345703125, -637.6954345703125, -637.6954345703125, -637.6954345703125, -637.6954345703125, -637.6954345703125, -637.6954345703125, -637.6954345703125, -637.6954345703125, -637.6954345703125, -637.6953735351562, -637.6954345703125, -637.6954345703125, -637.6954345703125, -637.6954345703125, -637.6954345703125, -637.6954345703125, -637.6954345703125, -637.6954345703125, -637.6954345703125, -637.6954345703125, -637.6954345703125, -637.6954345703125, -637.6954345703125]}