{"e_shd": [20.0, 20.0, 20.0, 20.0, 20.0, 20.0, 20.0, 20.0, 20.0, 20.0, 20.0, 20.0, 20.0, 20.0, 20.0, 20.0, 20.0, 20.0, 20.0, 20.0, 20.0, 20.0, 20.0, 20.0, 20.0], "e_f1": [0.0, 0.0, 0.0, 0.0, 0.0, 0.0, 0.0, 0.0, 0.0, 0.0, 0.0, 0.0, 0.0, 0.0, 0.0, 0.0, 0.0, 0.0, 0.0, 0.0, 0.0, 0.0, 0.0, 0.0, 0.0], "auc": [0.5, 0.5, 0.5, 0.5, 0.5, 0.5, 0.5, 0.5, 0.5, 0.5, 0.5, 0.5, 0.5, 0.5, 0.5, 0.5, 0.5, 0.5, 0.5, 0.5, 0.5, 0.5, 0.5, 0.5, 0.5], "log_prob": [-318.84771728515625, -318.8476867675781, -318.84771728515625, -318.84771728515625, -318.84771728515625, -318.84771728515625, -318.84771728515625, -318.84771728515625, -318.84771728515625, -318.84771728515625, -318.84771728515625, -318.84771728515625, -318.8476867675781, -318.84771728515625, -318.84771728515625, -318.84771728515625, -318.84771728515625, -318.84771728515625, -318.84771728515625, -318.84771728515625, -318.84771728515625, -318.84771728515625, -318.84771728515625, -318.84771728515625, -318.84771728515625]}