{"e_shd": [60.0, 60.0, 60.0, 60.0, 60.0, 60.0, 60.0, 60.0, 60.0, 60.0, 60.0, 60.0, 60.0, 60.0, 60.0, 60.0, 60.0, 60.0, 60.0, 60.0, 60.0, 60.0, 60.0, 60.0, 60.0], "e_f1": [0.0, 0.0, 0.0, 0.0, 0.0, 0.0, 0.0, 0.0, 0.0, 0.0, 0.0, 0.0, 0.0, 0.0, 0.0, 0.0, 0.0, 0.0, 0.0, 0.0, 0.0, 0.0, 0.0, 0.0, 0.0], "auc": [0.5, 0.5, 0.5, 0.5, 0.5, 0.5, 0.5, 0.5, 0.5, 0.5, 0.5, 0.5, 0.5, 0.5, 0.5, 0.5, 0.5, 0.5, 0.5, 0.5, 0.5, 0.5, 0.5, 0.5, 0.5], "log_prob": [-956.5431518554688, -956.5431518554688, -956.5430908203125, -956.5430908203125, -956.5430908203125, -956.5431518554688, -956.5431518554688, -956.5430908203125, -956.5431518554688, -956.5431518554688, -956.5431518554688, -956.5430908203125, -956.5431518554688, -956.5431518554688, -956.5431518554688, -956.5431518554688, -956.5431518554688, -956.5430908203125, -956.5431518554688, -956.5431518554688, -956.5430908203125, -956.5431518554688, -956.5431518554688, -956.5431518554688, -956.5430908203125]}