{"e_shd": [48.66600036621094, 46.0260009765625, 48.5359992980957, 48.555999755859375, 53.82600021362305, 46.98400115966797, 50.560001373291016, 45.54399871826172, 44.832000732421875, 48.42399978637695, 47.81399917602539, 47.608001708984375, 47.762001037597656, 48.89799880981445, 49.41600036621094, 48.720001220703125, 51.933998107910156, 53.95600128173828, 51.534000396728516, 45.5, 51.18000030517578, 48.965999603271484, 47.49800109863281, 50.470001220703125, 49.28799819946289], "e_f1": [0.17777053047771335, 0.18821783670389972, 0.14812880498728254, 0.17917145063058923, 0.11973911686077975, 0.17278490319099446, 0.1704665589055741, 0.22046463692061638, 0.21517661794208942, 0.18598894612795186, 0.21333432526056417, 0.17837607675719586, 0.17733027914118168, 0.22189631198007634, 0.18475996967432137, 0.1722371093271709, 0.1777472465714377, 0.12426340346319367, 0.18613721893679003, 0.22751952846784632, 0.14878710718467017, 0.19519432334864786, 0.23622355648264604, 0.16107124749323104, 0.15145007094735516], "auc": [0.7751388888888888, 0.8103472222222222, 0.7369097222222223, 0.7703125, 0.7137152777777778, 0.8089583333333333, 0.8088888888888889, 0.8510416666666666, 0.7986458333333333, 0.7660763888888888, 0.7910069444444444, 0.8184722222222223, 0.7298958333333334, 0.8263541666666667, 0.8063541666666667, 0.7145138888888889, 0.7135069444444444, 0.6652083333333333, 0.7852777777777777, 0.855763888888889, 0.7520833333333334, 0.7845486111111111, 0.8629166666666667, 0.7596180555555556, 0.7184027777777777], "log_prob": [-123.34298706054688, -133.28988647460938, -151.38958740234375, -126.7866439819336, -138.22821044921875, -118.65170288085938, -115.10334777832031, -108.64178466796875, -131.71630859375, -129.88919067382812, -118.09635925292969, -113.47755432128906, -153.37503051757812, -111.19338989257812, -113.4021987915039, -146.4346923828125, -131.77542114257812, -131.89105224609375, -114.66960144042969, -109.58499908447266, -125.41351318359375, -119.11932373046875, -106.08661651611328, -131.75924682617188, -131.39132690429688]}