{"e_shd": [74.48200225830078, 73.2699966430664, 65.74600219726562, 70.92400360107422, 74.12999725341797, 68.08799743652344, 71.04000091552734, 67.802001953125, 74.0, 66.36000061035156, 68.69599914550781, 69.40399932861328, 69.80400085449219, 69.33799743652344, 68.11000061035156, 68.4540023803711, 69.20999908447266, 68.94599914550781, 69.41000366210938, 66.84600067138672, 73.39800262451172, 68.87799835205078, 68.11399841308594, 70.25199890136719, 72.95600128173828], "e_f1": [0.10576659069381414, 0.10098943880715297, 0.18212932303590798, 0.19331468755296885, 0.1078509817208682, 0.16684861453590275, 0.1282288297152172, 0.14451066398158566, 0.15827245756885208, 0.17071958422203176, 0.10274089001447724, 0.1418488469263979, 0.12911992188942792, 0.11310270318013615, 0.10859014074493249, 0.13121323286345812, 0.16225037412405843, 0.12407928610507304, 0.17048371534826184, 0.18829974616741071, 0.1495206011062813, 0.14629961504221173, 0.14492127344488878, 0.14849315836540575, 0.12894891337638328], "auc": [0.5692892156862746, 0.5706127450980392, 0.7563970588235295, 0.7786519607843136, 0.6504411764705882, 0.7462254901960784, 0.6878676470588235, 0.6487745098039217, 0.721764705882353, 0.797671568627451, 0.6811029411764706, 0.6598039215686275, 0.6825980392156863, 0.7061764705882352, 0.6866666666666666, 0.6884803921568627, 0.7273039215686274, 0.6232352941176471, 0.7657843137254903, 0.79375, 0.7251960784313725, 0.6253676470588235, 0.6950735294117647, 0.7085294117647059, 0.6570588235294117], "log_prob": [-207.59466552734375, -209.07232666015625, -191.81207275390625, -156.4994659423828, -182.09454345703125, -195.3850860595703, -195.19699096679688, -228.5853271484375, -160.383056640625, -168.80316162109375, -206.27210998535156, -225.7890625, -205.8153076171875, -188.97030639648438, -205.14923095703125, -191.93629455566406, -208.78585815429688, -250.92520141601562, -193.13677978515625, -165.7608642578125, -169.4716796875, -239.25413513183594, -207.7416534423828, -176.45262145996094, -186.54486083984375]}