{"e_shd": [24.107999801635742, 27.86400032043457, 34.66999816894531, 27.22800064086914, 30.413999557495117, 23.722000122070312, 26.947999954223633, 26.055999755859375, 25.52400016784668, 29.573999404907227, 27.610000610351562, 31.055999755859375, 28.09600067138672, 24.51799964904785, 28.332000732421875, 24.01799964904785, 29.326000213623047, 21.73200035095215, 22.780000686645508, 22.75200080871582, 25.93600082397461, 25.035999298095703, 26.01799964904785, 25.00200080871582, 26.81999969482422], "e_f1": [0.35448417763353085, 0.2771274909446472, 0.15665300448730743, 0.3212634178823732, 0.2096320476583104, 0.35527120561436903, 0.28229350854293456, 0.37198121434476933, 0.2857981288542396, 0.18485843358720064, 0.2858492367632838, 0.21455225261014438, 0.2737084756092485, 0.3271678064593701, 0.2810364059536793, 0.3870742329537371, 0.2444531691981279, 0.4139768948340859, 0.42634528208467737, 0.3960499707359255, 0.38755243901703534, 0.343201711875897, 0.3377789902909275, 0.3448469793991196, 0.31360808132364526], "auc": [0.860328947368421, 0.90125, 0.8551315789473684, 0.8976973684210526, 0.8482236842105264, 0.9319736842105263, 0.8891447368421053, 0.93, 0.8461842105263158, 0.8161842105263157, 0.8813157894736843, 0.9217105263157894, 0.8742105263157895, 0.8950657894736842, 0.7972368421052631, 0.9338815789473685, 0.8934210526315789, 0.9415131578947369, 0.9343421052631579, 0.9698026315789474, 0.8888815789473684, 0.8728289473684211, 0.8817105263157894, 0.9199342105263159, 0.8582894736842106], "log_prob": [-50.30829620361328, -51.34839630126953, -61.053977966308594, -52.752708435058594, -60.07611083984375, -44.07473373413086, -51.947975158691406, -43.98288345336914, -56.68768310546875, -63.66731262207031, -51.09906768798828, -51.84541702270508, -54.28216552734375, -51.33483123779297, -69.02903747558594, -42.5812873840332, -54.303550720214844, -43.20246887207031, -41.797000885009766, -36.96783447265625, -45.57295227050781, -51.523475646972656, -51.22818374633789, -46.33567428588867, -54.632080078125]}