{"e_shd": [49.90800094604492, 51.05799865722656, 57.854000091552734, 52.50199890136719, 57.80400085449219, 51.459999084472656, 53.63600158691406, 47.47999954223633, 49.832000732421875, 51.683998107910156, 49.73400115966797, 55.45199966430664, 53.45000076293945, 54.85599899291992, 49.444000244140625, 52.874000549316406, 52.279998779296875, 46.347999572753906, 49.242000579833984, 49.108001708984375, 45.72600173950195, 53.36399841308594, 50.95600128173828, 48.33599853515625, 53.784000396728516], "e_f1": [0.20315920882678123, 0.14962063846271886, 0.16999699823087477, 0.1780127370152105, 0.14243044967639695, 0.17371071903777005, 0.1853138592334673, 0.188826513696926, 0.21173351630633191, 0.1410776637911553, 0.187396617463334, 0.16413482843903818, 0.1761714401978314, 0.19123189661862905, 0.15335718117626998, 0.18373303016419867, 0.1941527846554772, 0.23399292901647442, 0.19094763900962772, 0.20903288285278257, 0.20792796295895244, 0.19893642101832454, 0.1948829275883542, 0.20840130138018326, 0.14802245784730825], "auc": [0.8114473684210526, 0.7642763157894736, 0.7933552631578947, 0.8008552631578948, 0.7654605263157894, 0.7782236842105262, 0.8069078947368421, 0.8582894736842105, 0.8560526315789474, 0.7597368421052632, 0.8576315789473684, 0.8170394736842105, 0.7844078947368421, 0.8246052631578948, 0.7482894736842106, 0.8304605263157895, 0.8215131578947368, 0.8970394736842106, 0.8129605263157895, 0.8789473684210526, 0.8564473684210525, 0.8132236842105263, 0.8228947368421052, 0.8714473684210526, 0.7402631578947368], "log_prob": [-76.4292221069336, -81.38874816894531, -87.4847412109375, -79.95735168457031, -87.09344482421875, -82.58795928955078, -79.3388900756836, -67.70853424072266, -72.15526580810547, -79.52490234375, -70.98377227783203, -80.37223052978516, -83.11920166015625, -81.47885131835938, -74.15824890136719, -77.38604736328125, -88.5047836303711, -64.38185119628906, -74.0709457397461, -69.35091400146484, -65.91569519042969, -82.73435974121094, -76.3592529296875, -68.76152801513672, -91.60428619384766]}