{"e_shd": [68.31800079345703, 63.70000076293945, 69.62200164794922, 68.27799987792969, 69.9520034790039, 67.06400299072266, 68.83599853515625, 62.25400161743164, 62.88999938964844, 66.13200378417969, 67.89600372314453, 67.73600006103516, 67.6240005493164, 64.0479965209961, 65.10800170898438, 68.552001953125, 68.58999633789062, 74.91400146484375, 69.9540023803711, 67.8219985961914, 71.41799926757812, 67.15799713134766, 67.69999694824219, 66.51399993896484, 68.96399688720703], "e_f1": [0.29301089735193475, 0.3264344266179759, 0.2776254677847962, 0.2904547966132891, 0.2509875612194441, 0.28085191355641714, 0.28218532222607573, 0.3231895151660791, 0.3126583150141081, 0.2952213490875233, 0.27979237004796803, 0.29724824824700785, 0.2565023134116047, 0.31533358495390257, 0.3193709409822678, 0.2796739856319796, 0.26387290499901545, 0.2317123804728547, 0.24239748288708382, 0.29604925099427876, 0.24485273961632004, 0.28546768519933546, 0.29474432176911897, 0.3005166235490075, 0.27230296108930957], "auc": [0.8581944444444445, 0.8870486111111111, 0.8373958333333333, 0.8406597222222223, 0.8223958333333333, 0.8440972222222223, 0.8366319444444444, 0.8873958333333333, 0.8675347222222222, 0.8560069444444445, 0.8350694444444444, 0.8415972222222223, 0.8146875, 0.8740277777777777, 0.8666666666666667, 0.8372222222222222, 0.8301388888888889, 0.7616319444444444, 0.8098263888888888, 0.858298611111111, 0.8129166666666666, 0.8405555555555556, 0.8606597222222222, 0.8682638888888888, 0.8278819444444444], "log_prob": [-101.81128692626953, -91.77188110351562, -99.89898681640625, -99.45574951171875, -107.3916015625, -101.0814437866211, -105.87632751464844, -90.85188293457031, -96.19670867919922, -95.526611328125, -105.38348388671875, -114.38072204589844, -105.8143081665039, -92.52413940429688, -93.40997314453125, -98.87200164794922, -102.6241683959961, -120.06834411621094, -107.17625427246094, -96.88036346435547, -107.30854797363281, -97.58184814453125, -95.49927520751953, -95.68089294433594, -107.07032775878906]}