{"e_shd": [81.79000091552734, 85.54199981689453, 79.46199798583984, 78.48799896240234, 86.39199829101562, 81.60199737548828, 76.6780014038086, 78.12200164794922, 85.86199951171875, 77.64199829101562, 83.8479995727539, 77.06800079345703, 82.68399810791016, 81.12000274658203, 85.0459976196289, 73.43599700927734, 82.73400115966797, 78.27400207519531, 77.15599822998047, 78.26799774169922, 87.0780029296875, 78.9219970703125, 81.07599639892578, 80.76599884033203, 83.50199890136719], "e_f1": [0.30321615510777117, 0.2861564831453354, 0.3176652797631781, 0.3263966139411783, 0.269702352114447, 0.30168452075796154, 0.34537768136152375, 0.3204859395600075, 0.2619003897993247, 0.3166470715429734, 0.2803201348765882, 0.32598266217164956, 0.2890996254745876, 0.30515634472099484, 0.28441117585288395, 0.38165774959105536, 0.3248508063953375, 0.3162344272740886, 0.33689010102684325, 0.31690532016156314, 0.2561582687468893, 0.32065638230642046, 0.317460654004148, 0.319261806372857, 0.30292958257797375], "auc": [0.8105882352941176, 0.8098284313725491, 0.8406372549019607, 0.8622058823529412, 0.7967892156862745, 0.824436274509804, 0.8655882352941177, 0.8310049019607844, 0.7904901960784313, 0.8275, 0.7684313725490196, 0.8631372549019608, 0.8039950980392158, 0.8314950980392158, 0.7678186274509804, 0.907843137254902, 0.821764705882353, 0.8456862745098039, 0.8518382352941176, 0.860343137254902, 0.7486764705882353, 0.8387745098039215, 0.8539705882352941, 0.8468382352941177, 0.821421568627451], "log_prob": [-126.5917739868164, -130.63450622558594, -124.24940490722656, -121.23037719726562, -136.10238647460938, -126.65959930419922, -115.16807556152344, -124.05253601074219, -134.30123901367188, -126.41878509521484, -137.39291381835938, -117.87872314453125, -129.7213897705078, -126.07740020751953, -147.08248901367188, -106.89019012451172, -125.25701141357422, -120.3743896484375, -119.7041015625, -119.18856811523438, -142.13534545898438, -123.82833862304688, -124.40017700195312, -123.76411437988281, -128.75045776367188]}