{"e_shd": [66.21199798583984, 64.99800109863281, 64.4739990234375, 63.577999114990234, 78.76799774169922, 66.1760025024414, 67.60800170898438, 66.97200012207031, 65.95600128173828, 64.63600158691406, 76.03399658203125, 66.66999816894531, 65.33200073242188, 66.2239990234375, 69.3280029296875, 65.47200012207031, 65.84400177001953, 70.97200012207031, 65.26200103759766, 64.79000091552734, 65.47000122070312, 68.10800170898438, 65.33200073242188, 67.75800323486328, 67.94999694824219], "e_f1": [0.048189721065902594, 0.0636302733711618, 0.09618095102967474, 0.13459150750551085, 0.14142048597739135, 0.10182410359624026, 0.09903884503461372, 0.10797046483575826, 0.08388496208793841, 0.12336177241683341, 0.13345441108830156, 0.08872079617446019, 0.07573617032575439, 0.0967037748258363, 0.10807002275637256, 0.07231703889013553, 0.09654812791744445, 0.09158971639150468, 0.1201519517381752, 0.13799368917143998, 0.0999289264104278, 0.10992442620197435, 0.0997187580413593, 0.09913363413628534, 0.08838107740572619], "auc": [0.5223529411764706, 0.5913725490196079, 0.706813725490196, 0.7852696078431373, 0.6578676470588235, 0.7293137254901961, 0.6875490196078431, 0.6552941176470588, 0.7382352941176471, 0.786372549019608, 0.6574509803921569, 0.6941176470588235, 0.7027205882352942, 0.730686274509804, 0.7052696078431372, 0.6636764705882353, 0.7289705882352941, 0.6029901960784314, 0.7770833333333333, 0.7702450980392157, 0.7196813725490196, 0.6491421568627451, 0.6806862745098039, 0.6898774509803922, 0.63375], "log_prob": [-325.43121337890625, -247.88812255859375, -239.75997924804688, -191.42958068847656, -177.5440673828125, -210.5864715576172, -209.93707275390625, -214.17013549804688, -209.1021728515625, -190.97694396972656, -176.43299865722656, -209.39752197265625, -222.23013305664062, -203.341796875, -193.7130126953125, -232.83474731445312, -208.37054443359375, -215.74591064453125, -190.0064239501953, -189.21194458007812, -219.61117553710938, -229.01492309570312, -215.79681396484375, -211.50265502929688, -217.4558563232422]}