{"e_shd": [31.082000732421875, 30.356000900268555, 31.72599983215332, 31.11199951171875, 32.33599853515625, 31.09600067138672, 31.312000274658203, 33.055999755859375, 31.667999267578125, 33.09600067138672, 32.790000915527344, 35.939998626708984, 34.29199981689453, 29.70199966430664, 32.64799880981445, 28.360000610351562, 32.20600128173828, 29.670000076293945, 29.788000106811523, 31.937999725341797, 33.07600021362305, 31.763999938964844, 31.961999893188477, 32.08000183105469, 34.599998474121094], "e_f1": [0.18444188609391624, 0.14887457034123325, 0.13210390375000042, 0.18248819850335446, 0.12088386331499298, 0.20174166417016073, 0.15802592229994927, 0.18378806494104646, 0.1991263459809592, 0.12160879573078887, 0.16405493588780728, 0.14470580296495902, 0.1945945679355991, 0.221835076326231, 0.178139520736535, 0.23411059708181456, 0.15649060764911632, 0.22138382331991874, 0.2512377387239163, 0.15940250005520948, 0.21740671461686317, 0.19156393394050897, 0.20615867440883565, 0.18816765117933004, 0.1625578106751419], "auc": [0.7994736842105263, 0.8780263157894737, 0.8373026315789474, 0.8451315789473685, 0.8099999999999999, 0.8856578947368421, 0.8676973684210526, 0.8751973684210527, 0.8338157894736842, 0.7627631578947369, 0.8753947368421052, 0.8040789473684211, 0.8383552631578948, 0.8985526315789474, 0.8119736842105263, 0.8778289473684211, 0.8411842105263159, 0.9139473684210526, 0.9277631578947367, 0.9042763157894737, 0.8617763157894738, 0.8378947368421052, 0.8183552631578948, 0.8676973684210527, 0.7625], "log_prob": [-62.79774475097656, -59.17365264892578, -63.23693084716797, -60.61784744262695, -64.80500793457031, -55.947914123535156, -60.16889190673828, -58.036705017089844, -61.01460266113281, -67.60441589355469, -58.09223175048828, -68.74214172363281, -61.956077575683594, -53.620853424072266, -61.14764404296875, -64.0301513671875, -62.231964111328125, -51.766944885253906, -49.69649124145508, -56.46659851074219, -58.18352508544922, -59.30669403076172, -62.437530517578125, -59.270565032958984, -91.5747299194336]}