{"e_shd": [48.31800079345703, 48.88800048828125, 51.560001373291016, 46.709999084472656, 48.237998962402344, 46.52799987792969, 45.481998443603516, 49.231998443603516, 51.54800033569336, 48.2400016784668, 49.39799880981445, 49.71200180053711, 51.57400131225586, 50.5099983215332, 46.47200012207031, 48.439998626708984, 49.17599868774414, 52.082000732421875, 50.15399932861328, 50.49800109863281, 49.10200119018555, 48.35599899291992, 49.400001525878906, 50.43199920654297, 50.060001373291016], "e_f1": [0.09855390195190492, 0.15526697709022638, 0.09754375753238584, 0.11271954097222141, 0.0886040171324857, 0.12371519093932051, 0.1175862338622142, 0.16078198436496668, 0.13609123148941843, 0.11344606318005312, 0.1303238545061397, 0.11405227239467573, 0.14783454542449295, 0.1414416134727254, 0.09841264571610737, 0.10818633893489081, 0.11895317840764093, 0.1005604036418494, 0.09810105054691513, 0.1442422650678538, 0.12541510610086548, 0.10315675844982738, 0.1518229791040481, 0.09660688663783515, 0.11830544110969601], "auc": [0.6670833333333334, 0.7917708333333333, 0.6944097222222222, 0.7736458333333333, 0.6865972222222223, 0.8122916666666666, 0.8416319444444444, 0.8100694444444444, 0.7103472222222222, 0.7335069444444444, 0.7518402777777778, 0.7540972222222222, 0.7621180555555556, 0.7857638888888889, 0.7694097222222223, 0.7170138888888888, 0.7669444444444444, 0.5735416666666666, 0.6617361111111111, 0.8017013888888889, 0.7280555555555556, 0.7476041666666666, 0.7940972222222222, 0.6439236111111111, 0.7161111111111111], "log_prob": [-143.44622802734375, -119.50778198242188, -135.4530029296875, -135.3042755126953, -148.62213134765625, -128.78457641601562, -124.96488189697266, -116.76323699951172, -132.65536499023438, -136.5348358154297, -126.44718933105469, -130.9554443359375, -124.00731658935547, -120.1650390625, -135.5931396484375, -141.9819793701172, -125.73419952392578, -147.87042236328125, -138.62310791015625, -120.43511199951172, -133.44081115722656, -146.90826416015625, -123.45923614501953, -146.71495056152344, -133.48583984375]}