{"e_shd": [57.47600173950195, 48.9640007019043, 44.77000045776367, 56.58000183105469, 56.597999572753906, 52.11199951171875, 50.44200134277344, 46.08399963378906, 39.486000061035156, 56.19599914550781], "e_f1": [0.15860069860117437, 0.2005996798866055, 0.17216678792294504, 0.13149435524480263, 0.2607244205668724, 0.16913800044345925, 0.16347453610925652, 0.16021371819335517, 0.13468626451466809, 0.1672069653757549], "auc": [0.8047983156028369, 0.9015151515151516, 0.8916546416546416, 0.7311291649526943, 0.8698569591771135, 0.7971398915926652, 0.8715127465127466, 0.8626315789473684, 0.8809227793894183, 0.8322569484488525], "log_prob": [-82.51019287109375, -67.0533218383789, -65.61810302734375, -91.22704315185547, -87.51547241210938, -91.13348388671875, -71.35929870605469, -66.0110092163086, -61.284645080566406, -79.80313110351562]}