{"e_shd": [72.99800109863281, 70.05999755859375, 75.61599731445312, 75.04199981689453, 74.78399658203125, 71.98200225830078, 72.53199768066406, 67.91000366210938, 71.3759994506836, 72.6240005493164, 70.86599731445312, 70.47799682617188, 71.52999877929688, 68.8759994506836, 71.16200256347656, 72.90399932861328, 72.91000366210938, 76.45999908447266, 72.71800231933594, 70.9540023803711, 73.68599700927734, 73.58399963378906, 72.30000305175781, 69.197998046875, 73.13600158691406], "e_f1": [0.23978079236684408, 0.27143431799005147, 0.23841673883048478, 0.23137001774700441, 0.19600388453934772, 0.21961352954049015, 0.22971340424138878, 0.2692736483883618, 0.2368155113590794, 0.23392563729495566, 0.23357297875659955, 0.24372834465172122, 0.22009062553928033, 0.25550057404049564, 0.24134516257816852, 0.22345422618207186, 0.2182666321301703, 0.2074070749241261, 0.19925908264799863, 0.25106303706744126, 0.2201782128643887, 0.23218579281410573, 0.2436772090130903, 0.24136455406586624, 0.2214065595070535], "auc": [0.8085416666666667, 0.8438541666666666, 0.7962152777777778, 0.7926736111111112, 0.7466666666666667, 0.7823263888888888, 0.7923611111111111, 0.8526041666666666, 0.8015972222222223, 0.7968402777777778, 0.8080555555555555, 0.8161805555555555, 0.7837500000000001, 0.8307291666666666, 0.8165625, 0.7934027777777778, 0.7908680555555556, 0.7625694444444444, 0.7614583333333333, 0.8215972222222222, 0.7759722222222221, 0.8055902777777777, 0.8170138888888889, 0.8367708333333334, 0.7949305555555555], "log_prob": [-111.63412475585938, -100.84476470947266, -108.16752624511719, -111.90605926513672, -115.49337005615234, -111.58716583251953, -108.97592163085938, -98.19259643554688, -108.60382080078125, -107.4967269897461, -107.98556518554688, -118.48382568359375, -109.00898742675781, -98.66763305664062, -104.35020446777344, -106.6387939453125, -109.72828674316406, -114.27793884277344, -112.6750259399414, -103.4754409790039, -112.78678894042969, -106.00382232666016, -103.16761779785156, -100.77247619628906, -109.37203216552734]}