{"e_shd": [86.697998046875, 87.78800201416016, 82.35199737548828, 82.13800048828125, 87.9520034790039, 85.71800231933594, 81.6760025024414, 81.94400024414062, 86.13800048828125, 83.052001953125, 88.03600311279297, 86.13400268554688, 87.2239990234375, 85.63999938964844, 85.89600372314453, 80.02200317382812, 82.54000091552734, 85.18199920654297, 81.17400360107422, 82.89800262451172, 88.58599853515625, 84.25800323486328, 84.17400360107422, 85.99800109863281, 87.61799621582031], "e_f1": [0.24146644068970427, 0.24337416547191804, 0.2843015698647475, 0.28555433578225686, 0.23164322061329728, 0.267788422306435, 0.297778005056941, 0.2949059516360312, 0.2410804310424151, 0.26716993866434885, 0.2488060675623762, 0.25592996589963735, 0.25128625533213206, 0.260194103562313, 0.24374220632230992, 0.3133092846391278, 0.2581049061227906, 0.2605773355848314, 0.2892208341590553, 0.2857735244985024, 0.24450186308276786, 0.2771921425482392, 0.26727887055631044, 0.27335290041438876, 0.2789008646110995], "auc": [0.7643872549019608, 0.7742401960784314, 0.8269607843137254, 0.8095098039215687, 0.7535539215686274, 0.7920588235294117, 0.833406862745098, 0.8297549019607844, 0.7671813725490196, 0.8030147058823529, 0.7770343137254903, 0.7743872549019608, 0.7478186274509804, 0.7695833333333333, 0.7458333333333333, 0.8672549019607844, 0.818063725490196, 0.7883088235294118, 0.8393872549019608, 0.8365441176470588, 0.7464950980392157, 0.811078431372549, 0.8280392156862745, 0.7943627450980392, 0.7873529411764706], "log_prob": [-137.70770263671875, -139.2690887451172, -128.8505859375, -132.83412170410156, -142.4964599609375, -134.92413330078125, -124.36343383789062, -130.11077880859375, -138.95834350585938, -131.08706665039062, -138.62149047851562, -137.576904296875, -138.71615600585938, -137.36561584472656, -151.8224639892578, -120.17735290527344, -131.36630249023438, -132.5684814453125, -124.70056915283203, -126.15896606445312, -142.85836791992188, -130.6893310546875, -131.75755310058594, -137.58538818359375, -133.2064208984375]}