{"e_shd": [52.76599884033203, 51.189998626708984, 61.84000015258789, 49.22800064086914, 60.08599853515625, 51.34000015258789, 54.948001861572266, 54.12200164794922, 52.805999755859375, 52.645999908447266, 55.61399841308594, 58.98400115966797, 53.284000396728516, 52.125999450683594, 51.944000244140625, 53.0099983215332, 58.58399963378906, 46.88600158691406, 50.02000045776367, 53.09600067138672, 48.31999969482422, 56.47999954223633, 52.80799865722656, 54.263999938964844, 55.2760009765625], "e_f1": [0.16607410637577452, 0.13953890600355337, 0.13999594384687608, 0.13178804125822272, 0.13425258206987287, 0.15351595463333426, 0.17289620834485409, 0.1317825711431004, 0.17363443756107677, 0.12606261735963292, 0.14358350305974574, 0.1708864395897553, 0.15488070295749545, 0.16936438775879037, 0.14345416711050518, 0.17497183879830253, 0.15891835302201027, 0.19323296839882867, 0.15456306791119226, 0.1680256170039534, 0.13230063724593527, 0.15752211701694416, 0.14941145912765125, 0.1827031089757506, 0.12771275893057898], "auc": [0.7877631578947368, 0.770921052631579, 0.7559868421052631, 0.759671052631579, 0.7539473684210527, 0.8108552631578947, 0.8382894736842105, 0.7528289473684211, 0.8392763157894737, 0.755, 0.7788157894736842, 0.8196710526315789, 0.80375, 0.8161842105263157, 0.78875, 0.8358552631578947, 0.7979605263157894, 0.86625, 0.8075657894736842, 0.8273026315789473, 0.7890131578947368, 0.8015789473684211, 0.789671052631579, 0.8341447368421053, 0.7401973684210527], "log_prob": [-80.52505493164062, -76.8962631225586, -91.637451171875, -79.37149810791016, -87.47020721435547, -74.42572021484375, -76.72232055664062, -77.78730010986328, -74.28656005859375, -77.08145141601562, -79.87439727783203, -81.90447235107422, -79.25908660888672, -76.45419311523438, -74.54756927490234, -75.26881408691406, -84.37007141113281, -65.9581298828125, -73.21122741699219, -73.01439666748047, -71.68102264404297, -81.55332946777344, -78.50757598876953, -78.38259887695312, -85.99842834472656]}