{"e_shd": [92.74199676513672, 86.4739990234375, 91.56199645996094, 90.97000122070312, 90.76799774169922, 91.5780029296875, 87.4219970703125, 91.45600128173828, 93.41000366210938, 89.5479965209961, 93.32599639892578, 91.87200164794922, 93.01799774169922, 91.26399993896484, 93.44599914550781, 91.43599700927734, 89.55400085449219, 92.7979965209961, 93.50800323486328, 91.40399932861328, 89.54000091552734, 90.58999633789062, 93.16999816894531, 90.7760009765625, 91.5479965209961], "e_f1": [0.21123893500884777, 0.28118121386921474, 0.20169027544919632, 0.2031459940734238, 0.2141203217353377, 0.21120794397235584, 0.2443520555552841, 0.1976416876167671, 0.21786776473645977, 0.23564663818390344, 0.2052639535682933, 0.1994801736769429, 0.18907627194547927, 0.2154985892894948, 0.1841772912937329, 0.21044053837554175, 0.2243344602188165, 0.19807932447070478, 0.1973945237313421, 0.1921518245898023, 0.23631932443894135, 0.20837186586805886, 0.19202959693930374, 0.21245275030318245, 0.2036595322739883], "auc": [0.7174019607843137, 0.8101960784313725, 0.6927450980392157, 0.7063235294117647, 0.7286519607843138, 0.6934803921568626, 0.7992647058823529, 0.6756617647058822, 0.7127205882352942, 0.7388235294117648, 0.6903676470588236, 0.6932843137254902, 0.6511029411764706, 0.723235294117647, 0.6557107843137255, 0.7258088235294118, 0.7435294117647059, 0.6822303921568628, 0.6899509803921569, 0.6901225490196078, 0.7463235294117646, 0.7348774509803921, 0.6611274509803923, 0.704485294117647, 0.729093137254902], "log_prob": [-152.110595703125, -135.0462188720703, -153.09178161621094, -151.7923583984375, -149.29148864746094, -152.97662353515625, -139.55953979492188, -160.6576385498047, -152.4944610595703, -143.78903198242188, -154.192138671875, -152.64959716796875, -161.5491943359375, -150.58070373535156, -160.09930419921875, -150.15835571289062, -147.75588989257812, -155.64132690429688, -155.52621459960938, -153.1558837890625, -144.14430236816406, -148.25352478027344, -161.84213256835938, -154.93719482421875, -151.32061767578125]}