{"e_shd": [62.49599838256836, 63.04600143432617, 63.167999267578125, 62.47999954223633, 66.88200378417969, 62.12200164794922, 65.74600219726562, 58.58599853515625, 65.91200256347656, 67.34600067138672, 65.72599792480469, 65.97799682617188, 67.1259994506836, 64.47799682617188, 62.50199890136719, 61.145999908447266, 59.68600082397461, 65.9000015258789, 61.316001892089844, 62.805999755859375, 58.012001037597656, 63.486000061035156, 60.70199966430664, 65.00599670410156, 62.428001403808594], "e_f1": [0.11385759570969442, 0.11239767015439883, 0.14438392277770043, 0.12840460683571311, 0.12758005104816808, 0.13862431201048359, 0.11062981127262808, 0.15764631675136884, 0.12320961534919138, 0.09816558675967883, 0.10779780086214169, 0.12187804452051094, 0.11581031547531437, 0.11959678676417539, 0.12953013535281405, 0.13905186139398498, 0.13413292445253622, 0.10803083711480577, 0.14486395895595003, 0.14208892428762243, 0.1404671030595665, 0.11128279341685111, 0.13155287568051027, 0.11105591754153814, 0.1284812404800427], "auc": [0.6926973684210526, 0.7269736842105263, 0.7722368421052631, 0.7321052631578948, 0.7408552631578947, 0.7703289473684211, 0.6921710526315791, 0.8142763157894738, 0.7474999999999999, 0.6540131578947369, 0.6998026315789474, 0.724013157894737, 0.7147368421052631, 0.7363815789473684, 0.7630921052631578, 0.7880263157894737, 0.7728947368421052, 0.6831578947368421, 0.7915131578947369, 0.77125, 0.7654605263157894, 0.7138815789473684, 0.77125, 0.7211184210526316, 0.7594736842105263], "log_prob": [-90.45587158203125, -87.76203918457031, -88.78717041015625, -90.59306335449219, -91.6093978881836, -86.66913604736328, -93.44750213623047, -81.17344665527344, -89.75919342041016, -94.31727600097656, -90.898681640625, -91.784423828125, -92.6497573852539, -87.81291198730469, -85.78396606445312, -82.45978546142578, -82.59544372558594, -91.3802490234375, -83.80426025390625, -85.70354461669922, -85.54087829589844, -88.55775451660156, -84.29246520996094, -89.90972137451172, -85.25054931640625]}