{"e_shd": [78.19000244140625, 74.49800109863281, 79.04399871826172, 74.61799621582031, 78.49400329589844, 79.61799621582031, 77.87799835205078, 78.27999877929688, 77.51399993896484, 80.76399993896484, 75.91600036621094, 75.24199676513672, 79.63200378417969, 71.60199737548828, 79.70800018310547, 79.80799865722656, 79.52200317382812, 74.94200134277344, 73.15799713134766, 79.02799987792969, 79.3479995727539, 79.18399810791016, 76.53399658203125, 74.13200378417969, 79.88999938964844], "e_f1": [0.1839464254967488, 0.22615387271166396, 0.17850360097366358, 0.20040831220151228, 0.15294090339169691, 0.17530262530030638, 0.16543490259000054, 0.1898166021670817, 0.17427216546554222, 0.14729302132992614, 0.2119631650459059, 0.19963466994174925, 0.16419788957873116, 0.22956887539070153, 0.15952403427809345, 0.16382020632400182, 0.16646112891143122, 0.20531758691841395, 0.2132870470713349, 0.17667903548143485, 0.17267506814277636, 0.15836659691896426, 0.19375361421587622, 0.2132682013432101, 0.15750141450489255], "auc": [0.7297916666666666, 0.8148958333333333, 0.7248958333333334, 0.7810763888888889, 0.6630902777777777, 0.7143055555555556, 0.6865972222222222, 0.734375, 0.7151736111111111, 0.6318055555555556, 0.8091319444444444, 0.8098958333333334, 0.6815625, 0.8289583333333332, 0.684236111111111, 0.6710763888888889, 0.6862152777777778, 0.7668055555555555, 0.7920833333333333, 0.7443402777777778, 0.6924652777777778, 0.6682638888888889, 0.7542013888888889, 0.7894444444444444, 0.6704166666666667], "log_prob": [-118.51468658447266, -108.5906982421875, -121.28616333007812, -112.28105926513672, -126.13432312011719, -119.8994369506836, -123.94296264648438, -119.20024871826172, -120.20802307128906, -127.72817993164062, -109.472412109375, -110.2192611694336, -123.55003356933594, -103.99951171875, -125.13321685791016, -125.71514892578125, -124.48904418945312, -114.716552734375, -110.22381591796875, -118.33767700195312, -121.33887481689453, -123.49063110351562, -115.59370422363281, -112.20613098144531, -124.69374084472656]}