{"e_shd": [48.689998626708984, 48.6879997253418, 47.167999267578125, 47.678001403808594, 48.24599838256836, 47.61600112915039, 49.58399963378906, 46.965999603271484, 48.58000183105469, 49.858001708984375, 49.43199920654297, 48.63199996948242, 49.59600067138672, 49.33599853515625, 48.37200164794922, 47.94200134277344, 47.83399963378906, 49.290000915527344, 46.79800033569336, 48.231998443603516, 47.236000061035156, 48.349998474121094, 48.11800003051758, 50.06399917602539, 48.17399978637695], "e_f1": [0.10498633646607702, 0.09816946767608566, 0.12014352418294601, 0.11502763386174558, 0.1054502434367118, 0.11461201874761599, 0.08903308390505482, 0.13386524777574715, 0.10726207974126893, 0.08467961769484336, 0.0921366698350196, 0.10488307438710728, 0.0995628474513065, 0.09086451097540126, 0.10926976044863328, 0.11776708991165287, 0.1158912217224565, 0.09710146506802997, 0.1302235510385343, 0.1136435452194226, 0.12109086230639883, 0.10292658312351115, 0.10936732138142888, 0.08969834882949985, 0.11875834798228502], "auc": [0.7156578947368422, 0.7223026315789474, 0.7650657894736841, 0.7630921052631578, 0.7358552631578947, 0.7565131578947368, 0.6564473684210527, 0.8029605263157894, 0.7514473684210528, 0.638421052631579, 0.7063815789473684, 0.7515131578947368, 0.7052631578947368, 0.6730263157894737, 0.7488815789473684, 0.7901973684210526, 0.7641447368421053, 0.6853289473684211, 0.8073026315789473, 0.7857236842105264, 0.7471710526315789, 0.7433552631578947, 0.7648684210526316, 0.6803289473684211, 0.7871710526315789], "log_prob": [-77.08000946044922, -76.64152526855469, -83.75194549560547, -74.04265594482422, -75.04103088378906, -75.9632568359375, -80.42589569091797, -70.91877746582031, -76.79177856445312, -81.00102996826172, -78.20574951171875, -75.59127807617188, -77.31796264648438, -78.27964782714844, -75.27188873291016, -71.70479583740234, -72.7812271118164, -76.59771728515625, -70.22372436523438, -72.74656677246094, -97.58793640136719, -74.22372436523438, -74.75059509277344, -80.85545349121094, -72.40866088867188]}