{"e_shd": [79.30000305175781, 77.81800079345703, 81.24199676513672, 79.51799774169922, 79.34600067138672, 79.48200225830078, 78.10600280761719, 80.18199920654297, 80.12200164794922, 78.63999938964844, 80.92400360107422, 80.79199981689453, 80.48600006103516, 80.23400115966797, 80.98999786376953, 79.66200256347656, 79.58799743652344, 80.5979995727539, 80.5, 80.84600067138672, 78.70999908447266, 80.16600036621094, 80.4800033569336, 79.75199890136719, 81.54199981689453], "e_f1": [0.1609412037462448, 0.18145966529351196, 0.14515692805446886, 0.15668364486965683, 0.16226238561097997, 0.16249475858307613, 0.17843232053130123, 0.14552762735772826, 0.1521657085029988, 0.17042145975202674, 0.14885677863488855, 0.14552517785486718, 0.1511862637917539, 0.151235443937053, 0.14288332268910647, 0.1516808367297877, 0.1594187327504456, 0.14937877707151126, 0.14634333650179174, 0.14774231738866, 0.16811032213631177, 0.1568090910196215, 0.14971590041435826, 0.15631153727289876, 0.1409304981849583], "auc": [0.7286274509803922, 0.7800735294117646, 0.6412009803921569, 0.7173039215686274, 0.7339460784313726, 0.71375, 0.7770588235294118, 0.6713235294117648, 0.6996323529411764, 0.7332843137254902, 0.7059313725490196, 0.6539705882352942, 0.675906862745098, 0.6832107843137255, 0.6656862745098039, 0.7179166666666666, 0.7188480392156863, 0.693921568627451, 0.691813725490196, 0.6776960784313725, 0.7530637254901961, 0.7169852941176471, 0.6709313725490196, 0.6953186274509804, 0.6649999999999999], "log_prob": [-159.21395874023438, -163.44630432128906, -166.1534881591797, -159.1001434326172, -157.3185577392578, -157.59857177734375, -151.77565002441406, -168.95904541015625, -160.4764404296875, -153.11163330078125, -162.21600341796875, -164.28297424316406, -164.38243103027344, -163.00897216796875, -165.9486083984375, -160.26498413085938, -158.86447143554688, -161.87680053710938, -164.781982421875, -162.4427947998047, -154.32742309570312, -158.00204467773438, -169.89532470703125, -163.86221313476562, -166.4671173095703]}