{"e_shd": [64.02999877929688, 62.071998596191406, 64.37000274658203, 62.36800003051758, 65.1719970703125, 64.33799743652344, 64.36599731445312, 64.28199768066406, 64.3219985961914, 65.69000244140625, 62.34400177001953, 62.43199920654297, 65.58799743652344, 60.8380012512207, 65.5780029296875, 64.7959976196289, 64.68199920654297, 62.42399978637695, 62.2140007019043, 64.37999725341797, 64.45800018310547, 65.1719970703125, 64.3479995727539, 62.24399948120117, 65.55000305175781], "e_f1": [0.14615730160077853, 0.1653716618654785, 0.14197215155670811, 0.15944563187666652, 0.1215206229345876, 0.14565062592498612, 0.12981676515640447, 0.14760349719978855, 0.13990459921884274, 0.11702947468706121, 0.16389534787508864, 0.16084576606777937, 0.123696123543609, 0.18463221434561775, 0.12616075532933752, 0.13171764135220113, 0.13076286408720805, 0.1580292120051509, 0.16012147607948954, 0.13876865076654418, 0.13252303423170925, 0.12856888925461757, 0.1425427458331876, 0.16109954625174522, 0.12060847458346813], "auc": [0.7305208333333333, 0.7873611111111111, 0.7511805555555555, 0.780798611111111, 0.6621527777777777, 0.7503819444444444, 0.6828124999999999, 0.7302430555555556, 0.7021875, 0.6380208333333334, 0.8271180555555556, 0.8097222222222222, 0.6547569444444444, 0.8305902777777777, 0.6669097222222223, 0.6827777777777778, 0.6783680555555556, 0.7480208333333334, 0.7771180555555556, 0.7476041666666666, 0.6782638888888889, 0.6840277777777777, 0.7174305555555556, 0.7862152777777778, 0.6389583333333333], "log_prob": [-113.79415893554688, -108.79319763183594, -117.61122131347656, -109.93854522705078, -136.04296875, -113.41059875488281, -120.40135955810547, -114.86518096923828, -117.7115478515625, -123.51750183105469, -106.84637451171875, -108.53602600097656, -122.13489532470703, -102.21963500976562, -132.81076049804688, -120.58955383300781, -123.74174499511719, -123.59778594970703, -109.60617065429688, -115.25757598876953, -119.1424560546875, -121.82947540283203, -116.61786651611328, -110.24772644042969, -124.44629669189453]}