{"e_shd": [57.459999084472656, 56.77399826049805, 56.375999450683594, 54.17399978637695, 59.652000427246094, 64.0199966430664, 53.11600112915039, 56.97999954223633, 54.90999984741211, 65.64399719238281, 61.53799819946289, 58.14799880981445, 58.65800094604492, 57.27000045776367, 65.4219970703125, 55.46200180053711, 51.40399932861328, 50.066001892089844, 53.374000549316406, 53.45600128173828, 58.215999603271484, 56.263999938964844, 59.18000030517578, 49.82600021362305, 57.895999908447266], "e_f1": [0.21611508172466218, 0.21130866041193966, 0.20057185183062293, 0.2293476143516125, 0.21188078907330304, 0.200995464592416, 0.2302684635431853, 0.2508618579718412, 0.2571089753784107, 0.17689340609414386, 0.2202716216461012, 0.19014679302882978, 0.21423625787375875, 0.24524293076313725, 0.17868403355469137, 0.25582428408212116, 0.2698718656115814, 0.3054156794744423, 0.2756538385837648, 0.2786951854857493, 0.24460266780538303, 0.23380645160794733, 0.23518078317677385, 0.2847942726734165, 0.22340170575910429], "auc": [0.7784868421052631, 0.7689473684210526, 0.8136184210526316, 0.8195394736842105, 0.8114473684210526, 0.7640131578947369, 0.825, 0.8847368421052632, 0.8616447368421052, 0.7513157894736842, 0.8511184210526315, 0.8248684210526316, 0.7719078947368422, 0.8183552631578948, 0.7708552631578947, 0.8644078947368421, 0.8664473684210526, 0.925, 0.8976315789473683, 0.9123684210526316, 0.8667105263157895, 0.7865131578947369, 0.8140789473684209, 0.8838157894736842, 0.7655921052631579], "log_prob": [-104.5701904296875, -113.38198852539062, -94.64169311523438, -93.85907745361328, -93.38531494140625, -133.412353515625, -79.41905212402344, -80.16973876953125, -94.56786346435547, -120.84660339355469, -88.7659683227539, -92.31637573242188, -125.42304992675781, -103.65823364257812, -98.00088500976562, -93.72191619873047, -87.36033630371094, -71.42462158203125, -76.39722442626953, -74.41258239746094, -80.7012939453125, -121.68605041503906, -110.03712463378906, -75.10198974609375, -126.29652404785156]}