{"e_shd": [76.69599914550781, 82.62999725341797, 73.97200012207031, 71.12000274658203, 84.11000061035156, 75.54199981689453, 70.3239974975586, 72.56600189208984, 84.51399993896484, 73.19400024414062, 77.2239990234375, 73.06999969482422, 77.91999816894531, 82.90799713134766, 80.58799743652344, 71.71399688720703, 76.16200256347656, 75.39800262451172, 74.0739974975586, 76.17400360107422, 86.14399719238281, 72.01200103759766, 72.01000213623047, 74.75800323486328, 78.27999877929688], "e_f1": [0.35779611933666505, 0.3066949073324468, 0.37852435446880056, 0.4044758578644353, 0.29099748610320875, 0.3659426915133529, 0.4106486744487053, 0.37592967357066787, 0.29842677699813563, 0.3831548648788356, 0.35612963157700256, 0.3846716559186948, 0.3513472286870695, 0.3107472829300717, 0.329400942677709, 0.39258094060619175, 0.3646398041126882, 0.3624289181472909, 0.38392926537671485, 0.36116561945022674, 0.269749195494525, 0.39183072113188944, 0.3924937801359766, 0.37333172378306734, 0.3395694214761756], "auc": [0.8455392156862744, 0.8129411764705881, 0.8698284313725491, 0.8882843137254902, 0.8090196078431373, 0.8659803921568627, 0.8921323529411764, 0.8619852941176471, 0.8074019607843137, 0.8695588235294118, 0.8469852941176471, 0.8911274509803921, 0.8255882352941177, 0.7912990196078431, 0.8098039215686275, 0.8845098039215686, 0.8517156862745098, 0.8739215686274511, 0.8510539215686275, 0.8759313725490195, 0.7670833333333333, 0.8624509803921568, 0.8736764705882353, 0.8630392156862745, 0.849656862745098], "log_prob": [-116.0745849609375, -125.07994079589844, -115.14098358154297, -108.39727783203125, -141.45216369628906, -113.55736541748047, -102.86318969726562, -120.54856872558594, -128.09988403320312, -115.17262268066406, -122.84913635253906, -110.35240173339844, -120.73609924316406, -151.64523315429688, -134.17620849609375, -118.7479248046875, -119.11325073242188, -113.74783325195312, -133.50753784179688, -114.22379302978516, -141.81698608398438, -118.67475891113281, -113.7230224609375, -127.96198272705078, -118.98634338378906]}