{"e_shd": [62.263999938964844, 58.551998138427734, 62.11800003051758, 63.029998779296875, 65.74199676513672, 62.327999114990234, 63.83599853515625, 60.56800079345703, 59.965999603271484, 64.14800262451172, 65.14399719238281, 61.810001373291016, 64.06199645996094, 57.44599914550781, 57.06399917602539, 61.5099983215332, 61.16400146484375, 68.39199829101562, 66.64199829101562, 63.874000549316406, 70.26200103759766, 61.847999572753906, 61.16600036621094, 62.80799865722656, 63.20399856567383], "e_f1": [0.36511596381566863, 0.40432467810718353, 0.37467316605714407, 0.3597870030039271, 0.33463791268895887, 0.37070876543900544, 0.35539216648623023, 0.385741717761189, 0.400617173108682, 0.33881241718054106, 0.33342147140746886, 0.37214831417689714, 0.3344160386573995, 0.40296607573908716, 0.394364751140455, 0.3648938381787707, 0.3762115418311712, 0.29674229859293005, 0.3420658651545252, 0.3601958452210051, 0.31469856322165624, 0.3777889022135737, 0.38417296851708604, 0.36299818542052903, 0.3455948584176852], "auc": [0.8812152777777778, 0.9127430555555556, 0.8979166666666667, 0.8752430555555556, 0.8656944444444444, 0.8775, 0.8780555555555556, 0.8956597222222222, 0.9017361111111111, 0.8589583333333333, 0.8444791666666667, 0.8720833333333333, 0.8682638888888888, 0.9081944444444444, 0.9176388888888889, 0.8857638888888889, 0.8863194444444444, 0.8096180555555555, 0.8656944444444443, 0.8685763888888889, 0.8330902777777778, 0.9044097222222223, 0.9045486111111112, 0.8932638888888889, 0.8753819444444445], "log_prob": [-107.09735107421875, -83.843505859375, -87.06964111328125, -102.96049499511719, -108.2665786743164, -103.7245101928711, -94.7781982421875, -88.81684875488281, -91.56221008300781, -93.49945068359375, -126.34148406982422, -115.28060150146484, -96.74497985839844, -94.55170440673828, -79.99101257324219, -88.35565185546875, -101.87633514404297, -133.63523864746094, -108.01832580566406, -90.43365478515625, -104.11964416503906, -86.36839294433594, -87.27957916259766, -89.4185791015625, -105.40469360351562]}