{"e_shd": [61.236000061035156, 57.018001556396484, 59.237998962402344, 59.58399963378906, 59.5359992980957, 57.70399856567383, 57.11199951171875, 60.417999267578125, 62.560001373291016, 59.52199935913086, 63.20000076293945, 57.902000427246094, 59.18000030517578, 61.7400016784668, 59.04600143432617, 63.48400115966797, 60.150001525878906, 57.6879997253418, 59.3380012512207, 60.540000915527344, 57.645999908447266, 58.784000396728516, 61.4119987487793, 59.47999954223633, 61.68199920654297, 59.60200119018555, 60.86199951171875, 59.72999954223633, 59.347999572753906, 60.71799850463867, 57.768001556396484, 59.332000732421875, 63.209999084472656, 61.79800033569336, 61.395999908447266, 64.72200012207031, 63.8120002746582, 60.08000183105469, 60.757999420166016, 58.551998138427734, 64.697998046875, 60.891998291015625, 58.93199920654297, 58.130001068115234, 61.98400115966797, 58.555999755859375, 57.439998626708984, 63.172000885009766, 62.51599884033203, 61.72999954223633, 59.19200134277344, 63.13800048828125, 60.40999984741211, 58.805999755859375, 58.928001403808594, 60.10599899291992, 58.29399871826172, 61.77799987792969, 58.52799987792969, 57.44200134277344, 57.30400085449219, 60.96200180053711, 61.86600112915039, 58.14799880981445, 61.689998626708984, 60.29199981689453, 60.077999114990234, 59.94200134277344, 58.87200164794922, 59.858001708984375, 61.81800079345703, 59.698001861572266, 62.4119987487793, 59.84000015258789, 60.81800079345703, 58.86399841308594, 61.987998962402344, 61.60200119018555, 59.895999908447266, 60.72600173950195, 58.12200164794922, 58.5880012512207, 61.58399963378906, 60.95399856567383, 60.27799987792969, 59.801998138427734, 61.88399887084961, 62.900001525878906, 60.18000030517578, 58.25600051879883, 58.4640007019043, 59.790000915527344, 60.97200012207031, 60.90999984741211, 61.0620002746582, 57.257999420166016, 59.354000091552734, 59.694000244140625, 62.75199890136719, 57.52000045776367], "e_f1": [0.20838285138127446, 0.2663950473698529, 0.22032016934371337, 0.20824562267457347, 0.22882493693251826, 0.24512195910452708, 0.2677492157696987, 0.2234490600647445, 0.1896811025756324, 0.21658865404929173, 0.16364196821298674, 0.24898297600190394, 0.22298038784409233, 0.1911024875556368, 0.2337688995873724, 0.16976515871108303, 0.1950287654032343, 0.23993120316817013, 0.222294317999962, 0.21067510195108116, 0.2584755768734024, 0.23391230515537437, 0.18089808703616322, 0.23284064880115662, 0.18860730692024355, 0.23073392150183866, 0.19503934279915006, 0.2098663855241795, 0.22618720496969097, 0.20256488066676215, 0.23688705915551872, 0.21024673627075235, 0.17959531445063015, 0.19970626956996823, 0.2135642655398505, 0.17337976556705853, 0.183217099636361, 0.21165030602969218, 0.21271789491993712, 0.24118725463893123, 0.1511362793553875, 0.18650584367386785, 0.23193627904253933, 0.241285825687996, 0.19362306134639112, 0.24812097636379274, 0.24867712592300914, 0.18799306666975626, 0.17408339462241995, 0.19014698620086914, 0.20553506869095162, 0.19034047267555393, 0.20372130136712968, 0.2432329329913051, 0.24070730750868488, 0.21875783754683084, 0.25329187707926487, 0.1954549869509223, 0.2307943278099619, 0.25504662581329884, 0.2615892624042524, 0.19380387748267855, 0.19375961046290327, 0.24742200120250815, 0.21110659808961235, 0.22248447124675522, 0.2022489210195999, 0.21732719954480037, 0.22887056184348578, 0.23691486924450306, 0.19414947703135738, 0.21653819254506812, 0.20001680968797733, 0.223312584867674, 0.20210809055328474, 0.23718386743812728, 0.19552712112048737, 0.1944979699390277, 0.22743389089356486, 0.19790932040187773, 0.24383293264801065, 0.24744789418426547, 0.2030553931527583, 0.19499139168213758, 0.22755003672184917, 0.22141769340885661, 0.19336371448187656, 0.18394720744091714, 0.21084003023765507, 0.22703623412741097, 0.24146654696027156, 0.20327589943218327, 0.21945323822307689, 0.1848113668128932, 0.1841758599278723, 0.2581848017484478, 0.21593999532841307, 0.2110436235102248, 0.1696100398831044, 0.25197711648528526], "auc": [0.7687254901960785, 0.8551960784313726, 0.7931372549019609, 0.7985294117647059, 0.824485294117647, 0.8649509803921569, 0.8236764705882353, 0.8108823529411764, 0.7776960784313725, 0.8329411764705883, 0.7388235294117647, 0.7868627450980392, 0.7931372549019609, 0.7724509803921569, 0.7880147058823528, 0.7774754901960784, 0.8346813725490195, 0.7963480392156863, 0.7895833333333333, 0.7417401960784313, 0.7905392156862745, 0.7972058823529413, 0.8118627450980392, 0.8389460784313725, 0.8331372549019608, 0.8140931372549021, 0.8170833333333333, 0.8184803921568626, 0.7866176470588234, 0.8027205882352941, 0.8400490196078432, 0.7873529411764706, 0.7563480392156864, 0.806421568627451, 0.8057107843137256, 0.7653186274509803, 0.7564460784313725, 0.815906862745098, 0.7887500000000001, 0.7982598039215687, 0.7538480392156863, 0.8116911764705883, 0.8393137254901961, 0.8308088235294118, 0.7983578431372549, 0.8073284313725491, 0.8377450980392157, 0.7583823529411764, 0.7657107843137255, 0.773799019607843, 0.8091666666666667, 0.7908088235294118, 0.7453186274509804, 0.804607843137255, 0.8363480392156862, 0.8133088235294117, 0.8117156862745099, 0.794436274509804, 0.8232843137254902, 0.8573284313725491, 0.8207598039215687, 0.758235294117647, 0.7668872549019607, 0.8194362745098039, 0.8310049019607842, 0.8081862745098038, 0.7157598039215687, 0.8057107843137254, 0.8470098039215685, 0.7991176470588235, 0.7436764705882353, 0.8183578431372549, 0.7710539215686274, 0.8087745098039215, 0.7733088235294118, 0.7993382352941176, 0.795, 0.7684313725490197, 0.8020343137254902, 0.768921568627451, 0.8366911764705882, 0.8246813725490195, 0.7837990196078432, 0.7993627450980392, 0.8153676470588236, 0.7447058823529412, 0.8000735294117647, 0.7502941176470589, 0.7633088235294118, 0.776470588235294, 0.8431617647058824, 0.8300245098039215, 0.7967647058823529, 0.7647058823529412, 0.7569117647058824, 0.7997794117647058, 0.7940441176470588, 0.8322794117647059, 0.7422058823529412, 0.813186274509804],