{"e_shd": [40.832000732421875, 42.805999755859375, 43.30400085449219, 42.22200012207031, 44.11199951171875, 44.04399871826172, 43.6619987487793, 43.608001708984375, 43.150001525878906, 42.04399871826172, 44.534000396728516, 43.72999954223633, 41.61199951171875, 43.130001068115234, 43.959999084472656, 43.27000045776367, 40.02199935913086, 43.06800079345703, 42.02799987792969, 41.70600128173828, 41.34600067138672, 42.90999984741211, 41.18600082397461, 43.5880012512207, 40.242000579833984, 40.67399978637695, 43.944000244140625, 45.42599868774414, 43.67399978637695, 43.9900016784668, 41.540000915527344, 45.2760009765625, 41.709999084472656, 41.45800018310547, 40.90800094604492, 43.6879997253418, 42.40399932861328, 44.10599899291992, 42.402000427246094, 44.172000885009766, 42.582000732421875, 42.512001037597656, 41.555999755859375, 43.672000885009766, 42.73400115966797, 42.07400131225586, 40.316001892089844, 43.34000015258789, 41.70800018310547, 40.880001068115234, 40.327999114990234, 44.619998931884766, 43.790000915527344, 40.992000579833984, 42.79999923706055, 46.18199920654297, 44.1879997253418, 41.38199996948242, 44.84199905395508, 44.01599884033203, 39.29199981689453, 42.5359992980957, 43.02199935913086, 40.49399948120117, 40.099998474121094, 42.965999603271484, 42.30400085449219, 43.5880012512207, 40.79199981689453, 41.97600173950195, 40.58399963378906, 41.19200134277344, 40.97200012207031, 42.507999420166016, 41.4640007019043, 41.15399932861328, 42.16999816894531, 41.608001708984375, 41.68199920654297, 44.52799987792969, 41.12799835205078, 41.55400085449219, 41.895999908447266, 42.529998779296875, 44.93199920654297, 41.465999603271484, 40.94599914550781, 44.444000244140625, 41.83399963378906, 41.10599899291992, 43.0099983215332, 45.11800003051758, 44.374000549316406, 40.70199966430664, 41.96200180053711, 44.268001556396484, 41.61600112915039, 43.821998596191406, 45.16600036621094, 41.12799835205078], "e_f1": [0.30343811398569825, 0.20850988480964508, 0.24133789734557068, 0.25554058885984965, 0.23878360662483492, 0.21365700776758412, 0.24013009260915827, 0.22089066453193412, 0.2300410380004037, 0.2651220715492916, 0.2215623712000827, 0.21181639025430396, 0.2595789806302983, 0.2307592668149488, 0.22793725308421892, 0.21928409186765122, 0.2966993683707135, 0.2486970945534431, 0.25665176548096885, 0.25421455800717874, 0.2732615368616529, 0.2598213609851101, 0.27244656382113885, 0.2262688943337504, 0.27013947937886656, 0.27394512872499965, 0.22233660180295842, 0.19463695214023255, 0.23729809088516277, 0.21831288157615109, 0.2718323341978632, 0.19388476136377647, 0.2652465534759285, 0.2520852174330619, 0.27060080570101325, 0.22831163385531852, 0.2634823500048402, 0.20963991197676393, 0.2518129632893626, 0.23500586387259692, 0.257374943016167, 0.24505836801551503, 0.25540854875465463, 0.22397361743437516, 0.2410755158936614, 0.26598467088656186, 0.2628690270679166, 0.23366918862303498, 0.2605521052538431, 0.26846269497910735, 0.27908039949098995, 0.19638808375647374, 0.2290499671829326, 0.24839824297771634, 0.2299807111959876, 0.15640430616857395, 0.21540200719703503, 0.2543420808367764, 0.22084423358924857, 0.21165809298080485, 0.31156438954326104, 0.236513880556299, 0.24616386545999386, 0.27740758173296476, 0.27754120718407466, 0.22988586215619622, 0.24953984009610003, 0.24258764033224878, 0.274209270374964, 0.2518061577997227, 0.2813694531236849, 0.2705619539255726, 0.24576424802873792, 0.2286134185194446, 0.29626967176008057, 0.27659257498606016, 0.2837763779974532, 0.26237354164754434, 0.2596747953587898, 0.21472917643827508, 0.25535027626074874, 0.25775595409786517, 0.25370201866453623, 0.22114117761726818, 0.2382401220531573, 0.26440030220759003, 0.268361532202918, 0.22729648412160325, 0.2524811366971424, 0.26981705586169064, 0.23696207362742955, 0.20951800979881172, 0.21964261307627628, 0.29241839308672535, 0.25489858154792366, 0.21315603093711835, 0.26362018469329307, 0.23051542527471242, 0.2225855305025081, 0.26606183638833225], "auc": [0.8797569444444444, 0.8396180555555556, 0.8648263888888889, 0.8042013888888888, 0.8110416666666667, 0.7459722222222221, 0.7896875, 0.8164930555555556, 0.7692013888888889, 0.8274305555555556, 0.8304513888888889, 0.7859027777777778, 0.8205555555555555, 0.8023958333333333, 0.7866666666666666, 0.7863888888888889, 0.8614236111111111, 0.8634722222222223, 0.8527430555555555, 0.8721527777777778, 0.8810416666666666, 0.8546874999999999, 0.8486111111111111, 0.7842361111111111, 0.8407638888888889, 0.8909374999999999, 0.8345486111111111, 0.7918750000000001, 0.8569097222222222, 0.8470486111111112, 0.8761111111111111, 0.7851041666666667, 0.8540277777777778, 0.8181597222222222, 0.8693055555555556, 0.8447569444444444, 0.8180902777777779, 0.7775, 0.8655208333333333, 0.8280902777777777, 0.8659027777777779, 0.8695833333333333, 0.7840972222222222, 0.7875000000000001, 0.8325347222222221, 0.8727777777777779, 0.8154861111111111, 0.8549652777777778, 0.869375, 0.8180902777777779, 0.8415277777777779, 0.7218749999999999, 0.813576388888889, 0.8340277777777778, 0.8014930555555556, 0.7382638888888888, 0.8178472222222223, 0.833923611111111, 0.827048611111111, 0.8040277777777778, 0.8586805555555554, 0.8300347222222222, 0.8474652777777778, 0.8881597222222221, 0.8740277777777777, 0.8215277777777777, 0.8479861111111111, 0.8578124999999999, 0.8689583333333334, 0.7899999999999999, 0.8527430555555555, 0.8733680555555555, 0.8711458333333334, 0.857951388888889, 0.8572222222222222, 0.8956944444444445, 0.8869791666666667, 0.8197569444444444, 0.8713194444444444, 0.819548611111111, 0.8838541666666666, 0.8398263888888888, 0.8526388888888888, 0.7328819444444444, 0.8304166666666667, 0.8596527777777777, 0.8812152777777779, 0.8463888888888889, 0.8441319444444444, 0.8590972222222222, 0.8453125, 0.8116666666666668, 0.859826388888889, 0.9195833333333334, 0.8170486111111112, 0.8543402777777778, 0.8600347222222222, 0.8139930555555556, 0.7971875, 0.8900694444444445],