{"e_shd": [29.579999923706055, 26.408000946044922, 26.742000579833984, 26.083999633789062, 25.781999588012695, 28.968000411987305, 26.266000747680664, 22.8700008392334, 26.604000091552734, 27.474000930786133, 23.540000915527344, 29.41200065612793, 26.8799991607666, 26.9060001373291, 26.851999282836914, 26.621999740600586, 24.99799919128418, 26.82200050354004, 24.945999145507812, 26.84000015258789, 27.799999237060547, 26.6299991607666, 25.11400032043457, 26.558000564575195, 25.573999404907227, 25.81999969482422, 26.31399917602539, 26.1299991607666, 27.09600067138672, 29.8439998626709, 28.445999145507812, 26.97599983215332, 27.45800018310547, 26.672000885009766, 28.09000015258789, 25.110000610351562, 28.760000228881836, 26.757999420166016, 26.191999435424805, 29.236000061035156, 27.51799964904785, 25.336000442504883, 26.715999603271484, 26.43400001525879, 26.691999435424805, 27.690000534057617, 28.398000717163086, 28.93600082397461, 25.031999588012695, 22.74799919128418, 24.75200080871582, 28.010000228881836, 25.479999542236328, 29.143999099731445, 26.851999282836914, 29.690000534057617, 26.47599983215332, 24.06599998474121, 25.402000427246094, 24.989999771118164, 24.468000411987305, 28.992000579833984, 29.534000396728516, 26.062000274658203, 28.06999969482422, 26.493999481201172, 28.43400001525879, 29.48200035095215, 28.79400062561035, 29.464000701904297, 27.04400062561035, 26.645999908447266, 26.209999084472656, 25.31399917602539, 26.290000915527344, 26.881999969482422, 25.086000442504883, 28.43000030517578, 22.884000778198242, 26.408000946044922, 24.729999542236328, 27.11400032043457, 27.440000534057617, 23.643999099731445, 27.97599983215332, 27.950000762939453, 29.3439998626709, 26.673999786376953, 27.625999450683594, 27.898000717163086, 24.336000442504883, 28.42799949645996, 26.672000885009766, 26.898000717163086, 24.15999984741211, 26.57200050354004, 24.492000579833984, 26.378000259399414, 26.257999420166016, 26.284000396728516], "e_f1": [0.19771944606782868, 0.2550093540931954, 0.25947010844942553, 0.24952920159242084, 0.29411094015956496, 0.1989527446267191, 0.2655311812038044, 0.3426210434682787, 0.27997153647249484, 0.27110358257481987, 0.2957020739550856, 0.1955332303925515, 0.2663851490131275, 0.23820352620760565, 0.27388138996445904, 0.2509375609551799, 0.2977841079884681, 0.25344888322643866, 0.3010452701539805, 0.26731041088827656, 0.25458757506552937, 0.25606175157859845, 0.2850333183004669, 0.26926480531237973, 0.2828591723786151, 0.29908020063172036, 0.2554583065500909, 0.2782388597076365, 0.2618375141507704, 0.16467872155464766, 0.24563396610275293, 0.25140360346859564, 0.22951872581360488, 0.27231453092761904, 0.21471822481447295, 0.26304130772280526, 0.1976600761781422, 0.25418894693328803, 0.27423299751246916, 0.18429281755244536, 0.2482181641431534, 0.2790927608144564, 0.2588631727838272, 0.2618364213864868, 0.24968900225517285, 0.2547881313443134, 0.21485232497528955, 0.23101923749824693, 0.28136318524162085, 0.36339579117595033, 0.29503943716021225, 0.23914383046202925, 0.257209361748732, 0.23145367243342696, 0.2666342889109684, 0.20122784357270868, 0.25509934128309064, 0.3346292375755862, 0.29840647192401093, 0.29556268215943193, 0.3101421493043996, 0.2039577945543052, 0.2259279181091599, 0.2624967261552284, 0.23715807561852717, 0.26652145228999097, 0.2249523698391664, 0.19747871059368843, 0.22006713227110225, 0.2121723815144494, 0.24267374219467233, 0.27536584813914533, 0.2888755984779374, 0.2960048509371404, 0.3115338966311936, 0.23566361580785827, 0.32152560742310676, 0.2026236608122259, 0.32626280708012567, 0.2547008717714551, 0.33382200446246657, 0.2649359949763765, 0.25854360266050974, 0.3231138738719957, 0.24334299971149623, 0.23930914956512206, 0.20083190686762287, 0.2887322766796051, 0.26938020510962724, 0.2687266864878805, 0.3089084785658654, 0.21855097363036463, 0.2689330169100348, 0.24168172941210514, 0.32766812525265937, 0.269536723160352, 0.3062946648388945, 0.24917028360064475, 0.2795082150082085, 0.25514512973420816], "auc": [0.7827631578947368, 0.8223684210526316, 0.9046052631578947, 0.8336842105263158, 0.9242763157894737, 0.82875, 0.8303947368421052, 0.9176973684210527, 0.9094736842105263, 0.8801315789473683, 0.8273684210526315, 0.8694736842105263, 0.8959868421052631, 0.8551973684210527, 0.9023684210526316, 0.8359210526315789, 0.9188815789473684, 0.8353947368421053, 0.8723026315789473, 0.8835526315789474, 0.8954605263157893, 0.9124342105263158, 0.8919736842105264, 0.8142763157894737, 0.8925657894736841, 0.9255263157894738, 0.8799342105263157, 0.9278289473684211, 0.8607894736842105, 0.7663157894736842, 0.8605921052631579, 0.8787499999999999, 0.8220394736842105, 0.8817763157894737, 0.7938157894736843, 0.8423684210526315, 0.8417763157894737, 0.8688815789473685, 0.9236842105263158, 0.8550657894736842, 0.8778289473684211, 0.8603947368421052, 0.8901315789473685, 0.8820394736842105, 0.8551315789473685, 0.846578947368421, 0.881842105263158, 0.9034210526315789, 0.9229605263157894, 0.9492763157894737, 0.8584868421052632, 0.907828947368421, 0.9011842105263158, 0.9176315789473685, 0.9169078947368421, 0.8554605263157895, 0.8873026315789474, 0.9403947368421053, 0.9349999999999999, 0.8811184210526316, 0.9049342105263156, 0.8196710526315789, 0.869671052631579, 0.8357894736842105, 0.8423684210526315, 0.8992105263157896, 0.872171052631579, 0.822171052631579, 0.8975000000000001, 0.8494078947368421, 0.8642105263157894, 0.86875, 0.8982236842105262, 0.8923684210526316, 0.9215131578947369, 0.8782236842105263, 0.907171052631579, 0.7986842105263159, 0.9032236842105263, 0.8808552631578946, 0.9107894736842106, 0.8678289473684211, 0.9223684210526316, 0.8997368421052632, 0.8590131578947369, 0.8614473684210525, 0.8276973684210526, 0.9290789473684211, 0.895328947368421, 0.8911184210526316, 0.9299342105263159, 0.8409868421052631, 0.8965131578947368, 0.8786842105263157, 0.9328947368421052, 0.8260526315789474, 0.9040131578947369, 0.878421052631579, 0.8724342105263159, 0.8263815789473684],