{"e_shd": [25.875999450683594, 28.902000427246094, 60.119998931884766, 41.71799850463867, 29.856000900268555, 39.15599822998047, 34.16999816894531, 37.79199981689453, 52.74800109863281, 23.351999282836914, 29.961999893188477, 31.70400047302246, 35.03799819946289, 50.11000061035156, 59.20600128173828, 48.90599822998047, 54.040000915527344, 36.36600112915039, 52.034000396728516, 23.027999877929688, 40.433998107910156, 43.847999572753906, 27.70199966430664, 36.58599853515625, 41.28799819946289, 28.746000289916992, 51.72999954223633, 47.63199996948242, 29.211999893188477, 39.22200012207031, 42.448001861572266, 38.3380012512207, 40.97800064086914, 53.38800048828125, 55.571998596191406, 43.81800079345703, 52.2599983215332, 41.32600021362305, 45.63999938964844, 38.42399978637695, 50.641998291015625, 34.263999938964844, 48.20000076293945, 30.472000122070312, 47.242000579833984, 61.55400085449219, 41.694000244140625, 56.9379997253418, 31.36400032043457, 45.72800064086914, 40.763999938964844, 54.2859992980957, 29.871999740600586, 33.36600112915039, 50.19599914550781, 35.54999923706055, 42.88999938964844, 58.59400177001953, 58.209999084472656, 40.16999816894531, 33.32400131225586, 52.321998596191406, 32.93199920654297, 27.93400001525879, 56.104000091552734, 49.19200134277344, 27.101999282836914, 33.56800079345703, 55.459999084472656, 59.518001556396484, 49.0359992980957, 32.917999267578125, 49.14400100708008, 40.21799850463867, 29.527999877929688, 55.948001861572266, 39.45399856567383, 54.358001708984375, 37.49399948120117, 27.827999114990234, 50.76599884033203, 36.847999572753906, 58.0620002746582, 47.5880012512207, 31.29599952697754, 59.810001373291016, 36.00600051879883, 29.93000030517578, 57.46799850463867, 40.948001861572266, 48.19599914550781, 41.47200012207031, 61.2400016784668, 37.31999969482422, 57.04399871826172, 38.53200149536133, 53.67599868774414, 54.89400100708008, 51.959999084472656, 43.29999923706055], "e_f1": [0.27087784338256526, 0.2986419457009147, 0.19813378015354716, 0.2575470050166326, 0.2882251605157705, 0.24256212038605376, 0.25996110263407674, 0.24343219416012885, 0.23758087560319785, 0.3203341923867737, 0.22850449476790852, 0.2614311796524714, 0.27802574085744314, 0.23663324148562687, 0.2198806228244746, 0.22900779193380166, 0.23756505825293062, 0.2137985446996318, 0.2540529475260129, 0.34489877075999864, 0.2402653047108329, 0.2568328345782342, 0.26761912182449343, 0.2712235613318552, 0.2419678473966548, 0.23876479469437653, 0.23598848837785558, 0.2549696865257264, 0.2742169185554749, 0.21278720739262943, 0.2383723676495145, 0.24485288395370658, 0.2327038504472375, 0.21853500704589862, 0.20176661959457617, 0.22398067445684341, 0.2181852761509825, 0.23560940542905015, 0.2238062415536476, 0.22478081521761495, 0.19718254678495514, 0.21799984391967106, 0.25412278828256, 0.2326837024544986, 0.24664453558181748, 0.18945375670982867, 0.2721531312053056, 0.21807786983182723, 0.3220140974509063, 0.23853092544412288, 0.23710415900031462, 0.20777520658900647, 0.28136837650327057, 0.23823269600325603, 0.2083986072007934, 0.2734581266383751, 0.25196642378559564, 0.23269420686022038, 0.22474559725602808, 0.2557314997335314, 0.2569182342266588, 0.22359355187896457, 0.2490407515258147, 0.23835154976088688, 0.20973505039007434, 0.209169438851427, 0.2519904642716615, 0.2397772076433542, 0.2191581788487182, 0.2217688952860096, 0.23235109897824596, 0.24360154664262226, 0.24694077075373208, 0.24476198736336743, 0.2538403076564131, 0.23812557097726722, 0.2892708904315095, 0.23172182596478808, 0.2541317872271274, 0.23096418213773653, 0.2224973236750567, 0.23990055011125963, 0.19155390082094617, 0.2112502627205957, 0.23452880008536223, 0.21853382397098506, 0.25272828542299425, 0.22176810143773953, 0.2112301062963164, 0.24387910975238078, 0.16415502703878224, 0.2237222139601272, 0.1865974766792818, 0.2746870734341717, 0.22408707934330532, 0.2087196425438098, 0.19123588972188538, 0.22223232531110648, 0.221128947086721, 0.2758418718111168], "auc": [0.8869736842105264, 0.9143466666666668, 0.7870420995079278, 0.8066624050003551, 0.88978254393804, 0.7637964774951076, 0.8090090090090091, 0.8450658952105432, 0.8034092762764395, 0.8913157894736843, 0.8765031265031266, 0.8596961572832886, 0.854874320652174, 0.7758857142857143, 0.8215870135107886, 0.8201434512687602, 0.8653125669021622, 0.7963545764489903, 0.8332880213147736, 0.8922368421052632, 0.8281215099396918, 0.8445730247406226, 0.8722201281568036, 0.8282553050945423, 0.8663492294271591, 0.8842191230054026, 0.8149053317602113, 0.792929901753963, 0.8835328014184398, 0.8599324975891997, 0.7922437673130194, 0.8554725168756027, 0.8103009595812736, 0.7566589301503095, 0.7887009950519276, 0.8303124999999999, 0.8333885941644563, 0.8511922070369293, 0.8088919925512104, 0.7349324975891997, 0.8346946022727272, 0.8531926758992472, 0.8323200687791698, 0.8987699468085106, 0.7983243927430534, 0.7836622098513844, 0.8627777777777778, 0.7881159420289855, 0.911515940143136, 0.7846068660022147, 0.8262576330328584, 0.7570733863837311, 0.8217811600164542, 0.8815302344714109, 0.7822547822547823, 0.8592896174863388, 0.815952170663768, 0.7988468611760028, 0.8460627142569066, 0.8216439580075944, 0.8219630077144716, 0.8473228833080511, 0.8428379416282642, 0.8521710526315789, 0.7753623188405798, 0.8119626627364283, 0.8646584896584897, 0.8454969715023334, 0.8359947299077733, 0.7897549019607844, 0.7996805496956181, 0.870420017873101, 0.8268213268213267, 0.8238356164383562, 0.8291777482269503, 0.7810597923379878, 0.8786135378933163, 0.8474352491713016, 0.8448140900195695, 0.7997864053273025, 0.7684982302376537, 0.8713060461956522, 0.7733333333333333, 0.7905164319248827, 0.8730053191489362, 0.7892156862745099, 0.8915552058746393, 0.8443662783992619, 0.807828073089701, 0.8900134952766532, 0.786312849162011, 0.8346306471306472, 0.8076225490196078, 0.8969080234833658, 0.8378599560124801, 0.8184867527173912, 0.8013371537726839, 0.7904624277456647, 0.80150570256756, 0.8742339121552605],