{"e_shd": [55.84600067138672, 55.619998931884766, 55.757999420166016, 55.58399963378906, 55.51599884033203, 55.369998931884766, 55.54399871826172, 55.380001068115234, 55.5099983215332, 55.763999938964844, 55.566001892089844, 55.608001708984375, 55.44599914550781, 55.59000015258789, 55.4640007019043, 55.63399887084961, 55.7239990234375, 55.67399978637695, 55.77000045776367, 55.52799987792969, 55.448001861572266, 55.69200134277344, 55.58399963378906, 55.492000579833984, 55.66600036621094], "e_f1": [0.06335867700621386, 0.06659185127356433, 0.06494446352867965, 0.06731588351866778, 0.06849411322855516, 0.07059396693576821, 0.06842171558376353, 0.07077273251345845, 0.06874190967449377, 0.0644100814204033, 0.06821206543810987, 0.068188691376707, 0.06962693420928966, 0.06748366809665401, 0.0701961478022081, 0.0661689900429354, 0.06535314942513906, 0.06618235219291589, 0.06502112534911834, 0.06805520313892255, 0.07028757781759444, 0.06601620277609269, 0.06655319802661702, 0.06968375862360736, 0.06674103135367707], "auc": [0.3735526315789474, 0.4854605263157895, 0.4732236842105263, 0.5220394736842104, 0.5626973684210527, 0.6274342105263159, 0.5512499999999999, 0.6213157894736843, 0.5842105263157895, 0.4432236842105263, 0.5671710526315789, 0.5317105263157895, 0.593157894736842, 0.519736842105263, 0.6332236842105263, 0.4801973684210526, 0.4479605263157894, 0.4871052631578947, 0.4440789473684211, 0.5491447368421054, 0.6195394736842106, 0.47177631578947365, 0.5040789473684211, 0.6095394736842106, 0.5312500000000001], "log_prob": [-87.19486236572266, -85.96751403808594, -86.85600280761719, -85.82479858398438, -85.34742736816406, -84.65657043457031, -85.52366638183594, -84.61687469482422, -85.35685729980469, -86.88711547851562, -85.48963928222656, -85.61674499511719, -85.0230484008789, -85.78739166259766, -84.92884063720703, -86.22091674804688, -86.50143432617188, -86.3724136352539, -86.67913818359375, -85.73577117919922, -84.94577026367188, -86.3499984741211, -86.3294448852539, -85.0831298828125, -86.16120147705078]}