{"e_shd": [71.93399810791016, 71.66200256347656, 71.64600372314453, 71.447998046875, 71.23600006103516, 71.7979965209961, 71.63999938964844, 71.65399932861328, 71.72599792480469, 71.46600341796875, 71.5979995727539, 71.48799896240234, 71.66799926757812, 71.72599792480469, 71.69999694824219, 71.4520034790039, 71.1760025024414, 71.66000366210938, 71.76399993896484, 71.99199676513672, 71.87999725341797, 71.50399780273438, 71.75199890136719, 71.81800079345703, 71.74400329589844], "e_f1": [0.09636338597870862, 0.09938917353826525, 0.10051389802719138, 0.10271982119072726, 0.10537080246752953, 0.09794806307082146, 0.10013035178941686, 0.10028180528496647, 0.09837667994773258, 0.10235721771650588, 0.10073940169622228, 0.10210885744544343, 0.10021745085393775, 0.0996790629090394, 0.09933416743856896, 0.10248260901158023, 0.10538441549767333, 0.10006254293318029, 0.09932129569580159, 0.09581434349912954, 0.09688577002553463, 0.10209620496626937, 0.09872309305851051, 0.09789621711989661, 0.09902576030314426], "auc": [0.42968749999999994, 0.4819097222222223, 0.5172222222222221, 0.561875, 0.6002430555555556, 0.48559027777777775, 0.4840277777777778, 0.5079166666666667, 0.4679861111111111, 0.5434722222222222, 0.5275694444444444, 0.5361458333333333, 0.4963541666666666, 0.5039236111111112, 0.4802777777777778, 0.5457291666666667, 0.6170138888888889, 0.5138541666666667, 0.47958333333333325, 0.41479166666666667, 0.44381944444444443, 0.5714236111111111, 0.4847916666666667, 0.4609722222222222, 0.4877083333333333], "log_prob": [-131.9839324951172, -130.83206176757812, -129.9618682861328, -129.18212890625, -127.88594055175781, -131.5048370361328, -130.296875, -130.24200439453125, -130.99392700195312, -129.4765625, -129.90286254882812, -129.29754638671875, -130.05587768554688, -130.4080810546875, -130.79005432128906, -129.14413452148438, -127.80284118652344, -130.3789520263672, -130.57666015625, -132.20326232910156, -131.8450927734375, -129.49639892578125, -130.850341796875, -131.3031768798828, -130.7824249267578]}