{"e_shd": [87.69400024414062, 87.70600128173828, 87.76200103759766, 87.50599670410156, 87.83399963378906, 87.7959976196289, 87.43000030517578, 87.84600067138672, 87.35199737548828, 87.74600219726562, 87.94599914550781, 87.47000122070312, 87.56999969482422, 87.81800079345703, 87.43800354003906, 87.77200317382812, 87.38800048828125, 87.7040023803711, 87.40399932861328, 87.87799835205078, 87.3759994506836, 87.72200012207031, 87.54399871826172, 87.74800109863281, 87.60199737548828], "e_f1": [0.12001377003009438, 0.11958251953035338, 0.11880185036728798, 0.12125004742870342, 0.1184868753226541, 0.11808236201339563, 0.12238361888244655, 0.11864727509678058, 0.12329359952447823, 0.11944082219719243, 0.11710954490625625, 0.12155588858747295, 0.12124001071284772, 0.1188701693540541, 0.12179345123962863, 0.11924348955183015, 0.12222950255671476, 0.11991885577981298, 0.1225617843567307, 0.11678437201568212, 0.12281779025451534, 0.11924720982245413, 0.12130972927894813, 0.11917686799151465, 0.1207901070903658], "auc": [0.5293137254901961, 0.5113970588235294, 0.48085784313725494, 0.5298284313725491, 0.4656127450980392, 0.4738970588235295, 0.5456372549019608, 0.4845833333333333, 0.5727450980392157, 0.5137254901960784, 0.49698529411764697, 0.5341911764705882, 0.5197303921568628, 0.5073529411764706, 0.5581127450980392, 0.5112745098039215, 0.5516176470588235, 0.5129656862745098, 0.5591666666666667, 0.4543137254901961, 0.5520588235294117, 0.4885294117647059, 0.5260049019607843, 0.5027696078431372, 0.5347794117647059], "log_prob": [-174.5758056640625, -174.800048828125, -175.10943603515625, -173.6251220703125, -175.18502807617188, -175.55868530273438, -173.21768188476562, -175.39923095703125, -172.5844268798828, -175.1165008544922, -176.59078979492188, -173.43280029296875, -173.7826385498047, -175.20321655273438, -173.4947052001953, -175.3319854736328, -173.03341674804688, -174.79258728027344, -172.9124298095703, -176.295166015625, -172.794921875, -174.79983520507812, -173.7633056640625, -175.12139892578125, -174.35044860839844]}