{"e_shd": [84.25599670410156, 86.52999877929688, 90.06199645996094, 87.55799865722656, 90.35600280761719, 90.18000030517578, 91.55599975585938, 86.81999969482422, 89.03199768066406, 87.78199768066406, 87.68800354003906, 85.29199981689453, 89.51000213623047, 89.7979965209961, 85.0739974975586, 86.16200256347656, 92.08000183105469, 84.46600341796875, 86.00399780273438, 86.81199645996094, 90.48799896240234, 83.46399688720703, 85.8479995727539, 86.4219970703125, 84.89800262451172], "e_f1": [0.2870558018035397, 0.2699340177593063, 0.23641179936070747, 0.26457415174053606, 0.2401819850582883, 0.25005119112221674, 0.23134808093692072, 0.26506243224720305, 0.2419798014070629, 0.26336987508836424, 0.2569874696789858, 0.29451681140888436, 0.24831366024971135, 0.2601357726793333, 0.2758139551736904, 0.27064550126854103, 0.21401971679136342, 0.2823823940767702, 0.2623089612887075, 0.25625722673279294, 0.24654012179371393, 0.29596975522341595, 0.2792102329011464, 0.2645686517667378, 0.2964592832873105], "auc": [0.8153431372549019, 0.7996813725490197, 0.7467401960784313, 0.7970098039215686, 0.7497549019607843, 0.7520343137254901, 0.7138970588235294, 0.798578431372549, 0.7161029411764706, 0.7840686274509804, 0.7392156862745098, 0.8072303921568628, 0.7474264705882353, 0.7720588235294117, 0.8073774509803922, 0.7761029411764706, 0.6701225490196079, 0.7929411764705883, 0.7777941176470587, 0.7673774509803922, 0.7524754901960784, 0.8174264705882353, 0.8045588235294118, 0.8193627450980392, 0.8138725490196078], "log_prob": [-133.4673309326172, -137.88632202148438, -146.10968017578125, -136.43048095703125, -146.09124755859375, -148.02117919921875, -153.25717163085938, -136.83078002929688, -149.32937622070312, -138.92178344726562, -148.45089721679688, -133.47344970703125, -145.94847106933594, -142.3241729736328, -134.35342407226562, -141.67892456054688, -156.05995178222656, -135.98184204101562, -140.70050048828125, -156.02285766601562, -144.92738342285156, -130.7891845703125, -134.6356964111328, -134.8469696044922, -132.0200958251953]}