{"e_shd": [61.54800033569336, 66.72200012207031, 62.74599838256836, 63.8120002746582, 69.33399963378906, 62.04399871826172, 65.58999633789062, 66.2300033569336, 65.76399993896484, 65.10199737548828, 68.2959976196289, 66.18199920654297, 66.84200286865234, 63.34199905395508, 66.51200103759766, 65.55599975585938, 63.2400016784668, 66.05599975585938, 66.39600372314453, 68.44400024414062, 66.41799926757812, 63.22999954223633, 64.53399658203125, 63.487998962402344, 63.06800079345703], "e_f1": [0.19304076858758487, 0.13205188952170024, 0.17514867731912293, 0.16608951127612953, 0.12172550858938826, 0.1994802531413602, 0.15383446925872357, 0.15856305761493383, 0.15037111769115535, 0.1621030187032859, 0.13928774899494464, 0.1647126905172034, 0.15870682568411895, 0.17670230227498668, 0.13004036315346076, 0.15875280607366882, 0.18894733918283707, 0.15879014771010186, 0.1601243357121879, 0.14054633062060862, 0.13067599990585432, 0.17559015435403658, 0.17236868902475527, 0.18878762075209454, 0.18586147901073763], "auc": [0.8725, 0.7517105263157895, 0.8207236842105263, 0.8138815789473683, 0.72, 0.8579605263157896, 0.7406578947368421, 0.8023026315789474, 0.7811842105263157, 0.8167105263157894, 0.7580263157894735, 0.8211184210526316, 0.8098026315789474, 0.8801315789473684, 0.7126315789473684, 0.7634868421052632, 0.8688815789473684, 0.8161184210526317, 0.8132894736842106, 0.7618421052631579, 0.7156578947368422, 0.8019078947368422, 0.8175657894736842, 0.8775657894736842, 0.8418421052631578], "log_prob": [-79.08667755126953, -92.34634399414062, -82.97441101074219, -85.25862121582031, -93.96333312988281, -80.66680908203125, -90.54092407226562, -87.62156677246094, -88.16654968261719, -85.66098022460938, -92.80172729492188, -87.6474380493164, -87.25390625, -81.21246337890625, -92.54689025878906, -87.68110656738281, -82.76130676269531, -87.18948364257812, -86.83096313476562, -93.50198364257812, -90.9883804321289, -85.76036834716797, -85.21971893310547, -82.22642517089844, -82.29198455810547]}