{"e_shd": [76.46399688720703, 77.36399841308594, 80.85600280761719, 75.86199951171875, 78.98600006103516, 76.99600219726562, 77.31800079345703, 76.99600219726562, 74.78800201416016, 74.94200134277344, 75.39600372314453, 75.83200073242188, 73.66200256347656, 76.26000213623047, 73.66799926757812, 77.04199981689453, 76.66400146484375, 78.65799713134766, 80.18399810791016, 84.12799835205078, 75.48799896240234, 75.11599731445312, 79.552001953125, 76.81600189208984, 76.3740005493164], "e_f1": [0.22900191526458366, 0.20869411172291782, 0.1813422798929992, 0.23159708928519962, 0.19542652017539666, 0.2019240976086819, 0.2070678718420595, 0.22424399098364953, 0.25343599419939017, 0.24955983594692083, 0.21977829001043545, 0.22912810738526068, 0.24883879661350203, 0.21707455460529962, 0.24848630952028838, 0.21535969239030464, 0.2131520363764827, 0.2015231757464884, 0.18529000137296156, 0.1521690993650398, 0.2218949672354457, 0.2406337565709294, 0.20804329116061382, 0.22741449557455884, 0.22663769601448208], "auc": [0.7551736111111111, 0.7563888888888889, 0.6915972222222222, 0.7941666666666667, 0.6824305555555555, 0.7427777777777778, 0.7624305555555556, 0.7545486111111112, 0.8264583333333333, 0.8294444444444444, 0.7776736111111111, 0.7730208333333334, 0.7974305555555555, 0.8022916666666666, 0.8157986111111111, 0.7484722222222222, 0.7754861111111111, 0.7416666666666667, 0.6765625, 0.6364236111111111, 0.790798611111111, 0.8061111111111111, 0.7406250000000001, 0.7838194444444444, 0.7785069444444445], "log_prob": [-118.26705932617188, -117.50410461425781, -137.13363647460938, -110.47657775878906, -125.87976837158203, -116.63600158691406, -116.7048110961914, -116.91436767578125, -108.71978759765625, -106.41522979736328, -112.3868637084961, -115.44915008544922, -107.5548324584961, -112.23208618164062, -108.23500061035156, -116.02438354492188, -115.595458984375, -119.30007934570312, -128.98333740234375, -129.99588012695312, -111.78363800048828, -108.7216796875, -124.44732666015625, -112.71121215820312, -112.66358184814453]}