{"e_shd": [65.46700286865234, 63.06700134277344, 67.96199798583984, 59.88600158691406, 71.76000213623047, 66.18699645996094, 61.249000549316406, 69.53199768066406, 69.68099975585938, 69.0250015258789, 59.67300033569336, 66.10800170898438, 67.50199890136719, 57.790000915527344, 69.64199829101562, 63.41699981689453, 66.50700378417969, 57.025001525878906, 59.104000091552734, 70.9739990234375, 60.819000244140625, 70.83599853515625, 69.88300323486328, 63.44900131225586, 68.35900115966797], "e_f1": [0.14428916278575685, 0.16175139386606588, 0.14353298172228005, 0.13816117568607064, 0.13687756295820414, 0.14626680002767414, 0.1250981968317449, 0.1441795444644338, 0.14800411094570734, 0.13502060450670805, 0.15738215703506175, 0.1374235758184578, 0.1226497454086479, 0.15386081807311863, 0.11642263167048082, 0.124879164373186, 0.1254563901332438, 0.13636150373138275, 0.14268885273066256, 0.13471787553756073, 0.1391404587088769, 0.1441682935036253, 0.14021559597730304, 0.14875210339763592, 0.11158007212086267], "auc": [0.7445138888888888, 0.7946875, 0.7681250000000001, 0.7361805555555555, 0.6853472222222222, 0.7509722222222222, 0.7143402777777778, 0.7490972222222222, 0.7040972222222222, 0.6312500000000001, 0.8304513888888889, 0.7122916666666667, 0.640625, 0.8350347222222223, 0.5977430555555555, 0.6698263888888889, 0.6642013888888889, 0.7710763888888889, 0.7637499999999999, 0.6976736111111111, 0.7225, 0.6843402777777777, 0.6785416666666666, 0.7571874999999999, 0.6129166666666667], "log_prob": [-114.04632568359375, -109.05152893066406, -116.15286254882812, -115.79541015625, -121.40413665771484, -113.98783111572266, -118.8569107055664, -116.92057800292969, -119.72820281982422, -125.39631652832031, -107.97889709472656, -117.03736877441406, -123.55818939208984, -106.70915222167969, -130.72610473632812, -121.09049224853516, -120.81575012207031, -115.90370178222656, -112.52864074707031, -120.06661987304688, -115.02920532226562, -120.48531341552734, -121.95886993408203, -113.07347106933594, -127.01242065429688]}