{
    "e_shd": [
        39.77000045776367,
        44.02199935913086,
        38.112998962402344,
        39.433998107910156,
        40.93199920654297,
        36.141998291015625,
        44.77899932861328,
        39.59600067138672,
        42.84600067138672,
        49.40999984741211,
        48.24800109863281,
        46.4630012512207,
        44.803001403808594,
        47.03300094604492,
        41.64899826049805,
        42.1150016784668,
        37.19200134277344,
        46.4010009765625,
        36.02000045776367,
        42.8380012512207,
        34.49800109863281,
        44.83399963378906,
        42.465999603271484,
        43.409000396728516,
        38.369998931884766
    ],
    "e_f1": [
        0.0781350044646585,
        0.09270574222879753,
        0.09792439423694363,
        0.11592343361064252,
        0.1126825273476563,
        0.09177427353799376,
        0.09629793028315273,
        0.09226282045833938,
        0.10496175040947647,
        0.08411640991258672,
        0.07842509830887848,
        0.1025458042915543,
        0.08785495818968163,
        0.09485950240815741,
        0.0890453507907001,
        0.08798181005571692,
        0.08556865157396937,
        0.08512131107240446,
        0.11261504838335142,
        0.09169368223634479,
        0.13797084425925613,
        0.08491180400094862,
        0.08827265747591433,
        0.09565460872683539,
        0.11042995908600049
    ],
    "auc": [
        0.6804605263157895,
        0.7406578947368421,
        0.7692105263157895,
        0.7889473684210526,
        0.8219078947368421,
        0.779078947368421,
        0.6973684210526315,
        0.7450000000000001,
        0.7854605263157894,
        0.6034868421052632,
        0.6261842105263158,
        0.7589473684210527,
        0.7120394736842105,
        0.7452631578947368,
        0.754671052631579,
        0.7492105263157894,
        0.763421052631579,
        0.6475657894736843,
        0.859671052631579,
        0.7300657894736842,
        0.8922368421052631,
        0.6951973684210526,
        0.7328289473684211,
        0.738486842105263,
        0.7994078947368422
    ],
    "log_prob": [
        -75.55960083007812,
        -73.28843688964844,
        -70.3469009399414,
        -69.24121856689453,
        -67.361328125,
        -68.82660675048828,
        -74.36100769042969,
        -71.45194244384766,
        -70.17048645019531,
        -80.19312286376953,
        -79.5863265991211,
        -73.79731750488281,
        -73.49392700195312,
        -74.73745727539062,
        -72.8032455444336,
        -71.79070281982422,
        -69.96788024902344,
        -77.43598175048828,
        -63.17721176147461,
        -73.39934539794922,
        -59.58055877685547,
        -75.72471618652344,
        -73.31697845458984,
        -73.12864685058594,
        -68.33283996582031
    ]
}