{"e_shd": [82.197998046875, 84.26399993896484, 86.50800323486328, 80.9729995727539, 83.98699951171875, 86.7959976196289, 82.71700286865234, 78.54000091552734, 88.32599639892578, 80.48400115966797, 86.42400360107422, 82.87000274658203, 85.83300018310547, 80.46800231933594, 86.76300048828125, 88.0459976196289, 80.82099914550781, 86.58599853515625, 88.48400115966797, 87.58899688720703, 81.72899627685547, 84.86000061035156, 80.1760025024414, 83.1050033569336, 86.85399627685547], "e_f1": [0.1802115163890769, 0.21336714508704, 0.17284203414170973, 0.1383395041794709, 0.17009604553280896, 0.15956486944719328, 0.19268364631848092, 0.15249862708194634, 0.16325257009539346, 0.17810304243027972, 0.17766311764532602, 0.15223664105354626, 0.16129948000056835, 0.1743379419389942, 0.15849079879140077, 0.18184080360092003, 0.15346674277379882, 0.1676990691713085, 0.15911911881055302, 0.1668642594038889, 0.17613821341586344, 0.1647552870560665, 0.16442269545017707, 0.16092417987743324, 0.15985119969720388], "auc": [0.7766666666666666, 0.7662254901960784, 0.6865931372549019, 0.6446078431372548, 0.7334803921568628, 0.646029411764706, 0.8101960784313725, 0.7182598039215686, 0.6670833333333334, 0.7344362745098039, 0.7425490196078431, 0.6746078431372549, 0.7106127450980392, 0.730857843137255, 0.6664705882352941, 0.7112009803921568, 0.7107107843137255, 0.6996323529411765, 0.6543382352941176, 0.6791421568627451, 0.7295588235294118, 0.6906617647058824, 0.7218137254901961, 0.6882107843137255, 0.6687745098039215], "log_prob": [-149.14695739746094, -145.44076538085938, -156.59474182128906, -167.20401000976562, -153.74771118164062, -161.02447509765625, -146.1876220703125, -161.55638122558594, -163.13650512695312, -152.2685546875, -153.12411499023438, -160.91683959960938, -158.94256591796875, -157.04319763183594, -161.9121856689453, -153.80665588378906, -158.93394470214844, -157.20849609375, -161.25674438476562, -157.29864501953125, -152.57421875, -158.5333709716797, -158.86083984375, -161.842529296875, -160.13555908203125]}