{"e_shd": [103.39900207519531, 92.81999969482422, 95.96800231933594, 97.6510009765625, 89.30699920654297, 91.66100311279297, 80.75299835205078, 97.7699966430664, 100.30000305175781, 93.21099853515625, 93.85600280761719, 89.49700164794922, 93.93699645996094, 88.66100311279297, 94.77300262451172, 85.18099975585938, 95.9530029296875, 90.49299621582031, 83.48200225830078, 95.96099853515625, 100.85099792480469, 94.03800201416016, 97.03900146484375, 81.95500183105469, 83.33799743652344], "e_f1": [0.09824085653150902, 0.10985419201255127, 0.12912162584526313, 0.12861023959552972, 0.11279575890391627, 0.11979778968785014, 0.07776220805692824, 0.11984135032571232, 0.14785569666428575, 0.12869320069516652, 0.11997100465927105, 0.11112044933547267, 0.13613560551357062, 0.14601071974736357, 0.12871052930220891, 0.06655711015488382, 0.07699531035987113, 0.09280470711052138, 0.10387579066682613, 0.1429197358025957, 0.1083098007266467, 0.0996764424876885, 0.129958016735028, 0.11468301733514716, 0.08136907787743118], "auc": [0.36963235294117647, 0.44791666666666663, 0.4717892156862745, 0.45715686274509804, 0.4869362745098039, 0.4548529411764707, 0.42936274509803923, 0.4463480392156862, 0.5084803921568627, 0.4639460784313726, 0.4637009803921569, 0.4554656862745098, 0.49397058823529405, 0.5174509803921569, 0.46941176470588236, 0.3721078431372549, 0.3782843137254902, 0.39122549019607844, 0.4625980392156863, 0.5109068627450981, 0.3962009803921568, 0.41107843137254907, 0.4535049019607843, 0.49078431372549025, 0.4061764705882353], "log_prob": [-339.1533508300781, -307.1593322753906, -281.2627258300781, -215.38790893554688, -282.974853515625, -297.9859619140625, -429.20263671875, -380.0128173828125, -189.72439575195312, -251.69046020507812, -266.9282531738281, -309.74420166015625, -320.7652893066406, -290.5633544921875, -211.83071899414062, -430.2140197753906, -294.83843994140625, -432.5418701171875, -350.2853698730469, -198.12615966796875, -287.19842529296875, -441.73480224609375, -257.88580322265625, -374.45867919921875, -404.75299072265625]}