{"e_shd": [38.56999969482422, 34.231998443603516, 36.222999572753906, 33.29600143432617, 35.840999603271484, 36.784000396728516, 32.680999755859375, 37.060001373291016, 37.62200164794922, 36.94900131225586, 35.20399856567383, 29.791000366210938, 37.9010009765625, 38.02299880981445, 46.41299819946289, 33.98099899291992, 31.742000579833984, 33.52399826049805, 35.88199996948242, 36.43899917602539, 35.45100021362305, 40.38999938964844, 40.625999450683594, 31.777999877929688, 37.266998291015625], "e_f1": [0.129545050966892, 0.10645325527312244, 0.08720417816512069, 0.15501189764583934, 0.09297978840399673, 0.12018315656968856, 0.06628648055398793, 0.19008023264838142, 0.10881144021696332, 0.14499102816922124, 0.14099415386842426, 0.055758342824200044, 0.06611818727174228, 0.1287086811844222, 0.12260906772351308, 0.07235737649592613, 0.07890879909381365, 0.1450918000463723, 0.16961434586747554, 0.085486948594332, 0.15349224389407856, 0.14154144975340957, 0.11022567110835038, 0.0983220488218239, 0.14169985818159228], "auc": [0.7407236842105263, 0.6851973684210526, 0.6057236842105264, 0.7880921052631579, 0.5992763157894737, 0.8346052631578946, 0.5396710526315789, 0.8547368421052631, 0.6561184210526315, 0.6869736842105263, 0.7242105263157895, 0.475, 0.5759210526315789, 0.7273026315789474, 0.7019078947368421, 0.6605921052631579, 0.5902631578947368, 0.7973684210526315, 0.7706578947368421, 0.5717763157894737, 0.8088157894736843, 0.7832894736842104, 0.6833552631578946, 0.648157894736842, 0.7471710526315789], "log_prob": [-79.37348937988281, -103.13301086425781, -102.94398498535156, -78.29931640625, -101.08159637451172, -66.69953918457031, -129.6468048095703, -60.68948745727539, -82.30643463134766, -106.43962097167969, -84.05952453613281, -155.256103515625, -109.06900024414062, -85.7708969116211, -81.28510284423828, -86.54100036621094, -92.97892761230469, -69.16236877441406, -77.79329681396484, -113.39352416992188, -66.22632598876953, -69.53360748291016, -100.24383544921875, -101.67640686035156, -84.38912963867188]}