{"e_shd": [63.499000549316406, 61.803001403808594, 62.96900177001953, 70.13600158691406, 63.29399871826172, 69.98500061035156, 76.75199890136719, 62.77199935913086, 69.24199676513672, 69.68800354003906, 68.3030014038086, 65.33200073242188, 64.71900177001953, 58.89099884033203, 58.797000885009766, 70.62000274658203, 70.8270034790039, 71.08300018310547, 67.38200378417969, 66.0719985961914, 76.09300231933594, 68.7750015258789, 73.13700103759766, 72.1050033569336, 64.85399627685547], "e_f1": [0.12050037793795655, 0.1372849221784833, 0.09219527899032608, 0.1145667419574859, 0.09186985455081881, 0.13145005595306355, 0.10381922884081243, 0.13800245166712136, 0.14158624667295236, 0.10740508264879717, 0.17041594594958276, 0.1028101421945353, 0.08110560937726446, 0.11159130875922091, 0.08875315323520772, 0.0747474646626589, 0.1568511045643437, 0.09137714794500112, 0.16589771990545843, 0.11490086723808679, 0.11294103428645112, 0.12013264861929701, 0.1037569148338652, 0.11001956873078717, 0.08324048580767751], "auc": [0.545, 0.5566666666666666, 0.45704861111111117, 0.49788194444444445, 0.511076388888889, 0.569513888888889, 0.48093749999999996, 0.5263541666666667, 0.562048611111111, 0.4558333333333333, 0.6327777777777778, 0.4782291666666666, 0.4753819444444445, 0.537638888888889, 0.4689583333333334, 0.4120138888888889, 0.597361111111111, 0.4643402777777778, 0.6449305555555556, 0.5859375, 0.5496180555555555, 0.5177777777777778, 0.4836458333333334, 0.48878472222222225, 0.4510763888888889], "log_prob": [-208.9150390625, -241.28965759277344, -280.3583679199219, -244.26690673828125, -263.343017578125, -196.61614990234375, -213.25802612304688, -236.5627899169922, -228.77996826171875, -235.55413818359375, -148.619384765625, -261.8692626953125, -269.48602294921875, -237.4197540283203, -258.9880676269531, -284.7845153808594, -153.67019653320312, -261.7908935546875, -169.50802612304688, -177.1401824951172, -183.2059326171875, -209.01499938964844, -252.58340454101562, -234.78079223632812, -311.7190246582031]}