{"e_shd": [62.81999969482422, 61.84299850463867, 62.76499938964844, 59.875, 61.928001403808594, 61.42499923706055, 62.617000579833984, 61.542999267578125, 61.37699890136719, 61.70199966430664, 61.952999114990234, 61.76599884033203, 61.83599853515625, 60.96699905395508, 59.60200119018555, 61.097999572753906, 62.02899932861328, 62.652000427246094, 61.37200164794922, 60.5880012512207, 61.41600036621094, 60.805999755859375, 61.80799865722656, 63.040000915527344, 61.39099884033203], "e_f1": [0.03682639232704263, 0.05632649663081924, 0.07001229251337351, 0.11231227760617934, 0.025420611539421795, 0.07152033592561148, 0.05544225768380313, 0.09823508077393796, 0.06548289711639435, 0.060596325253462584, 0.046357442736718366, 0.052697934743819834, 0.02631298259435427, 0.05297875817050762, 0.09507401826696227, 0.052956664992766855, 0.07122603543233376, 0.08491328592626284, 0.07298682054303432, 0.05084701657193263, 0.059838073706003615, 0.07103303876720088, 0.08492297922330859, 0.06788406176002783, 0.09270432777609289], "auc": [0.6181372549019608, 0.6992401960784314, 0.6195588235294117, 0.7099264705882353, 0.6474264705882353, 0.6841911764705882, 0.645906862745098, 0.6944607843137255, 0.6234313725490196, 0.6836029411764706, 0.6774509803921569, 0.746200980392157, 0.6078676470588236, 0.6578186274509804, 0.6923284313725491, 0.6665686274509803, 0.6267156862745098, 0.7051225490196078, 0.639093137254902, 0.7204901960784313, 0.6197549019607843, 0.7526470588235294, 0.7316666666666667, 0.666078431372549, 0.6990196078431373], "log_prob": [-304.8905029296875, -297.4868469238281, -289.22186279296875, -287.50128173828125, -377.1396179199219, -305.30133056640625, -322.5492248535156, -292.16851806640625, -364.3075866699219, -316.0899658203125, -306.55926513671875, -267.9432678222656, -356.1947021484375, -326.783935546875, -354.6002502441406, -316.64801025390625, -336.3381652832031, -260.73529052734375, -343.0963134765625, -313.24810791015625, -369.35333251953125, -268.5603332519531, -271.0765686035156, -310.5125427246094, -290.7917785644531]}