{"e_shd": [42.981998443603516, 45.04600143432617, 43.10599899291992, 42.23099899291992, 42.297000885009766, 42.305999755859375, 42.51300048828125, 44.60200119018555, 42.500999450683594, 42.77799987792969, 44.20800018310547, 41.3489990234375, 41.53900146484375, 42.375999450683594, 42.84600067138672, 41.52199935913086, 43.391998291015625, 43.946998596191406, 43.57500076293945, 44.189998626708984, 43.36600112915039, 43.93000030517578, 43.297000885009766, 41.952999114990234, 45.29999923706055], "e_f1": [0.07134581920752985, 0.04090737550506797, 0.03257655700711034, 0.11903912084309642, 0.06852572733137333, 0.08554336704571767, 0.04743888801689151, 0.04845576993041347, 0.08804044820172176, 0.03204753324961595, 0.03139708689724718, 0.10438958981663088, 0.05020406675263385, 0.05925479769524202, 0.057459309781346946, 0.03290499992728271, 0.04342653690049845, 0.05971744561779702, 0.04108473448844573, 0.05247716789095195, 0.05666833115135561, 0.039365781220333504, 0.031163472706007583, 0.05822273904634514, 0.04904270536261358], "auc": [0.6444791666666667, 0.6246180555555556, 0.6719444444444445, 0.7407986111111111, 0.7021875, 0.7007986111111111, 0.7024652777777777, 0.649513888888889, 0.6336111111111111, 0.6631944444444444, 0.5848263888888889, 0.7199305555555555, 0.6864930555555556, 0.6477430555555557, 0.6484722222222221, 0.5919097222222223, 0.6123263888888889, 0.6359374999999999, 0.6436805555555556, 0.6400347222222221, 0.6980208333333333, 0.5674652777777778, 0.6809722222222223, 0.6431944444444445, 0.6081944444444445], "log_prob": [-211.98574829101562, -192.35641479492188, -204.40847778320312, -178.0108642578125, -200.43133544921875, -192.1830291748047, -200.45700073242188, -217.55848693847656, -205.56686401367188, -191.0700225830078, -225.73870849609375, -180.21775817871094, -218.23855590820312, -227.58558654785156, -200.91465759277344, -272.4988098144531, -218.539794921875, -201.25405883789062, -206.60400390625, -198.25796508789062, -169.40142822265625, -256.9488220214844, -194.63540649414062, -195.17388916015625, -197.5101318359375]}