{"e_shd": [23.211999893188477, 23.106000900268555, 22.618999481201172, 22.777000427246094, 23.16900062561035, 22.763999938964844, 22.089000701904297, 25.176000595092773, 23.530000686645508, 23.150999069213867, 22.7810001373291, 23.51099967956543, 22.621000289916992, 23.41200065612793, 22.836999893188477, 22.915000915527344, 22.636999130249023, 24.79800033569336, 23.0939998626709, 23.452999114990234, 23.093000411987305, 23.913999557495117, 23.016000747680664, 23.354000091552734, 23.420000076293945], "e_f1": [0.044671086943749695, 0.017377930811484036, 0.09095967653581052, 0.08832953875168643, 0.09072084874870166, 0.0924197239307294, 0.0761211030883464, 0.08445470210169148, 0.06636973456369699, 0.024570869139597076, 0.018862718440979316, 0.025580468617180423, 0.062391778342770515, 0.06751030356850085, 0.020899551053089285, 0.06419872485277599, 0.06250442466148094, 0.07909613547122071, 0.02434378143651007, 0.0923256425386451, 0.01342719397363253, 0.03786693243169896, 0.06818687866999386, 0.06948541152316362, 0.08889766998156531], "auc": [0.7200657894736842, 0.5080263157894738, 0.7170394736842105, 0.6442105263157895, 0.7492105263157894, 0.7711842105263158, 0.7012499999999999, 0.7357894736842105, 0.6675, 0.732828947368421, 0.5759868421052632, 0.6159210526315789, 0.7584210526315789, 0.6269078947368422, 0.4722368421052632, 0.7785526315789474, 0.7213157894736842, 0.6521052631578947, 0.6469078947368421, 0.7511842105263158, 0.5478947368421052, 0.5500657894736842, 0.5599342105263158, 0.6220394736842105, 0.7155263157894737], "log_prob": [-89.34527587890625, -139.53173828125, -97.89520263671875, -95.13070678710938, -101.85005187988281, -84.38211059570312, -101.66548156738281, -79.94343566894531, -102.40531921386719, -92.16543579101562, -114.54481506347656, -117.24320983886719, -94.80882263183594, -121.15219116210938, -148.75454711914062, -83.33564758300781, -90.74330139160156, -88.83490753173828, -115.10501098632812, -91.28131103515625, -118.83476257324219, -114.79916381835938, -138.01126098632812, -105.37093353271484, -97.37223052978516]}