{"e_shd": [36.99800109863281, 37.52399826049805, 37.26599884033203, 36.58399963378906, 35.917999267578125, 36.7599983215332, 36.854000091552734, 37.00600051879883, 37.00199890136719, 36.86000061035156, 36.40599822998047, 37.31800079345703, 36.4379997253418, 36.11800003051758, 37.38600158691406, 36.27199935913086, 36.7400016784668, 36.86000061035156, 37.18199920654297, 37.27000045776367, 37.11600112915039, 36.529998779296875, 37.15999984741211, 36.75600051879883, 36.79800033569336, 36.3380012512207, 36.689998626708984, 37.40399932861328, 36.854000091552734, 37.59000015258789, 36.93199920654297, 37.36600112915039, 35.9739990234375, 36.95399856567383, 37.4640007019043, 37.13399887084961, 37.22200012207031, 36.380001068115234, 36.93199920654297, 37.237998962402344, 36.00400161743164, 36.992000579833984, 36.9739990234375, 36.895999908447266, 36.68000030517578, 37.41999816894531, 36.54800033569336, 37.992000579833984, 37.25600051879883, 35.67599868774414, 36.66600036621094, 37.67599868774414, 36.54800033569336, 36.9739990234375, 36.82600021362305, 36.75600051879883, 35.97999954223633, 36.65399932861328, 36.72200012207031, 36.827999114990234, 36.858001708984375, 35.8380012512207, 37.486000061035156, 36.52199935913086, 37.13399887084961, 36.86000061035156, 36.59199905395508, 37.486000061035156, 36.40399932861328, 37.3120002746582, 37.38800048828125, 36.67399978637695, 37.24800109863281, 36.678001403808594, 37.119998931884766, 36.560001373291016, 36.32400131225586, 37.36399841308594, 36.402000427246094, 36.88199996948242, 37.645999908447266, 36.66400146484375, 37.0, 37.83000183105469, 36.875999450683594, 37.720001220703125, 37.15800094604492, 37.66400146484375, 35.832000732421875, 36.72999954223633, 36.9640007019043, 36.970001220703125, 37.67599868774414, 37.0880012512207, 36.290000915527344, 37.43600082397461, 37.571998596191406, 37.88199996948242, 36.95199966430664, 36.119998931884766], "e_f1": [0.0795729531581859, 0.0706851376238289, 0.07761129726475426, 0.08341072979088865, 0.10413087315619554, 0.09548824788631985, 0.08832349899754138, 0.0796724785858556, 0.08408549189202985, 0.08640659590964508, 0.08685206507996888, 0.07280184430188961, 0.09180145920735136, 0.10873745080424697, 0.09223660572220006, 0.10594757417953718, 0.08144926111800307, 0.08253346056233951, 0.07708745293191636, 0.07830956337951764, 0.07235304079845656, 0.09224245637214637, 0.08638366175909286, 0.08612966930756233, 0.08296494408824495, 0.0842461816605125, 0.08903595434751675, 0.07776716523167951, 0.0848935189594818, 0.06571520457015902, 0.07971096245763562, 0.06904568883839401, 0.09862227439138949, 0.0862618964493663, 0.06802799518810693, 0.07881011850430646, 0.08887755991002856, 0.10471504913438345, 0.08614093577654612, 0.08138593585182641, 0.0973199582059066, 0.07686504288016825, 0.08619598968399086, 0.0805665672672227, 0.08221903377425738, 0.0753303583587472, 0.08615507175655125, 0.06708004387347788, 0.08013983605574018, 0.10974418665899663, 0.08253009767701201, 0.07165113137292584, 0.08759620749321237, 0.07092120054294258, 0.0886317619432601, 0.08522142935062366, 0.1127151203349982, 0.0668946639965423, 0.08821341673120359, 0.08413787153463582, 0.0957339984628933, 0.10557483422977434, 0.06646027727229509, 0.07897388930386015, 0.07879643966570583, 0.0783825896885525, 0.08790851480110266, 0.08400913799489816, 0.09447880493666877, 0.0771740793695264, 0.08866075199656277, 0.08708292260359664, 0.0719091896991046, 0.0837336213280304, 0.07519987387869805, 0.09356182928147731, 0.09497783184191103, 0.06351793545879943, 0.08443083215610617, 0.0898167644618757, 0.07559868105990768, 0.08240982008163272, 0.076936635425228, 0.05992309773425777, 0.09666637774387782, 0.07975216966435497, 0.08807292037031343, 0.07516136482228364, 0.09254084607652065, 0.08107150821582525, 0.08722805966372107, 0.07059906912002804, 0.060906151539649275, 0.08887209666875645, 0.08122885489484216, 0.07341535612258056, 0.07407454854115611, 0.06880000255115264, 0.08572750054966854, 0.09819253425514646], "auc": [0.7101973684210526, 0.6791447368421052, 0.7261184210526316, 0.794342105263158, 0.8340789473684211, 0.8465789473684211, 0.771578947368421, 0.7330263157894736, 0.7383552631578947, 0.7732894736842105, 0.7811842105263158, 0.6718421052631579, 0.7838815789473684, 0.8165789473684211, 0.8092105263157895, 0.8107236842105263, 0.7198684210526316, 0.7385526315789473, 0.6898684210526316, 0.7115131578947368, 0.6592105263157895, 0.7876973684210526, 0.7896052631578947, 0.7819736842105264, 0.7817763157894737, 0.7401973684210527, 0.79, 0.7293421052631579, 0.7776315789473685, 0.6507236842105263, 0.7247368421052631, 0.6716447368421053, 0.7734868421052631, 0.7325657894736842, 0.6680263157894737, 0.71625, 0.7823684210526316, 0.815921052631579, 0.7867105263157895, 0.7492105263157893, 0.7877631578947368, 0.720657894736842, 0.7452631578947368, 0.7312500000000001, 0.7680263157894737, 0.6992763157894737, 0.7770394736842104, 0.6292763157894736, 0.7391447368421052, 0.83, 0.7502631578947369, 0.6655263157894737, 0.7882894736842105, 0.6596052631578947, 0.7753947368421052, 0.7492763157894737, 0.8161842105263158, 0.6606578947368421, 0.7843421052631578, 0.7435526315789474, 0.8050657894736842, 0.8201973684210526, 0.6457894736842106, 0.7265789473684211, 0.725921052631579, 0.6997368421052631, 0.7644736842105264, 0.7278289473684211, 0.7707236842105264, 0.7040789473684211, 0.7323684210526316, 0.7320394736842105, 0.6983552631578948, 0.7536842105263157, 0.702828947368421, 0.7930921052631579, 0.8013815789473684, 0.6298026315789473, 0.7449342105263158, 0.7513157894736843, 0.7186184210526316, 0.8019078947368421, 0.7298684210526315, 0.5762499999999999, 0.8235526315789473, 0.7316447368421052, 0.8010526315789473, 0.7182236842105263, 0.7661184210526316, 0.7307894736842105, 0.7542763157894737, 0.6694736842105262, 0.5975657894736842, 0.7531578947368421, 0.7335526315789473, 0.6782236842105264, 0.6825, 0.6477631578947368, 0.7566447368421053, 0.7826315789473685], "log_prob": [-71.31526947021484, -73.76063537597656, -74.56744384765625, -69.1896743774414, -65.19429016113281, -66.62785339355469, -68.81095123291016, -70.70569610595703, -70.77224731445312, -68.829833984375, -68.93730926513672, -75.11590576171875, -70.05587005615234, -65.31924438476562, -68.14588165283203, -68.70039367675781, -72.20791625976562, -82.22757720947266, -75.06784057617188, -74.96638488769531, -76.21043395996094, -68.48109436035156, -68.98345947265625, -69.85379028320312, -70.29855346679688, -70.58663177490234, -68.17804718017578, -73.2821273803711, -69.18997192382812, -75.62952423095703, -72.98519897460938, -74.6452407836914, -69.41848754882812, -73.95626068115234, -87.2034912109375, -72.42962646484375, -68.88844299316406, -65.01625061035156, -69.3330078125, -71.30842590332031, -67.67262268066406, -72.08090209960938, -71.48237609863281, -73.68585205078125, -70.58448028564453, -73.89431762695312, -69.60420227050781, -78.57112121582031, -71.74461364746094, -64.25177764892578, -70.05525207519531, -73.10401153564453, -68.85720825195312, -76.26437377929688, -68.96990966796875, -69.15791320800781, -65.86927032470703, -76.94731140136719, -69.42756652832031, -71.6142807006836, -66.84693908691406, -65.49466705322266, -77.12389373779297, -71.38238525390625, -84.0570068359375, -73.85256958007812, -69.81395721435547, -73.2970199584961, -68.75455474853516, -72.053955078125, -73.10310363769531, -70.31381225585938, -73.67100524902344, -71.04242706298828, -73.29524230957031, -67.73200225830078, -66.81069946289062, -75.97254180908203, -70.05867004394531, -69.95903015136719, -72.09927368164062, -69.46528625488281, -71.15687561035156, -78.8810043334961, -66.870849609375, -72.12701416015625, -68.36895751953125, -73.04299926757812, -69.8731689453125, -72.45773315429688, -69.89573669433594, -77.53587341308594, -79.6996078491211, -69.37313842773438, -72.06581115722656, -74.22605895996094, -75.55815124511719, -74.07978820800781, -70.3753433227539, -67.99430847167969], "test_loss": 0.17744213163852693}