{"e_shd": [35.784000396728516, 36.05799865722656, 36.42399978637695, 35.42399978637695, 35.2239990234375, 35.22600173950195, 35.24399948120117, 36.07600021362305, 35.84000015258789, 35.90999984741211, 35.12799835205078, 36.178001403808594, 35.715999603271484, 34.62200164794922, 35.63999938964844, 35.01599884033203, 35.61199951171875, 35.45399856567383, 36.0359992980957, 35.512001037597656, 35.98400115966797, 35.145999908447266, 35.61199951171875, 35.36600112915039, 34.7760009765625, 35.35599899291992, 34.99800109863281, 35.805999755859375, 35.42399978637695, 35.93199920654297, 35.369998931884766, 35.9119987487793, 35.22999954223633, 35.47800064086914, 36.38600158691406, 35.827999114990234, 36.01599884033203, 35.0099983215332, 35.4640007019043, 35.77799987792969, 34.742000579833984, 35.779998779296875, 36.167999267578125, 35.422000885009766, 35.209999084472656, 36.14400100708008, 35.08000183105469, 36.50199890136719, 35.6619987487793, 34.40800094604492, 35.63399887084961, 36.38399887084961, 35.12799835205078, 35.7400016784668, 35.20000076293945, 35.76599884033203, 35.013999938964844, 35.349998474121094, 35.56800079345703, 35.83399963378906, 35.400001525878906, 34.75, 36.189998626708984, 35.715999603271484, 35.667999267578125, 35.624000549316406, 35.34400177001953, 35.87200164794922, 35.55799865722656, 35.95000076293945, 36.395999908447266, 35.61399841308594, 35.86000061035156, 35.55799865722656, 35.944000244140625, 35.12200164794922, 35.29600143432617, 35.63399887084961, 34.959999084472656, 35.71200180053711, 36.00600051879883, 35.439998626708984, 35.85200119018555, 36.262001037597656, 35.77799987792969, 36.13600158691406, 35.560001373291016, 36.10200119018555, 35.077999114990234, 35.24800109863281, 35.61000061035156, 35.89799880981445, 36.481998443603516, 35.54600143432617, 35.13199996948242, 35.79199981689453, 35.97999954223633, 36.7239990234375, 35.52199935913086, 35.19200134277344], "e_f1": [0.0764082685972389, 0.06903176102274694, 0.07913046956722755, 0.07770764071545912, 0.10536209803422457, 0.09643039604276397, 0.09089856516617974, 0.0760569437447515, 0.08157771165725755, 0.08673649365527819, 0.08827980518177811, 0.06884460466700351, 0.08957695268780669, 0.1088132808832126, 0.09295885891696984, 0.10460820601260155, 0.0838743092460933, 0.08332274383866871, 0.07549862387785138, 0.0790499025388745, 0.07276063229758525, 0.09232725712200297, 0.0831667589623081, 0.08786217669082182, 0.08467066789260948, 0.08370781913217314, 0.08744467140342778, 0.07816568331958908, 0.08600578153043452, 0.06547359630702515, 0.07911039551114697, 0.06765295273590916, 0.097267574316303, 0.08108780842447583, 0.06442937820475206, 0.07929054863747925, 0.0883536074274087, 0.10528328023271398, 0.08628105148986633, 0.08081394927973252, 0.09610107941523888, 0.07408832007723735, 0.08403797567887102, 0.08258827473163781, 0.08084454161453193, 0.07717146585208196, 0.08348278881615596, 0.06361090808755879, 0.08190232540166076, 0.10826501110429916, 0.08314763839419988, 0.07306829342181817, 0.08580135990336474, 0.07246801374150413, 0.08798236154869565, 0.08570519047076211, 0.11164633276853572, 0.06780861636034337, 0.08374127574031319, 0.08172086536507706, 0.09453015261128868, 0.10909370898219742, 0.06510289941593286, 0.07902187835827565, 0.08056203800221243, 0.0789318010144149, 0.08448986386479168, 0.08529472818993215, 0.09385881967943553, 0.07888263607727672, 0.08604100667871521, 0.08589308506365559, 0.07012216905832329, 0.08195737136088067, 0.07398448166081235, 0.09389797131755105, 0.0906646044688295, 0.06625563193221819, 0.08802032943860698, 0.08878260738583331, 0.07365395304219402, 0.08180672740025013, 0.07587863091758401, 0.0541124474689742, 0.09484018376464691, 0.0797225747402847, 0.08938237793235927, 0.07883175762545795, 0.08952460345279453, 0.0787431360548751, 0.08645974519090754, 0.06925227372243259, 0.05746216244531608, 0.08841768494875157, 0.08223534468349333, 0.07095628114045482, 0.07072151180529256, 0.06479336736609623, 0.09004741632115179, 0.09856472793605026], "auc": [0.7040131578947368, 0.6702631578947369, 0.7271710526315789, 0.7569736842105264, 0.84, 0.8494078947368422, 0.7906578947368421, 0.71625, 0.7275, 0.7768421052631579, 0.785, 0.6553289473684211, 0.7870394736842106, 0.8276973684210526, 0.8097368421052632, 0.8168421052631578, 0.7370394736842105, 0.751907894736842, 0.6907236842105263, 0.7201315789473685, 0.6699999999999999, 0.7847368421052631, 0.775921052631579, 0.7805921052631578, 0.8051315789473684, 0.740592105263158, 0.7836184210526316, 0.7285526315789473, 0.7793421052631578, 0.6590789473684211, 0.7233552631578947, 0.6734868421052632, 0.7701315789473684, 0.7161842105263159, 0.6407236842105263, 0.7217763157894737, 0.7828289473684211, 0.8184868421052631, 0.7920394736842105, 0.7466447368421053, 0.785, 0.700592105263158, 0.7267105263157895, 0.7435526315789474, 0.7555921052631579, 0.7209210526315789, 0.7741447368421053, 0.6190131578947369, 0.762828947368421, 0.8331578947368421, 0.7525657894736842, 0.6844736842105263, 0.7821052631578947, 0.6790131578947368, 0.7742763157894736, 0.7527631578947369, 0.814407894736842, 0.6644078947368421, 0.7585526315789474, 0.7321052631578947, 0.8061842105263157, 0.8308552631578947, 0.6482236842105262, 0.73, 0.7342763157894738, 0.7004605263157896, 0.7490131578947368, 0.7514473684210525, 0.7758552631578948, 0.72, 0.7167763157894738, 0.7301973684210527, 0.6849342105263158, 0.7426315789473684, 0.69875, 0.7982236842105263, 0.7909868421052632, 0.672171052631579, 0.7668421052631579, 0.7519736842105263, 0.7183552631578948, 0.7984210526315789, 0.7317105263157895, 0.559078947368421, 0.8024342105263158, 0.7307894736842105, 0.8113815789473685, 0.7401973684210525, 0.7554605263157895, 0.7321052631578947, 0.7479605263157896, 0.6626315789473685, 0.5861842105263158, 0.7684868421052631, 0.7372368421052632, 0.675921052631579, 0.6763157894736842, 0.6330263157894737, 0.788092105263158, 0.7876315789473683], "log_prob": [-72.26469421386719, -74.673583984375, -83.49012756347656, -70.23379516601562, -64.4150161743164, -65.7791519165039, -67.84762573242188, -71.78715515136719, -71.56450653076172, -68.34963989257812, -68.12550354003906, -77.51846313476562, -70.12249755859375, -64.55020141601562, -67.63075256347656, -67.88230895996094, -71.08010864257812, -81.12183380126953, -85.15773010253906, -84.75819396972656, -86.14390563964844, -68.46238708496094, -68.92716979980469, -68.77667236328125, -68.93953704833984, -70.43921661376953, -67.98780822753906, -74.60159301757812, -68.39774322509766, -75.58242797851562, -73.52506256103516, -76.05680847167969, -70.62081909179688, -75.56086730957031, -88.33648681640625, -72.37774658203125, -69.0614013671875, -64.24700164794922, -69.17549133300781, -72.12229919433594, -67.444580078125, -73.32653045654297, -74.30073547363281, -73.14258575439453, -70.713623046875, -73.57821655273438, -70.26664733886719, -90.21958923339844, -69.94109344482422, -63.91790008544922, -69.57624816894531, -72.45375061035156, -68.6527328491211, -77.48174285888672, -68.80413055419922, -68.6640625, -65.29481506347656, -88.35777282714844, -70.70561218261719, -72.54843139648438, -66.44892120361328, -64.30433654785156, -77.81600952148438, -71.24388122558594, -83.06550598144531, -75.64649963378906, -70.12432861328125, -72.03224182128906, -70.43182373046875, -70.85005187988281, -83.31822204589844, -70.90935516357422, -73.82670593261719, -71.60968017578125, -74.33656311035156, -66.98356628417969, -67.53690338134766, -74.26356506347656, -68.71470642089844, -70.45187377929688, -71.84208679199219, -69.49222564697266, -70.92153930664062, -81.0814437866211, -67.40110778808594, -82.92435455322266, -67.33680725097656, -71.31757354736328, -71.81314086914062, -72.54281616210938, -70.63091278076172, -89.12102508544922, -93.22938537597656, -68.63793182373047, -72.50037384033203, -74.01434326171875, -76.805908203125, -74.79167175292969, -68.53024291992188, -68.1316146850586], "test_loss": 0.17849940836429595}