{"e_shd": [29.375999450683594, 26.74799919128418, 26.892000198364258, 26.493999481201172, 25.77199935913086, 29.312000274658203, 26.389999389648438, 22.79800033569336, 26.263999938964844, 27.520000457763672, 23.554000854492188, 29.312000274658203, 26.868000030517578, 26.68199920654297, 26.926000595092773, 26.562000274658203, 25.077999114990234, 26.649999618530273, 24.77199935913086, 26.695999145507812, 27.850000381469727, 26.974000930786133, 25.055999755859375, 26.70800018310547, 25.510000228881836, 26.091999053955078, 26.531999588012695, 25.989999771118164, 27.0939998626709, 29.761999130249023, 28.440000534057617, 27.07200050354004, 27.61400032043457, 26.600000381469727, 27.979999542236328, 25.20400047302246, 29.02199935913086, 26.974000930786133, 26.45199966430664, 29.288000106811523, 27.31999969482422, 25.350000381469727, 26.52400016784668, 26.163999557495117, 26.31599998474121, 27.802000045776367, 27.70400047302246, 28.507999420166016, 25.18000030517578, 22.77199935913086, 24.9060001373291, 27.756000518798828, 25.399999618530273, 28.98200035095215, 27.139999389648438, 29.850000381469727, 25.940000534057617, 24.312000274658203, 25.083999633789062, 24.88599967956543, 24.54599952697754, 29.158000946044922, 29.781999588012695, 25.916000366210938, 28.131999969482422, 26.562000274658203, 28.488000869750977, 29.11199951171875, 29.176000595092773, 29.284000396728516, 26.746000289916992, 26.29599952697754, 26.398000717163086, 25.583999633789062, 25.833999633789062, 26.577999114990234, 25.413999557495117, 28.38599967956543, 22.8700008392334, 26.47599983215332, 24.45199966430664, 27.118000030517578, 27.559999465942383, 23.714000701904297, 28.1299991607666, 27.989999771118164, 29.368000030517578, 26.988000869750977, 28.195999145507812, 27.833999633789062, 24.68000030517578, 28.167999267578125, 27.007999420166016, 26.836000442504883, 24.59600067138672, 26.496000289916992, 24.312000274658203, 26.652000427246094, 25.988000869750977, 26.417999267578125], "e_f1": [0.1992221642978325, 0.2539352546619396, 0.2548667205673932, 0.2451626420933449, 0.2922926106589304, 0.19826866359567857, 0.2708281841016485, 0.3333794361760457, 0.28337334410838105, 0.26520859554816933, 0.30039756129515854, 0.1899161638510115, 0.2711121183952831, 0.2398367421408471, 0.27476319240286234, 0.25186406585661175, 0.29877453988841973, 0.24734046972345078, 0.30274060943916414, 0.2705962929269355, 0.25596438315874626, 0.25270576797221017, 0.29161027012638296, 0.27205984385272125, 0.2963771590811972, 0.29325986404914733, 0.2531842305636559, 0.27467744662447763, 0.26016700421686667, 0.16912527683746892, 0.24912034821054715, 0.2470408362404334, 0.22192786775626724, 0.28583769220619687, 0.22101857400632105, 0.25685284548815035, 0.19777544990379345, 0.25764457730014023, 0.26981745531209855, 0.19530219877709168, 0.24060074023379358, 0.2769481524107692, 0.2630475907106062, 0.268567219247333, 0.2549798783747289, 0.25380903878337985, 0.227989926437359, 0.2409337193581532, 0.2827334468983971, 0.362635586322653, 0.29750025598780916, 0.24138281725684185, 0.2572700518536638, 0.24169106936108783, 0.2579095119335848, 0.20380079714628807, 0.2719539406784495, 0.3358905699967264, 0.31173745591788166, 0.3006498384352534, 0.31902268951828366, 0.20824595323556438, 0.22803132351230562, 0.2594526631098375, 0.23177193842866728, 0.2618213682528469, 0.22519203645575517, 0.2017360021280404, 0.22144085557264082, 0.212104210726416, 0.24408731543134696, 0.28102710050242663, 0.28515942863445687, 0.29601443152291473, 0.3190736810095265, 0.23871470761049465, 0.31749052659353877, 0.2044764968288008, 0.3338301859943232, 0.2603021663361422, 0.3403266845954315, 0.2650207229160154, 0.2529374688397684, 0.3298593970415196, 0.2453572506463546, 0.23487414037539722, 0.20131780358637588, 0.2880064753668777, 0.2562086634179689, 0.268506585188994, 0.30222800878361916, 0.22959349865088519, 0.2648634912652743, 0.25152625135677975, 0.3206723236350445, 0.2796559576076587, 0.30653399605830806, 0.23131465524863976, 0.2757875724314944, 0.24578941860821538], "auc": [0.7765789473684211, 0.8265131578947369, 0.8957894736842105, 0.8216447368421052, 0.9238157894736843, 0.8209868421052632, 0.8461842105263158, 0.911578947368421, 0.9168421052631578, 0.8825657894736842, 0.8412499999999999, 0.8822368421052631, 0.8889473684210527, 0.8364473684210526, 0.8863815789473685, 0.8544078947368421, 0.9247368421052632, 0.8288815789473685, 0.8917105263157894, 0.8777631578947368, 0.9004605263157894, 0.9028947368421053, 0.8863157894736842, 0.8262499999999999, 0.9069736842105264, 0.9180263157894737, 0.8701973684210526, 0.9148026315789474, 0.8590131578947369, 0.7722368421052631, 0.8792105263157894, 0.8836184210526316, 0.8183552631578948, 0.8790789473684211, 0.8282894736842105, 0.8348026315789474, 0.8478289473684211, 0.8817105263157895, 0.9205921052631578, 0.8578289473684211, 0.8789473684210526, 0.8761842105263158, 0.8957894736842105, 0.8941447368421053, 0.8549342105263158, 0.8194078947368421, 0.898157894736842, 0.906578947368421, 0.9198684210526314, 0.9454605263157895, 0.8921710526315789, 0.8901315789473684, 0.9268421052631579, 0.9077631578947368, 0.9024342105263158, 0.8619736842105263, 0.8761184210526317, 0.93625, 0.9458552631578947, 0.8911184210526316, 0.9052631578947368, 0.8302631578947368, 0.8686842105263158, 0.816578947368421, 0.8457236842105263, 0.8801315789473684, 0.864671052631579, 0.8286842105263158, 0.8924342105263158, 0.8496052631578948, 0.8641447368421052, 0.8715131578947368, 0.8944078947368421, 0.8788815789473684, 0.9222368421052631, 0.8744078947368421, 0.9003289473684211, 0.7838157894736842, 0.8905263157894737, 0.88125, 0.9209868421052632, 0.8826315789473683, 0.9194078947368421, 0.9125, 0.88625, 0.855, 0.8146052631578948, 0.9185526315789474, 0.9027631578947368, 0.8869736842105262, 0.9225657894736842, 0.8665131578947368, 0.8982236842105263, 0.8521052631578947, 0.9249342105263157, 0.8437500000000001, 0.8927631578947368, 0.8586842105263158, 0.8616447368421053, 0.8209868421052631],