{"e_shd": [24.121999740600586, 34.7140007019043, 70.6520004272461, 45.18000030517578, 28.506000518798828, 45.619998931884766, 43.9119987487793, 40.08399963378906, 67.88200378417969, 25.149999618530273, 28.878000259399414, 35.13800048828125, 36.47600173950195, 57.59600067138672, 68.73799896240234, 48.18600082397461, 59.709999084472656, 41.986000061035156, 59.69599914550781, 21.875999450683594, 43.11800003051758, 50.65999984741211, 25.923999786376953, 49.45600128173828, 44.54600143432617, 29.16200065612793, 53.03799819946289, 57.68199920654297, 36.0620002746582, 50.48400115966797, 44.29800033569336, 46.59000015258789, 48.99599838256836, 66.03399658203125, 70.25800323486328, 48.715999603271484, 58.29600143432617, 50.1619987487793, 49.25, 39.53799819946289, 62.08000183105469, 36.43000030517578, 64.79000091552734, 40.358001708984375, 55.07400131225586, 70.94000244140625, 43.790000915527344, 64.89600372314453, 37.22200012207031, 49.30400085449219, 45.742000579833984, 65.02799987792969, 40.358001708984375, 35.11800003051758, 64.39600372314453, 43.08000183105469, 44.92399978637695, 65.48400115966797, 58.87200164794922, 47.52199935913086, 36.79199981689453, 60.09600067138672, 43.01599884033203, 22.808000564575195, 63.619998931884766, 56.933998107910156, 31.351999282836914, 34.459999084472656, 66.46800231933594, 68.40599822998047, 52.33599853515625, 38.821998596191406, 56.698001861572266, 52.46799850463867, 30.07200050354004, 64.88600158691406, 58.513999938964844, 57.582000732421875, 40.70600128173828, 25.770000457763672, 60.23400115966797, 41.13199996948242, 70.23200225830078, 55.62200164794922, 28.56800079345703, 68.98799896240234, 40.28200149536133, 30.083999633789062, 71.30000305175781, 51.215999603271484, 54.00400161743164, 44.5, 66.3219985961914, 47.02799987792969, 68.60399627685547, 36.29600143432617, 58.8380012512207, 62.95199966430664, 57.76599884033203, 53.683998107910156], "e_f1": [0.423798835512886, 0.3858462487986153, 0.3350539078487344, 0.3893538870875136, 0.3837033809056008, 0.38889361449475746, 0.33235465760850774, 0.3685318925740746, 0.3948178604569618, 0.47343861866540193, 0.3302141144264555, 0.3822763806727601, 0.39957463271716953, 0.35710734740311156, 0.3902280567031331, 0.4444437762487819, 0.39590804272576496, 0.33452336580908715, 0.3724179701292104, 0.46278780233455336, 0.3862476332176957, 0.37276652929557486, 0.39029496758057086, 0.363833603348448, 0.37824845505334176, 0.36693750013583953, 0.411691262125139, 0.37556952612709177, 0.377441642040685, 0.32020212244486246, 0.3929108892608969, 0.3896707548364073, 0.36403254620430564, 0.3093137800489415, 0.3539662629486071, 0.2993669752709992, 0.41626746302375756, 0.3537472715848381, 0.37974353375964087, 0.3462824048388849, 0.3889711911530736, 0.35092209407720515, 0.36415765051992005, 0.3101411631639355, 0.37751218778539897, 0.39533852043673234, 0.4216112424876655, 0.36258057173474206, 0.3994725966107636, 0.3755366953847495, 0.3749097230705444, 0.3442626264186127, 0.3113343337819255, 0.3716193722741248, 0.3296840969636089, 0.35808772279069734, 0.38982081278701375, 0.37136423390948814, 0.42987163846483506, 0.33813994195620556, 0.3633925976712096, 0.359241677858545, 0.3215209097666418, 0.3686053156985266, 0.3572321154567704, 0.3689269083993448, 0.4326743173128449, 0.3508875791687053, 0.3743762935166476, 0.361679777245628, 0.3648568836003517, 0.3485139911345807, 0.38543190137211325, 0.3395079339212523, 0.3733616535235618, 0.3551874911638513, 0.3482120951471568, 0.32986316145492117, 0.3930106322833435, 0.3616563342468809, 0.39894108657368144, 0.33954017913591383, 0.3448975593458479, 0.3536328760790876, 0.395324927495273, 0.37824652256033253, 0.31553100727414124, 0.3290823574494939, 0.3836974521121, 0.36307095448802834, 0.3287237170444958, 0.3531473986808919, 0.3555632918830538, 0.38329015251664944, 0.37332873963162083, 0.36352237779385327, 0.3655709180913806, 0.3569485956404602, 0.3784902134937264, 0.3926001320015623], "auc": [0.8963157894736842, 0.8768533333333334, 0.7802574680650132, 0.8056325023084026, 0.9125707476913911, 0.8138551859099803, 0.8268918918918919, 0.8604146576663452, 0.8537056168778208, 0.8934210526315789, 0.8596079846079846, 0.8493198292125905, 0.8631538722826086, 0.7909142857142857, 0.8500453720508166, 0.9191730456271473, 0.8548223078569899, 0.7745869394177812, 0.8530531238105595, 0.9005921052631578, 0.8593552229915866, 0.8463354615589253, 0.8592159819072747, 0.8207001899099993, 0.8737278278569351, 0.8991079281316748, 0.8520141580987696, 0.8037791573744801, 0.8922318262411347, 0.8145290903246545, 0.8089708075857661, 0.8881388621022179, 0.8469395173015412, 0.7557471264367815, 0.8294002501223425, 0.8172916666666666, 0.8695291777188329, 0.8839052050014539, 0.8701449853684491, 0.8072565091610413, 0.8808297821969697, 0.8552374756018217, 0.7850343895848686, 0.872728280141844, 0.827677656560786, 0.8472091058203689, 0.8657638888888889, 0.799973649538867, 0.8825634352635005, 0.8522897531105464, 0.8471212561791218, 0.7741489832007074, 0.832579185520362, 0.8996297819827231, 0.8346415489272632, 0.8142880102860817, 0.841225626740947, 0.8817038620209752, 0.8559941520467836, 0.83273769637406, 0.8552839483223348, 0.8463958649362323, 0.8296850998463902, 0.8820394736842105, 0.8561001317523056, 0.8365266519282732, 0.9178090428090429, 0.8042398967331943, 0.8422924901185771, 0.819142156862745, 0.8648966307033933, 0.8837255486049052, 0.8539159253444968, 0.8633659491193738, 0.8844747340425532, 0.8028489591325252, 0.8394417217131899, 0.8447103769874712, 0.8393346379647749, 0.8706495790928508, 0.8475476150345526, 0.8774201766304348, 0.7988669301712781, 0.8381220657276995, 0.8886857269503547, 0.814264705882353, 0.8604336043360433, 0.8181293968400415, 0.8491746262458472, 0.8855387456495489, 0.7658951848895983, 0.8883165445665446, 0.8201225490196078, 0.8663405088062623, 0.8405196665132219, 0.8582710597826086, 0.8167031855722231, 0.8314868336544637, 0.8956121130400584, 0.8504213483146068], "log_prob": [-45.31794738769531, -59.1768798828125, -150.97976684570312, -110.92405700683594, -60.10557174682617, -109.81718444824219, -79.42127227783203, -88.18634796142578, -109.08674621582031, -53.744102478027344, -60.07996368408203, -69.11283874511719, -82.44403076171875, -146.32980346679688, -130.34970092773438, -81.69691467285156, -133.750244140625, -99.06283569335938, -113.2066650390625, -52.61012268066406, -86.3182144165039, -94.96531677246094, -53.352691650390625, -84.82542419433594, -81.71975708007812, -50.43803405761719, -109.1402587890625, -111.78874969482422, -57.5739631652832, -89.75430297851562, -126.67487335205078, -75.94758605957031, -87.50643157958984, -161.00408935546875, -118.09542846679688, -119.2371826171875, -110.31588745117188, -81.79252624511719, -90.30302429199219, -113.51541137695312, -98.17655944824219, -82.82225799560547, -122.92491912841797, -63.820186614990234, -117.58856964111328, -129.9711151123047, -94.77400207519531, -129.5697479248047, -63.83967971801758, -108.26458740234375, -96.39521789550781, -128.72509765625, -83.41954803466797, -59.24380874633789, -110.22730255126953, -101.07388305664062, -105.31324768066406, -115.50767517089844, -136.98077392578125, -100.96414184570312, -71.64769744873047, -121.82696533203125, -73.56707763671875, -51.72544860839844, -114.66395568847656, -115.14727783203125, -59.38470458984375, -94.1734390258789, -117.49957275390625, -128.82241821289062, -100.50706481933594, -64.61337280273438, -102.77186584472656, -85.00959777832031, -57.631343841552734, -163.33746337890625, -104.60414123535156, -118.21430969238281, -94.74909973144531, -54.182247161865234, -117.39328002929688, -76.08676147460938, -138.7620391845703, -115.04632568359375, -66.0313720703125, -134.10287475585938, -75.62428283691406, -78.12499237060547, -116.81694793701172, -93.59214782714844, -125.06584930419922, -78.87580108642578, -134.38832092285156, -79.47824096679688, -131.2403564453125, -79.33321380615234, -122.26993560791016, -120.1441421508789, -97.59727478027344, -105.09825134277344],