{"e_shd": [75.13400268554688, 67.44200134277344, 67.10600280761719, 74.36199951171875, 66.89199829101562, 72.16600036621094, 68.56400299072266, 67.22599792480469, 74.6719970703125, 69.63400268554688, 72.18399810791016, 68.99800109863281, 78.60800170898438, 64.5199966430664, 69.09200286865234, 77.41200256347656, 73.55400085449219, 68.4219970703125, 71.58599853515625, 69.302001953125, 69.41400146484375, 69.58999633789062, 67.52799987792969, 68.93800354003906, 68.59200286865234, 72.4219970703125, 70.7699966430664, 66.69599914550781, 67.4020004272461, 68.58399963378906, 64.16799926757812, 65.5479965209961, 72.17400360107422, 70.8479995727539, 71.97200012207031, 72.9020004272461, 71.9739990234375, 74.51799774169922, 72.4800033569336, 70.40799713134766, 76.91400146484375, 70.59400177001953, 68.38400268554688, 68.00399780273438, 65.96399688720703, 66.2760009765625, 67.56199645996094, 74.83599853515625, 72.0999984741211, 76.75800323486328, 70.1760025024414, 75.23600006103516, 68.5459976196289, 69.18599700927734, 73.63200378417969, 71.16999816894531, 64.90799713134766, 78.83599853515625, 67.39800262451172, 61.874000549316406, 65.6780014038086, 70.86000061035156, 76.16799926757812, 70.5459976196289, 70.64399719238281, 69.91400146484375, 70.62999725341797, 71.1500015258789, 67.23400115966797, 68.35199737548828, 76.52799987792969, 72.29199981689453, 71.18800354003906, 71.58000183105469, 72.80000305175781, 70.0260009765625, 76.4540023803711, 74.2020034790039, 70.3759994506836, 69.9000015258789, 66.30400085449219, 67.18599700927734, 74.13800048828125, 71.19200134277344, 70.02200317382812, 72.58599853515625, 74.8280029296875, 72.34400177001953, 68.75800323486328, 63.83000183105469, 66.8479995727539, 68.40399932861328, 66.9000015258789, 69.6520004272461, 69.78199768066406, 72.9000015258789, 64.24199676513672, 66.3740005493164, 75.29000091552734, 64.11399841308594], "e_f1": [0.36772902189199985, 0.4514471966175698, 0.427194763790543, 0.36864385929745996, 0.43327231216237044, 0.3821614855950312, 0.43042545477482597, 0.4276760169117008, 0.3627618803252855, 0.4063370293665001, 0.3948468628144769, 0.4158660403283793, 0.32656207616338967, 0.45971022243681703, 0.40472396575950426, 0.3456562860673771, 0.38297069098174724, 0.42258247136176347, 0.39205751226098, 0.40816738305733147, 0.39926678151322176, 0.40119508263008546, 0.42208984903176033, 0.4232906967093154, 0.4229435322939289, 0.3817245728228829, 0.396861435461719, 0.4277624955506469, 0.423541562240113, 0.41918365234764565, 0.4673652835784759, 0.4311389368772822, 0.38426845035809754, 0.4007203051826171, 0.383759686947065, 0.3882387288799257, 0.38433021817683244, 0.36933700088968213, 0.3919010121080338, 0.4132850593819691, 0.35687569527890367, 0.4023199066420331, 0.4164484402442751, 0.4088110130509419, 0.4358441717449047, 0.44137441912325814, 0.4287605217194266, 0.36977912331598006, 0.394573749310718, 0.35379385658415435, 0.3963637624387204, 0.36415567445979735, 0.4170021711283646, 0.4095027514312176, 0.3808431822241752, 0.38938677412093603, 0.4494796768407713, 0.3517736669899158, 0.42703118128509776, 0.4827782869210716, 0.44881117652419683, 0.4068804235773133, 0.352175393609122, 0.4083382781074667, 0.4036793577270789, 0.40543166429252314, 0.39902836575847866, 0.39334309278960017, 0.4231911309209787, 0.4306265135680127, 0.33627358618415837, 0.39285632219613786, 0.4013653572481011, 0.3922712685609437, 0.3807227366014504, 0.40171199712131994, 0.35620609736682174, 0.3789876154877749, 0.40291756496694076, 0.3959099255621472, 0.4304745380873667, 0.4242004319195351, 0.3691498346233867, 0.4072240425227976, 0.4047291816875413, 0.375086580393611, 0.37365752079708203, 0.3657249739260574, 0.4178235134278277, 0.45104821624085056, 0.4451507918225437, 0.3996122783045473, 0.4310818109373102, 0.4007833532913091, 0.40478162275641705, 0.3794905928511698, 0.45825588282352253, 0.4326908069031681, 0.35347095848299304, 0.44897187491857465], "auc": [0.8126225490196078, 0.893921568627451, 0.8812500000000001, 0.8317156862745099, 0.8707843137254901, 0.8505882352941175, 0.8273039215686274, 0.8679656862745098, 0.8293137254901961, 0.8720343137254901, 0.818529411764706, 0.8397303921568626, 0.7875980392156863, 0.8569362745098039, 0.8374264705882353, 0.7800980392156863, 0.8355882352941177, 0.8522794117647059, 0.8381617647058823, 0.8374509803921569, 0.8423774509803922, 0.8413970588235293, 0.861078431372549, 0.8883823529411765, 0.8908333333333334, 0.8579166666666667, 0.8328186274509803, 0.8896813725490196, 0.8578186274509804, 0.8725735294117647, 0.87, 0.8595098039215686, 0.817328431372549, 0.8333578431372549, 0.8259558823529412, 0.8456372549019608, 0.8031127450980392, 0.8454656862745098, 0.8568382352941176, 0.858063725490196, 0.8357843137254902, 0.8406372549019608, 0.8608578431372549, 0.8651960784313725, 0.8601715686274509, 0.8780637254901961, 0.83125, 0.8470098039215687, 0.8343382352941177, 0.8100735294117646, 0.8586029411764705, 0.7903431372549019, 0.8401470588235294, 0.850392156862745, 0.8324264705882352, 0.8531372549019608, 0.8783333333333333, 0.8164460784313725, 0.8585784313725491, 0.8901715686274511, 0.8854166666666666, 0.871642156862745, 0.8146568627450981, 0.8578676470588236, 0.8433578431372549, 0.8535539215686274, 0.8088970588235294, 0.818186274509804, 0.8735294117647059, 0.8596323529411765, 0.786421568627451, 0.8594607843137255, 0.8502205882352941, 0.8498529411764704, 0.8046813725490195, 0.8526470588235294, 0.8484558823529412, 0.8538480392156862, 0.8635539215686274, 0.8374754901960784, 0.87625, 0.8798039215686274, 0.8272303921568628, 0.8531862745098039, 0.8631617647058824, 0.8335784313725491, 0.8136519607843138, 0.8622794117647059, 0.8282352941176471, 0.8715441176470587, 0.8833823529411765, 0.8447549019607844, 0.8599019607843137, 0.8715441176470589, 0.8027696078431372, 0.8540931372549019, 0.8792156862745097, 0.8846323529411765, 0.8228921568627451, 0.8561274509803921], "log_prob": [-128.1072235107422, -105.27607727050781, -107.68113708496094, -125.62135314941406, -110.51115417480469, -118.49125671386719, -145.1968994140625, -110.73294830322266, -136.15338134765625, -112.96461486816406, -140.63095092773438, -133.7711181640625, -135.56381225585938, -107.32524871826172, -116.6097412109375, -153.8695068359375, -118.9710693359375, -116.27118682861328, -136.3343048095703, -118.59286499023438, -118.14920043945312, -117.13322448730469, -114.0350570678711, -107.14695739746094, -108.31134033203125, -119.92890930175781, -119.4019775390625, -105.31854248046875, -123.99441528320312, -109.6942367553711, -105.42819213867188, -110.76602172851562, -124.11835479736328, -120.34574890136719, -123.56993103027344, -120.67929077148438, -142.1234130859375, -121.04568481445312, -115.89468383789062, -139.43997192382812, -125.86817932128906, -142.77093505859375, -127.94515991210938, -112.44450378417969, -110.70681762695312, -106.81317901611328, -117.96113586425781, -118.33977508544922, -123.39472961425781, -132.41921997070312, -114.52626037597656, -147.57958984375, -132.41891479492188, -116.27085876464844, -124.17819213867188, -114.9745101928711, -105.39295196533203, -131.9615478515625, -112.19770812988281, -102.31045532226562, -105.48757934570312, -115.1146469116211, -129.8312530517578, -125.20787048339844, -121.70109558105469, -130.6006622314453, -123.90397644042969, -126.23060607910156, -108.87413024902344, -115.30221557617188, -137.65211486816406, -116.78520202636719, -116.78458404541016, -117.67560577392578, -127.92382049560547, -117.70701599121094, -124.04649353027344, -119.67189025878906, -115.63285827636719, -133.38043212890625, -108.82115173339844, -109.2582015991211, -124.1004867553711, -115.67618560791016, -115.3936767578125, -125.67570495605469, -126.185791015625, -129.3616485595703, -126.7012939453125, -106.03500366210938, -105.3886947631836, -121.82289123535156, -117.66121673583984, -114.58696746826172, -144.34344482421875, -117.47130584716797, -108.49479675292969, -107.37749481201172, -126.67813110351562, -112.65132904052734],