{"e_shd": [46.21200180053711, 50.902000427246094, 46.152000427246094, 49.4900016784668, 53.56999969482422, 53.14799880981445, 49.099998474121094, 45.15399932861328, 51.290000915527344, 44.39400100708008, 51.12200164794922, 54.11600112915039, 47.85200119018555, 49.13600158691406, 52.029998779296875, 46.59199905395508, 44.779998779296875, 46.029998779296875, 48.99599838256836, 46.63600158691406, 47.645999908447266, 44.17399978637695, 46.97600173950195, 47.67599868774414, 47.2400016784668, 44.71200180053711, 44.97999954223633, 48.071998596191406, 47.75400161743164, 47.810001373291016, 46.15399932861328, 52.66400146484375, 43.37200164794922, 49.347999572753906, 46.33000183105469, 49.73400115966797, 44.36800003051758, 54.13800048828125, 47.56999969482422, 44.571998596191406, 49.555999755859375, 46.880001068115234, 45.39799880981445, 46.768001556396484, 47.619998931884766, 48.7400016784668, 46.31399917602539, 47.145999908447266, 48.981998443603516, 44.369998931884766, 41.00400161743164, 53.39799880981445, 47.03799819946289, 49.04399871826172, 45.9119987487793, 47.80799865722656, 52.39400100708008, 46.534000396728516, 43.62799835205078, 48.391998291015625, 45.01599884033203, 45.95000076293945, 46.20399856567383, 46.14400100708008, 47.83000183105469, 43.624000549316406, 47.17399978637695, 44.597999572753906, 44.75199890136719, 48.32400131225586, 44.69599914550781, 43.189998626708984, 50.25, 50.08399963378906, 44.70199966430664, 39.17599868774414, 41.948001861572266, 46.80400085449219, 49.130001068115234, 49.22200012207031, 46.87200164794922, 47.75199890136719, 48.698001861572266, 51.347999572753906, 49.20000076293945, 44.27799987792969, 46.571998596191406, 45.992000579833984, 45.667999267578125, 46.880001068115234, 44.68199920654297, 47.47999954223633, 48.20800018310547, 41.83399963378906, 48.18600082397461, 52.220001220703125, 46.85200119018555, 50.667999267578125, 48.11000061035156, 47.667999267578125], "e_f1": [0.40211597395217247, 0.35107680246785244, 0.3937729764825315, 0.34673187452634796, 0.33540740930291, 0.3226118246341447, 0.36767111532282526, 0.43664825453286915, 0.3399332006755831, 0.4213678372339709, 0.3441293219324216, 0.32773728553916337, 0.36091001167645126, 0.3720594399389209, 0.32875599634749847, 0.4102283237980703, 0.43060036658371975, 0.4185570577020858, 0.3725725776883111, 0.42620779175079565, 0.389587939233085, 0.4340446388739414, 0.3960999073925714, 0.3778691918715464, 0.38795192867748457, 0.42049909408685937, 0.4148507152319175, 0.36724922767139856, 0.38472281248433526, 0.3915238296262993, 0.4062475436684552, 0.324048039936569, 0.4341065656814612, 0.38169448387607796, 0.40364585271305825, 0.3487031802229497, 0.4261089959869879, 0.3061758631102728, 0.38728014965877305, 0.4205816879372211, 0.35438208061644866, 0.40148085371763625, 0.4018282717813088, 0.38298306419418954, 0.3908641641403486, 0.3838120954915292, 0.41500806040870575, 0.39110116727083116, 0.36015945778797986, 0.42618245492532686, 0.4666051169218525, 0.28666383203455414, 0.3828705877215077, 0.38197375462179645, 0.42201215807328274, 0.3575893915697678, 0.3172217287520158, 0.3938245665408881, 0.4394041266971316, 0.3492003234562507, 0.437747217912481, 0.4073467185246284, 0.41481939594657136, 0.4072232692192943, 0.3870830179079389, 0.437921020537892, 0.3823156758097702, 0.4151345008181541, 0.4217023287086356, 0.3708788398485698, 0.42561143533271306, 0.4481825522921134, 0.35042576514935736, 0.3656888229533089, 0.4435913043083366, 0.4918371768164526, 0.47822063827057787, 0.3928414776612477, 0.38899774415956395, 0.36901909500755514, 0.3919244651552749, 0.3960452281457816, 0.359847908491234, 0.3419897939451901, 0.38102228843528996, 0.42280599176197187, 0.4010141252804975, 0.4049470703961923, 0.412991058736772, 0.3961806028336052, 0.43143718156032573, 0.39635791253630825, 0.3719213297603711, 0.4658029145017269, 0.3699548655553341, 0.33509799527397083, 0.3880004028235268, 0.3447138866383538, 0.4080459536000049, 0.3908030108498235], "auc": [0.8602083333333335, 0.8480555555555556, 0.8674999999999999, 0.8096527777777778, 0.8421875, 0.8242708333333333, 0.8328819444444444, 0.8923263888888889, 0.8011111111111111, 0.8736805555555556, 0.8264930555555556, 0.8234722222222224, 0.8378125, 0.8626736111111111, 0.8277777777777777, 0.8615625, 0.8845138888888888, 0.8896180555555555, 0.8577777777777778, 0.8860416666666667, 0.8820486111111111, 0.8825347222222223, 0.8598611111111111, 0.8458680555555556, 0.8388888888888888, 0.8862847222222222, 0.8964236111111111, 0.8782986111111112, 0.8444097222222222, 0.8971527777777777, 0.8507291666666668, 0.8264930555555556, 0.8694097222222222, 0.857986111111111, 0.8489930555555555, 0.8316319444444444, 0.8831597222222223, 0.8135763888888888, 0.8713194444444443, 0.8943402777777778, 0.8627083333333333, 0.8535069444444444, 0.799236111111111, 0.8655208333333334, 0.8517708333333334, 0.8565972222222223, 0.8111805555555556, 0.8543750000000001, 0.8514583333333333, 0.8518749999999999, 0.8853125000000001, 0.8171180555555555, 0.818611111111111, 0.8570138888888889, 0.8810416666666666, 0.8256944444444444, 0.8093055555555556, 0.8659374999999999, 0.8726736111111113, 0.8277083333333333, 0.8406944444444445, 0.8985069444444445, 0.8707638888888889, 0.9224652777777779, 0.8702083333333333, 0.8620138888888889, 0.8795138888888889, 0.8910763888888888, 0.8814930555555556, 0.8087500000000001, 0.8545138888888887, 0.8917361111111112, 0.8074305555555557, 0.8811805555555556, 0.9075694444444444, 0.9038888888888889, 0.8947569444444444, 0.8451388888888889, 0.9079166666666667, 0.8484027777777778, 0.8789236111111111, 0.8553472222222221, 0.7850347222222223, 0.8197222222222221, 0.8584375000000002, 0.8540625000000001, 0.8638194444444445, 0.8829513888888889, 0.9040625, 0.8747222222222222, 0.8937847222222223, 0.8547569444444445, 0.8525, 0.945486111111111, 0.8488194444444445, 0.843125, 0.8834722222222222, 0.816423611111111, 0.8823263888888889, 0.8510416666666667], "log_prob": [-96.57972717285156, -92.65457153320312, -84.92601013183594, -99.20445251464844, -97.00045776367188, -107.68362426757812, -97.39165496826172, -80.12225341796875, -127.49002838134766, -83.21084594726562, -106.22232055664062, -100.11848449707031, -91.64093017578125, -87.06218719482422, -99.88715362548828, -84.89555358886719, -78.68861389160156, -80.24868774414062, -88.89715576171875, -91.6865234375, -83.04473114013672, -80.99610137939453, -83.73992919921875, -115.94789123535156, -102.5594253540039, -82.22663879394531, -79.78086853027344, -96.352294921875, -92.38036346435547, -82.29467010498047, -101.38081359863281, -93.72785949707031, -91.87993621826172, -91.811279296875, -91.5653305053711, -102.6678466796875, -80.21847534179688, -99.06533813476562, -85.05811309814453, -79.18763732910156, -88.34027862548828, -86.46165466308594, -151.7079620361328, -107.32683563232422, -86.65272521972656, -88.6224136352539, -127.99893188476562, -110.91830444335938, -93.43220520019531, -97.92347717285156, -88.25704956054688, -110.4681167602539, -106.96107482910156, -88.930419921875, -92.23080444335938, -98.06077575683594, -112.71018981933594, -98.90315246582031, -94.59272766113281, -106.28070831298828, -97.63199615478516, -79.52130126953125, -85.23985290527344, -74.76596069335938, -86.14937591552734, -84.21336364746094, -84.39015197753906, -89.57475280761719, -78.95069122314453, -107.34648132324219, -85.83338928222656, -78.71854400634766, -119.90007781982422, -96.2606201171875, -74.33291625976562, -82.94869995117188, -73.96975708007812, -98.83213806152344, -77.90339660644531, -105.63139343261719, -84.82350158691406, -88.75698852539062, -123.47718811035156, -94.4637222290039, -98.50653839111328, -90.76907348632812, -86.83193969726562, -93.31845092773438, -77.82408905029297, -83.2464599609375, -77.3179931640625, -96.65180969238281, -90.73994445800781, -65.27819061279297, -88.48698425292969, -94.85450744628906, -83.26011657714844, -107.28224182128906, -84.73883056640625, -88.5205307006836], "test_loss": 0.2308274257183075}