{"e_shd": [37.42399978637695, 48.757999420166016, 73.89199829101562, 54.7859992980957, 35.012001037597656, 59.54600143432617, 51.54999923706055, 52.27399826049805, 72.46199798583984, 40.0620002746582, 37.481998443603516, 48.099998474121094, 49.00199890136719, 67.43599700927734, 76.5999984741211, 62.85200119018555, 71.11799621582031, 49.88199996948242, 71.69400024414062, 35.077999114990234, 55.52000045776367, 67.13600158691406, 36.00199890136719, 59.55799865722656, 48.577999114990234, 37.422000885009766, 65.18399810791016, 69.14800262451172, 47.6879997253418, 59.242000579833984, 59.75600051879883, 54.63399887084961, 58.66400146484375, 73.88800048828125, 78.68599700927734, 53.18600082397461, 70.79399871826172, 63.63399887084961, 64.29399871826172, 48.5, 66.1259994506836, 51.189998626708984, 71.89399719238281, 48.13399887084961, 66.86199951171875, 84.2040023803711, 53.939998626708984, 72.45999908447266, 53.45000076293945, 63.64799880981445, 52.922000885009766, 74.86399841308594, 51.6619987487793, 46.78799819946289, 78.3479995727539, 53.928001403808594, 61.04600143432617, 76.76000213623047, 74.37000274658203, 58.650001525878906, 49.055999755859375, 66.34600067138672, 53.21799850463867, 29.191999435424805, 80.24400329589844, 67.302001953125, 43.375999450683594, 43.849998474121094, 76.27400207519531, 80.24199676513672, 62.00400161743164, 51.895999908447266, 73.50199890136719, 58.8380012512207, 45.5, 77.38400268554688, 68.25199890136719, 64.36799621582031, 63.11000061035156, 33.99399948120117, 72.50399780273438, 52.79600143432617, 84.23400115966797, 69.47599792480469, 36.99800109863281, 80.26000213623047, 52.96200180053711, 35.900001525878906, 79.50800323486328, 57.167999267578125, 64.37999725341797, 56.428001403808594, 77.33599853515625, 58.80400085449219, 80.72599792480469, 48.9900016784668, 72.87799835205078, 76.25800323486328, 70.09200286865234, 64.45800018310547], "e_f1": [0.22203531207661953, 0.20986478265019176, 0.25982835165762264, 0.20894862889017074, 0.20632345164803756, 0.24405987706594373, 0.2105333502703137, 0.2553828800724189, 0.3307056674403746, 0.24681687418509154, 0.18147816442373785, 0.19816494310452543, 0.26468792001772606, 0.23514465392981032, 0.2905651793694982, 0.2547399084088791, 0.24361774187879343, 0.22861270115811191, 0.28288510219094665, 0.2874124826253251, 0.23012508882360613, 0.2186176838114352, 0.20901657225645215, 0.23513186374682465, 0.25484606698548945, 0.16709630329630049, 0.2641566198042822, 0.2674911425580855, 0.22519229848574873, 0.22697313263808086, 0.2001203409686742, 0.2953512935004993, 0.23757679446240074, 0.22095385133890988, 0.25914258246626914, 0.20790254003746073, 0.27786815105591256, 0.21752218030187292, 0.23255634207633213, 0.21788214148975954, 0.2753801064618774, 0.22029482522774896, 0.2510841595665446, 0.2018271973632464, 0.30312599340162844, 0.2836986900416373, 0.2982848681092686, 0.24969917436021827, 0.22948686211428918, 0.2672066817855983, 0.24167447594293792, 0.2240601267530688, 0.21329462043429204, 0.21127868967000796, 0.22526392966683426, 0.23183463348906935, 0.2340328915030955, 0.25327921661875435, 0.2652608747511806, 0.18256030925496533, 0.2259502907555386, 0.20627210754820716, 0.21132680337323823, 0.12991127501125982, 0.2307352335328305, 0.23372606531770165, 0.20958170568078288, 0.18829306877710184, 0.2724331478536804, 0.28818021514022707, 0.23392973914316362, 0.18925991371800235, 0.2485385005665097, 0.23216923147632212, 0.15203091817942468, 0.24546196324285666, 0.24656921921190184, 0.23612363569193248, 0.20911959058426738, 0.16823680625791038, 0.27991387739221274, 0.21749813105364882, 0.22875314841133662, 0.21011441030759345, 0.14154742416807642, 0.23699424607894923, 0.187542329861458, 0.21707104395516424, 0.28970278825413703, 0.24138902716621743, 0.2365119089240704, 0.21985256795435, 0.23370481541524185, 0.22165120621930287, 0.26168639552790285, 0.1745184294699341, 0.22331146452616707, 0.2337350987805869, 0.26361591548200747, 0.2617479815086213], "auc": [0.864671052631579, 0.8496, 0.7521000049704261, 0.7465018822359544, 0.8436103663985701, 0.7254011741682975, 0.7618468468468469, 0.7977740276438444, 0.8144472839976076, 0.8921710526315789, 0.8504088504088504, 0.7934167411379207, 0.8191236413043479, 0.7148285714285713, 0.8016737245412382, 0.7898258091736483, 0.7969117961892528, 0.7939505201503627, 0.7715186776140504, 0.8840789473684211, 0.7951381133199316, 0.7236299547752062, 0.849101645935419, 0.7967963008834944, 0.832981971503344, 0.7833898730996356, 0.7690881510197203, 0.7611656922427822, 0.844248670212766, 0.7744294439087109, 0.7717167412458271, 0.8441417550626809, 0.7821677813317824, 0.7060400088417329, 0.7707846229133816, 0.7817361111111111, 0.8044319186560566, 0.8156804303576621, 0.7753059324288375, 0.6887254901960783, 0.8109315814393939, 0.7918486848220095, 0.7805821665438467, 0.8694038120567377, 0.7917847025495751, 0.7739450270888215, 0.8390277777777777, 0.7671409749670619, 0.8487312947299935, 0.7507002801120448, 0.8096103518464669, 0.7259615384615384, 0.7931921020156314, 0.8635849444672974, 0.7374847374847375, 0.7535358405657345, 0.7538555608397309, 0.8442765545007208, 0.8331820931639443, 0.7443600625418807, 0.8204758806580538, 0.7572054609809541, 0.7407354070660522, 0.8492763157894737, 0.744901185770751, 0.8154937361827561, 0.8300865800865801, 0.7837354781054514, 0.779262187088274, 0.7888235294117647, 0.790036766921825, 0.8092542945089862, 0.7886795743938602, 0.8054011741682975, 0.7657912234042553, 0.7840008183724618, 0.7988138362099582, 0.8148210573627732, 0.737651663405088, 0.7274783264229174, 0.8043991235462666, 0.8302479619565217, 0.6959420289855073, 0.7147417840375587, 0.6991910460992908, 0.7101225490196079, 0.7576711250983477, 0.7025141275516087, 0.821843853820598, 0.835002485972015, 0.7937283852088322, 0.8155906593406593, 0.7539705882352941, 0.7397651663405088, 0.7602424428417984, 0.7643936820652174, 0.7421484353053542, 0.7480999785913081, 0.8299904489016237, 0.8180222165474974], "log_prob": [-58.712196350097656, -73.87144470214844, -145.56320190429688, -109.80052185058594, -77.17965698242188, -103.69277954101562, -91.8935546875, -92.5989761352539, -119.87939453125, -58.012657165527344, -65.92810821533203, -80.10911560058594, -84.90348052978516, -139.6456298828125, -135.56349182128906, -116.63261413574219, -132.39947509765625, -86.31843566894531, -131.033203125, -53.63288116455078, -101.58456420898438, -118.0694580078125, -61.54899597167969, -94.6893539428711, -96.8216552734375, -66.26643371582031, -127.06893920898438, -120.2003173828125, -71.44297790527344, -97.50570678710938, -108.21562194824219, -88.81016540527344, -101.94695281982422, -140.5921173095703, -130.26321411132812, -115.55224609375, -123.58705139160156, -102.40672302246094, -111.36018371582031, -104.203369140625, -114.29434204101562, -89.5186538696289, -117.86892700195312, -72.71917724609375, -114.13469696044922, -139.61444091796875, -96.86868286132812, -135.9100341796875, -81.1578598022461, -122.07996368408203, -99.15931701660156, -134.64862060546875, -82.6367416381836, -73.0411376953125, -129.20944213867188, -96.54367065429688, -122.12261962890625, -132.52191162109375, -142.29409790039062, -105.49537658691406, -81.79061889648438, -137.27137756347656, -88.8554458618164, -63.3316650390625, -140.88113403320312, -116.02049255371094, -68.08927917480469, -81.75546264648438, -129.93161010742188, -143.15878295898438, -120.03594970703125, -81.23934936523438, -121.53424835205078, -98.61412048339844, -78.82969665527344, -137.75865173339844, -109.09161376953125, -125.65125274658203, -105.29954528808594, -70.1081314086914, -121.96672821044922, -87.21250915527344, -146.45944213867188, -125.18848419189453, -82.71136474609375, -152.976318359375, -93.27068328857422, -78.71044921875, -128.47434997558594, -100.31141662597656, -110.55929565429688, -96.69099426269531, -152.05673217773438, -99.72593688964844, -140.4716033935547, -95.65079498291016, -134.4865264892578, -141.04942321777344, -118.06475830078125, -106.74667358398438],