{"e_shd": [58.268001556396484, 58.75, 60.07400131225586, 64.95800018310547, 65.4280014038086, 64.26399993896484, 61.84199905395508, 58.21799850463867, 60.04999923706055, 65.3740005493164, 65.99199676513672, 61.810001373291016, 60.3380012512207, 61.391998291015625, 64.43199920654297, 64.43399810791016, 59.347999572753906, 55.650001525878906, 63.49599838256836, 56.374000549316406, 57.52799987792969, 59.5880012512207, 59.36399841308594, 61.36199951171875, 58.810001373291016, 60.15800094604492, 62.02799987792969, 60.22999954223633, 58.422000885009766, 61.22999954223633, 61.5880012512207, 66.56400299072266, 57.279998779296875, 58.624000549316406, 57.47200012207031, 64.54199981689453, 61.939998626708984, 64.35800170898438, 57.84600067138672, 59.46200180053711, 58.99800109863281, 60.8380012512207, 60.858001708984375, 59.82400131225586, 61.12200164794922, 62.03200149536133, 61.95600128173828, 62.45199966430664, 62.02399826049805, 60.2239990234375, 59.40800094604492, 63.70399856567383, 60.69200134277344, 60.13999938964844, 61.72200012207031, 61.41999816894531, 61.874000549316406, 57.80400085449219, 60.465999603271484, 61.119998931884766, 59.99399948120117, 59.21200180053711, 62.82400131225586, 55.49399948120117, 61.0359992980957, 59.07400131225586, 61.46799850463867, 59.349998474121094, 56.37799835205078, 64.60600280761719, 59.847999572753906, 56.737998962402344, 68.76000213623047, 60.42599868774414, 61.56999969482422, 57.17399978637695, 58.268001556396484, 54.97999954223633, 60.03799819946289, 62.4379997253418, 60.37799835205078, 62.652000427246094, 62.20399856567383, 61.40800094604492, 64.01599884033203, 60.20199966430664, 55.69200134277344, 59.95399856567383, 59.779998779296875, 58.29199981689453, 58.6879997253418, 62.14799880981445, 62.444000244140625, 61.44200134277344, 58.17399978637695, 62.75400161743164, 61.939998626708984, 59.433998107910156, 63.104000091552734, 57.09199905395508], "e_f1": [0.268000669497823, 0.21757745510618898, 0.22321504183285715, 0.21254156621750617, 0.1719777554484288, 0.19923229635889314, 0.22919773575865857, 0.23637344547718128, 0.2157143343441908, 0.19346226335500102, 0.17143410220214264, 0.1899165733270691, 0.20958067852457613, 0.19459685181694977, 0.19071382338225526, 0.17326287506103938, 0.25033557015362645, 0.309861402666824, 0.20238191667614505, 0.26801910743962326, 0.22687163278431854, 0.28906463538237276, 0.27429792191456875, 0.22910180418625828, 0.285675483706331, 0.2393163522619908, 0.2534617208239828, 0.21980545601364043, 0.2523337490690948, 0.23853874807598457, 0.23776152958402832, 0.18556667739622112, 0.2425898817715116, 0.23893466392576948, 0.2648054431825973, 0.19216378762797967, 0.23047997436300177, 0.1985953281529161, 0.23486632415221453, 0.24397247134683728, 0.24667682119744178, 0.23723224011363597, 0.23022149860968896, 0.22643681138280874, 0.2224382276837564, 0.25536521100197684, 0.2358412630223213, 0.24079321085935423, 0.23671863310729782, 0.2553865033156192, 0.29752386392272795, 0.19854298604007162, 0.21133846140399867, 0.22608476247251866, 0.257909870856039, 0.1869613875041181, 0.22690032178939987, 0.2606146480683937, 0.18436230345813928, 0.21365960948949297, 0.28661009524802517, 0.23107278409249804, 0.2740690932298007, 0.3165239399108916, 0.250175964063313, 0.2566729467392236, 0.23261743897334458, 0.2546508484858407, 0.24889591257014934, 0.22083964295091119, 0.25907651261094516, 0.2668957144792912, 0.18367139742016908, 0.24365506465142642, 0.25997693207918104, 0.2714471924921575, 0.30343380347981336, 0.24569377546277427, 0.28670226251256337, 0.2062421433558401, 0.2195338826952597, 0.24800404748169622, 0.24161245348036284, 0.23399745888537188, 0.20586830869808648, 0.22401015370732655, 0.28765086283712765, 0.2551535615790056, 0.267846587075359, 0.25413831243208584, 0.260259234596856, 0.2415624288271387, 0.2546045132457457, 0.28004498425972996, 0.23553173514125464, 0.1778323944507174, 0.22614871307259152, 0.20338193328298163, 0.2536498526695858, 0.26329415494171104], "auc": [0.8310069444444443, 0.7636111111111112, 0.8084375, 0.7480208333333334, 0.7161458333333334, 0.7411458333333333, 0.8055208333333332, 0.8385416666666667, 0.7568402777777777, 0.7561458333333333, 0.7612847222222222, 0.7394791666666666, 0.7849652777777778, 0.7282638888888888, 0.7681944444444445, 0.713125, 0.8307638888888889, 0.8675, 0.7659722222222223, 0.8438888888888889, 0.8448611111111112, 0.8430555555555556, 0.8160763888888889, 0.7830208333333333, 0.7925347222222222, 0.8114930555555555, 0.7868402777777778, 0.8104166666666667, 0.8239236111111111, 0.8248263888888889, 0.7969791666666667, 0.7288194444444444, 0.7852430555555555, 0.7953472222222222, 0.8598958333333334, 0.7461805555555555, 0.7765972222222223, 0.6886111111111112, 0.8313888888888888, 0.8025694444444444, 0.8471875, 0.81625, 0.7833680555555556, 0.7899305555555556, 0.82, 0.8337847222222222, 0.7909375000000001, 0.8251736111111111, 0.8583680555555555, 0.8115277777777777, 0.8351388888888889, 0.7689236111111111, 0.7725694444444444, 0.7966666666666666, 0.8277083333333333, 0.7597569444444444, 0.7434027777777777, 0.8157291666666666, 0.7623263888888887, 0.7153125, 0.8120486111111112, 0.8248958333333333, 0.8039236111111112, 0.8875, 0.8214236111111112, 0.83875, 0.8121875, 0.8104513888888889, 0.8219097222222222, 0.7554861111111111, 0.8222569444444444, 0.7950694444444444, 0.7309027777777778, 0.8311458333333334, 0.8446874999999999, 0.8348958333333333, 0.8798611111111111, 0.8315277777777778, 0.8629166666666667, 0.8046875, 0.7744444444444444, 0.7896527777777778, 0.7875347222222222, 0.7729166666666667, 0.7800694444444445, 0.7809027777777777, 0.8459375, 0.8452777777777777, 0.8295138888888889, 0.8046527777777777, 0.7832638888888888, 0.8269791666666667, 0.8046527777777778, 0.8697569444444444, 0.8064930555555556, 0.7138541666666666, 0.7806249999999999, 0.7218055555555556, 0.8277777777777778, 0.804375], "log_prob": [-98.27130126953125, -108.23837280273438, -103.86090087890625, -111.8442611694336, -117.88044738769531, -112.35557556152344, -103.81134033203125, -99.36895751953125, -111.43193054199219, -114.56710815429688, -112.38207244873047, -117.18728637695312, -108.1904525756836, -113.30580139160156, -111.58183288574219, -116.69115447998047, -101.0842514038086, -90.74533081054688, -110.72062683105469, -97.82453155517578, -99.5710220336914, -96.64683532714844, -100.38958740234375, -106.22427368164062, -100.37094116210938, -103.90494537353516, -108.63101196289062, -103.99571990966797, -103.15107727050781, -101.08499145507812, -104.8560791015625, -114.59326171875, -104.59120178222656, -105.22134399414062, -94.95814514160156, -115.04206848144531, -108.34095001220703, -117.99787139892578, -101.15054321289062, -106.34996032714844, -98.5173568725586, -102.84506225585938, -106.78919219970703, -106.38290405273438, -104.16191101074219, -100.1524658203125, -106.61282348632812, -101.5234603881836, -99.19611358642578, -104.00428009033203, -99.51144409179688, -110.02762603759766, -108.42877197265625, -108.25084686279297, -100.11599731445312, -112.54951477050781, -112.60515594482422, -100.72447967529297, -112.19771575927734, -125.8714370727539, -100.58143615722656, -102.3505859375, -104.43537139892578, -88.62627410888672, -101.40176391601562, -100.36331939697266, -103.20237731933594, -102.899658203125, -101.31639099121094, -112.01406860351562, -100.69224548339844, -101.3887710571289, -115.82268524169922, -101.9959487915039, -100.04667663574219, -97.46025085449219, -91.21319580078125, -100.04754638671875, -93.78608703613281, -107.90484619140625, -107.93634796142578, -105.04625701904297, -109.59063720703125, -107.63388061523438, -109.70207214355469, -108.7738265991211, -94.86819458007812, -99.25760650634766, -100.12811279296875, -102.30177307128906, -105.7135009765625, -102.46553039550781, -103.46818542480469, -95.78471374511719, -102.95197296142578, -117.16694641113281, -107.13907623291016, -114.74801635742188, -101.48068237304688, -101.12060546875], "test_loss": 0.26171798586845396}