{"e_shd": [96.36799621582031, 86.76599884033203, 87.7239990234375, 85.37799835205078, 86.30000305175781, 84.08599853515625, 86.31800079345703, 88.65599822998047, 86.99600219726562, 85.56600189208984, 86.73400115966797, 85.59600067138672, 92.52799987792969, 84.10800170898438, 86.95800018310547, 85.1520004272461, 81.38999938964844, 81.66200256347656, 82.1500015258789, 84.64600372314453, 87.61599731445312, 89.53399658203125, 87.65799713134766, 84.4520034790039, 85.3239974975586, 85.99600219726562, 87.35800170898438, 79.38400268554688, 88.19000244140625, 85.1760025024414, 85.88200378417969, 85.40799713134766, 88.16799926757812, 88.73799896240234, 89.64199829101562, 93.16600036621094, 87.91200256347656, 83.30799865722656, 87.5, 86.68199920654297, 91.23999786376953, 85.29399871826172, 84.55799865722656, 86.2239990234375, 84.91200256347656, 83.04399871826172, 85.06600189208984, 88.38400268554688, 89.84200286865234, 93.39600372314453, 88.78199768066406, 84.5479965209961, 88.43599700927734, 86.49600219726562, 88.68199920654297, 82.54000091552734, 83.58599853515625, 86.85199737548828, 86.58799743652344, 82.57599639892578, 84.4739990234375, 86.30400085449219, 89.36000061035156, 88.15399932861328, 86.34200286865234, 85.06400299072266, 85.23600006103516, 87.55799865722656, 78.72799682617188, 83.0459976196289, 90.85600280761719, 87.29199981689453, 85.85600280761719, 88.23999786376953, 88.84200286865234, 83.26799774169922, 85.74199676513672, 89.65599822998047, 88.95600128173828, 86.58399963378906, 90.20800018310547, 85.87200164794922, 87.72599792480469, 87.48200225830078, 85.3499984741211, 90.64600372314453, 88.7760009765625, 86.53800201416016, 88.20999908447266, 81.6719970703125, 86.95600128173828, 83.79399871826172, 86.83200073242188, 84.16999816894531, 91.41200256347656, 86.03600311279297, 85.03800201416016, 82.49800109863281, 89.03800201416016, 82.01799774169922], "e_f1": [0.2490965098538502, 0.31859123679618306, 0.2582296233936143, 0.26397866573453704, 0.30746263117506156, 0.3220366622795178, 0.30057803011930206, 0.2829279621537416, 0.24943922281839048, 0.27940489950490816, 0.25200264579445714, 0.3003024851895119, 0.25107703968018535, 0.28027937398285674, 0.29263388667573464, 0.26365233255249576, 0.3043930913847326, 0.3363284422891785, 0.295642841030323, 0.27757404450496276, 0.2393409034141973, 0.2685052310627329, 0.2843616860835505, 0.24495070788364565, 0.28757372609261156, 0.2867244201681578, 0.26513477269530994, 0.33070342421784504, 0.2775210718997173, 0.2714662202919493, 0.3074903792254255, 0.2832546347362302, 0.2585682477107511, 0.26514843304931107, 0.2635072448480838, 0.25497708863400187, 0.2507298058757945, 0.28223413438272676, 0.2692108018272763, 0.29201974399223113, 0.25080346641132406, 0.24438516421926434, 0.29814360035583826, 0.28160245810523177, 0.28373609979918557, 0.30447518215713537, 0.32350108678688355, 0.2791516061375347, 0.2591895080197859, 0.2580850649619841, 0.27125018075205365, 0.30420672368035373, 0.26162330530137123, 0.28340975070246693, 0.26414204086688037, 0.3028131640558945, 0.2810777643315538, 0.2858807517006055, 0.2850621265629028, 0.31632189874444894, 0.2853176817362371, 0.249689223409433, 0.24674477786720558, 0.2611286256852732, 0.28884847337689473, 0.2648478348091654, 0.28809624427806513, 0.259823630001891, 0.302416381571664, 0.2961006758139789, 0.22584938040949742, 0.2557471607203739, 0.3006958583542644, 0.25847645309369294, 0.2633987128225797, 0.2656815044279523, 0.3081464524322244, 0.2569738047319502, 0.2582682968274861, 0.25670591050894404, 0.26499376213485865, 0.2858767793869901, 0.28897642451930067, 0.2763777361327918, 0.2875830098408468, 0.2662631451002244, 0.25731822244086866, 0.23952046431523774, 0.2521790410781182, 0.28203773991733033, 0.29828570425726064, 0.29099135049063535, 0.27065761914337916, 0.2794490759457877, 0.25191189058347424, 0.27134027557505846, 0.3113001900394026, 0.3244623766170578, 0.2375966510251916, 0.33343936287795123], "auc": [0.6915686274509805, 0.8133088235294117, 0.757328431372549, 0.7801715686274511, 0.7965196078431372, 0.8254166666666667, 0.7405392156862745, 0.8002941176470588, 0.7587745098039216, 0.8146078431372549, 0.7536029411764706, 0.7864705882352941, 0.7425980392156863, 0.7713235294117647, 0.799485294117647, 0.7790196078431373, 0.8470343137254901, 0.8486274509803922, 0.7788725490196079, 0.8068137254901961, 0.7531862745098039, 0.7245833333333334, 0.7692156862745099, 0.8058333333333333, 0.8397303921568628, 0.803578431372549, 0.7639950980392156, 0.860171568627451, 0.7440686274509805, 0.8156617647058824, 0.8032843137254903, 0.771421568627451, 0.7298529411764707, 0.7581617647058824, 0.6904166666666667, 0.7461519607843138, 0.7585539215686274, 0.8197058823529412, 0.7656617647058823, 0.7978676470588235, 0.7563970588235295, 0.7582843137254902, 0.8079656862745098, 0.7896813725490196, 0.764656862745098, 0.8174509803921568, 0.8197549019607843, 0.7782107843137256, 0.7456127450980392, 0.7601470588235295, 0.7478676470588237, 0.7890196078431373, 0.7550490196078431, 0.813014705882353, 0.736421568627451, 0.8474264705882352, 0.779607843137255, 0.8085294117647058, 0.7898774509803922, 0.8365196078431372, 0.7907107843137255, 0.7496813725490196, 0.7541176470588234, 0.7617401960784314, 0.8154656862745098, 0.7976470588235294, 0.73453431372549, 0.7514950980392157, 0.8356372549019607, 0.8147549019607844, 0.7052450980392158, 0.7774264705882353, 0.8037254901960784, 0.7841666666666667, 0.7272058823529411, 0.7527696078431373, 0.8380392156862744, 0.7694607843137253, 0.775, 0.7576225490196079, 0.7114460784313724, 0.8087009803921569, 0.7610294117647058, 0.8035049019607843, 0.7700245098039216, 0.7510539215686275, 0.7709068627450981, 0.7617892156862746, 0.7428186274509805, 0.8203431372549019, 0.8210539215686276, 0.7841911764705882, 0.7587745098039216, 0.7893872549019607, 0.7357352941176472, 0.7621568627450981, 0.7803186274509804, 0.8426960784313726, 0.7369852941176471, 0.8340196078431373], "log_prob": [-163.30960083007812, -132.59642028808594, -146.2757568359375, -139.7955780029297, -137.1904754638672, -130.2604217529297, -148.7462158203125, -140.06134033203125, -144.31263732910156, -134.478271484375, -147.31301879882812, -138.7069854736328, -145.7183074951172, -138.28152465820312, -135.3623046875, -143.38418579101562, -127.4519271850586, -126.40032958984375, -143.77342224121094, -138.59092712402344, -146.7694091796875, -147.594970703125, -143.14622497558594, -139.63583374023438, -130.13507080078125, -138.26132202148438, -142.8478240966797, -122.4538803100586, -150.064697265625, -136.0694122314453, -135.25296020507812, -141.8012237548828, -150.8353271484375, -144.2847442626953, -155.58343505859375, -147.21922302246094, -149.14093017578125, -133.8919219970703, -143.01026916503906, -139.42193603515625, -148.03900146484375, -148.70252990722656, -137.03724670410156, -137.34371948242188, -143.62960815429688, -132.83274841308594, -131.27371215820312, -140.716552734375, -147.5201416015625, -146.83035278320312, -145.87100219726562, -139.11070251464844, -147.03607177734375, -135.2592315673828, -146.0711212158203, -127.5753173828125, -136.4007568359375, -136.28558349609375, -137.2755584716797, -129.22927856445312, -137.8394775390625, -146.0005340576172, -146.63064575195312, -144.06317138671875, -133.89401245117188, -140.15396118164062, -147.33953857421875, -144.21176147460938, -127.92823791503906, -131.81866455078125, -151.2223358154297, -141.78443908691406, -136.331787109375, -139.90647888183594, -147.68128967285156, -143.39892578125, -129.76998901367188, -143.55001831054688, -141.5963897705078, -148.28982543945312, -149.81002807617188, -137.65298461914062, -142.1848602294922, -136.95040893554688, -141.7369842529297, -144.54348754882812, -143.19989013671875, -144.3970184326172, -147.81027221679688, -134.7489013671875, -132.62615966796875, -137.25079345703125, -144.09906005859375, -139.1785888671875, -149.43304443359375, -143.31114196777344, -140.75115966796875, -127.05204010009766, -149.2075958251953, -127.93871307373047],