{"e_shd": [30.15399932861328, 31.3439998626709, 32.125999450683594, 32.757999420166016, 28.969999313354492, 33.097999572753906, 29.72599983215332, 25.785999298095703, 30.753999710083008, 31.40999984741211, 26.013999938964844, 32.73400115966797, 29.70199966430664, 30.016000747680664, 31.327999114990234, 29.464000701904297, 27.06599998474121, 31.083999633789062, 29.884000778198242, 30.586000442504883, 30.040000915527344, 32.70199966430664, 29.472000122070312, 31.878000259399414, 26.579999923706055, 30.673999786376953, 27.038000106811523, 31.143999099731445, 30.486000061035156, 38.67399978637695, 29.413999557495117, 31.16200065612793, 30.50200080871582, 31.176000595092773, 30.110000610351562, 29.110000610351562, 28.81399917602539, 32.077999114990234, 30.993999481201172, 32.11199951171875, 30.908000946044922, 29.408000946044922, 30.97599983215332, 26.152000427246094, 29.857999801635742, 35.66400146484375, 29.944000244140625, 29.540000915527344, 26.531999588012695, 26.826000213623047, 30.29199981689453, 31.937999725341797, 29.36199951171875, 30.829999923706055, 28.215999603271484, 34.84000015258789, 33.13399887084961, 28.812000274658203, 28.77400016784668, 29.99799919128418, 27.871999740600586, 32.36199951171875, 33.61800003051758, 29.90999984741211, 30.17799949645996, 30.257999420166016, 34.33399963378906, 32.46200180053711, 33.08000183105469, 29.658000946044922, 32.194000244140625, 29.639999389648438, 31.827999114990234, 28.760000228881836, 32.09199905395508, 32.87200164794922, 30.24799919128418, 28.916000366210938, 27.219999313354492, 31.552000045776367, 32.347999572753906, 29.833999633789062, 31.826000213623047, 31.027999877929688, 30.784000396728516, 30.634000778198242, 30.38599967956543, 31.950000762939453, 31.54400062561035, 31.3700008392334, 25.527999877929688, 33.52399826049805, 31.639999389648438, 32.02399826049805, 32.9379997253418, 28.75200080871582, 26.663999557495117, 31.658000946044922, 29.68000030517578, 31.604000091552734], "e_f1": [0.2081481228961207, 0.255458899233141, 0.2272165002026646, 0.2068497656475563, 0.20867899023139289, 0.18632153011944833, 0.25873155476705373, 0.3686047052974386, 0.23306700605474176, 0.263038271520849, 0.35446542105287243, 0.1915790622309581, 0.26583508106554254, 0.2537437436045118, 0.24472580703060617, 0.272424450526377, 0.3190073656996908, 0.26137695125783805, 0.26063570068633496, 0.21581505706474885, 0.23168401519262732, 0.2645901462363762, 0.2643675121495189, 0.23561143839069779, 0.28171986102397467, 0.2962142708307325, 0.23073482698437991, 0.24909311359621086, 0.24790659021621006, 0.18088348088769476, 0.2545615317269857, 0.2598844958681172, 0.23817223633206014, 0.27015268863589303, 0.2373393259696339, 0.27678137479683756, 0.24624052457530568, 0.18140478617378555, 0.30348533965311436, 0.15286037763042976, 0.20732758005720878, 0.2506467436466817, 0.27283439003773297, 0.34759654573388993, 0.20489138879516036, 0.18546506840620947, 0.23078931175576248, 0.2516929490978663, 0.3039153480179717, 0.3704889955509234, 0.23867785713983206, 0.19730486257080754, 0.25209400640005075, 0.17922706266635743, 0.250655316997068, 0.1933366710337887, 0.2115613152624614, 0.31588823327036947, 0.2566945840478303, 0.27136336183111276, 0.29396510207822113, 0.19253840930123373, 0.20508906535000448, 0.2567064936350145, 0.22414729384243232, 0.2624122386691117, 0.21096654130970052, 0.197074397812113, 0.2030480603796716, 0.2274581222168988, 0.211944177873787, 0.3288448994826955, 0.2579482814494863, 0.2858723534186319, 0.2481320489752419, 0.19220384850746466, 0.27943310833072565, 0.23476605955656293, 0.3449358524675406, 0.21795653212661686, 0.27302867065725234, 0.2307054871854135, 0.20707642832584242, 0.27518510318497236, 0.2154013329514403, 0.21028136374090223, 0.22113618395717372, 0.23525089765495638, 0.24138269486648603, 0.24671774751014855, 0.3517377993997757, 0.17006412975216847, 0.23593149374616007, 0.24033341060317728, 0.22294715556486797, 0.239900791031059, 0.34428589900277207, 0.23074789490375736, 0.26453125972207997, 0.2185288538378021], "auc": [0.7107236842105263, 0.7626973684210527, 0.8362499999999999, 0.7363815789473684, 0.8207894736842105, 0.7144078947368422, 0.7823026315789474, 0.8678289473684211, 0.864671052631579, 0.8758552631578947, 0.8448684210526315, 0.785328947368421, 0.8389473684210527, 0.7463815789473685, 0.855, 0.8128947368421053, 0.9059210526315788, 0.8226315789473684, 0.8901973684210527, 0.8544736842105264, 0.7797368421052632, 0.8336184210526316, 0.8253947368421053, 0.7470394736842105, 0.7598684210526316, 0.8721052631578947, 0.804078947368421, 0.8586184210526316, 0.8449342105263158, 0.797828947368421, 0.8136184210526316, 0.8592763157894737, 0.8271052631578947, 0.8632894736842105, 0.8141447368421052, 0.8450000000000001, 0.7882236842105262, 0.8105263157894737, 0.8911184210526315, 0.7474999999999999, 0.7441447368421052, 0.8240131578947368, 0.7534868421052632, 0.8794736842105263, 0.7962500000000001, 0.69125, 0.7658552631578948, 0.8701315789473684, 0.8735526315789472, 0.9034868421052631, 0.8891447368421052, 0.7977631578947367, 0.82125, 0.7875657894736843, 0.8278947368421052, 0.8115131578947368, 0.8174342105263157, 0.8169736842105263, 0.8257236842105263, 0.8426973684210526, 0.8096052631578947, 0.8048026315789473, 0.8183552631578948, 0.8230263157894736, 0.8076973684210526, 0.8113157894736842, 0.8264473684210527, 0.8134868421052632, 0.7648026315789473, 0.8847368421052632, 0.8275, 0.8551973684210527, 0.8471052631578948, 0.882171052631579, 0.8819736842105264, 0.8332236842105263, 0.8963815789473684, 0.7692763157894736, 0.8468421052631578, 0.9094078947368421, 0.8670394736842105, 0.8008552631578948, 0.8556578947368422, 0.8474342105263158, 0.7497368421052633, 0.800986842105263, 0.8221052631578948, 0.8859210526315788, 0.8198026315789475, 0.8198684210526316, 0.8572368421052632, 0.82625, 0.9004605263157894, 0.7816447368421052, 0.8247368421052632, 0.7901315789473684, 0.8865131578947368, 0.7793421052631578, 0.8126315789473684, 0.7659868421052631], "log_prob": [-68.22607421875, -64.63169860839844, -59.92851257324219, -66.38211059570312, -60.69366455078125, -68.35542297363281, -62.36341094970703, -49.714542388916016, -56.95125198364258, -54.65083312988281, -52.959632873535156, -63.66622543334961, -60.165462493896484, -63.87242126464844, -56.680816650390625, -59.91850662231445, -50.855430603027344, -58.930908203125, -53.68547821044922, -57.6822624206543, -61.1746940612793, -58.99365234375, -56.3825569152832, -64.08064270019531, -62.9488525390625, -53.9616813659668, -61.121307373046875, -55.56357192993164, -57.13916778564453, -67.26698303222656, -58.9490852355957, -57.73834991455078, -60.369041442871094, -55.382598876953125, -61.38507080078125, -55.82545852661133, -63.067222595214844, -61.973751068115234, -51.667724609375, -69.39585876464844, -67.74039459228516, -59.2917594909668, -63.32218933105469, -50.19605255126953, -62.977325439453125, -71.24298858642578, -66.31991577148438, -55.39249801635742, -55.53711700439453, -48.33405303955078, -54.3769645690918, -63.505027770996094, -57.892616271972656, -63.40679931640625, -58.746944427490234, -61.896697998046875, -61.4293212890625, -54.03499221801758, -56.20724105834961, -57.387149810791016, -57.64390563964844, -65.41486358642578, -63.5170783996582, -59.60755920410156, -61.6859245300293, -59.26878356933594, -61.618919372558594, -62.9636116027832, -64.74052429199219, -55.34868621826172, -61.14381790161133, -51.978912353515625, -57.820350646972656, -53.504356384277344, -54.51940155029297, -61.65885543823242, -52.79051971435547, -61.423431396484375, -51.15543746948242, -53.649139404296875, -55.93165969848633, -71.93475341796875, -59.335777282714844, -55.96404266357422, -67.29779052734375, -63.0749626159668, -60.44134521484375, -54.178775787353516, -59.98087692260742, -60.89684295654297, -50.92292404174805, -63.80632781982422, -54.28211212158203, -65.16449737548828, -59.624420166015625, -62.69523239135742, -50.5025520324707, -61.29362869262695, -58.74480438232422, -64.76861572265625],