{"e_shd": [88.41200256347656, 87.85800170898438, 87.45800018310547, 88.01000213623047, 87.7300033569336, 88.23600006103516, 88.18399810791016, 87.95600128173828, 88.03600311279297, 88.14199829101562, 87.30799865722656, 88.0459976196289, 87.82599639892578, 87.55000305175781, 87.66799926757812, 87.87999725341797, 87.5739974975586, 87.9020004272461, 88.03399658203125, 87.35600280761719, 87.99600219726562, 87.802001953125, 87.85399627685547, 87.77999877929688, 88.51599884033203], "e_f1": [0.11512364980845308, 0.1205585374047609, 0.12476513407315906, 0.1188504014248964, 0.1221355050007544, 0.11671771177033545, 0.11736770369894133, 0.11999474360401226, 0.1189617717277724, 0.11770873696448123, 0.126358236884913, 0.11895513060489724, 0.12095487552794834, 0.12342512381745223, 0.12263937363960116, 0.12035660006464255, 0.12308185637835822, 0.12035279563554925, 0.11888235881160619, 0.12516015169705486, 0.11886647561642341, 0.12159710510504772, 0.12051371053284586, 0.12159220911866066, 0.11401586149357626], "auc": [0.4165686274509804, 0.5117156862745098, 0.5803186274509804, 0.47183823529411767, 0.5313235294117648, 0.4370588235294117, 0.4562745098039216, 0.4966666666666667, 0.465735294117647, 0.45080882352941176, 0.6004656862745098, 0.4519362745098039, 0.5186274509803922, 0.5577450980392157, 0.5413970588235294, 0.5068872549019608, 0.5564950980392156, 0.49977941176470586, 0.45742647058823527, 0.5925, 0.48404411764705885, 0.5271323529411766, 0.5200980392156863, 0.5176470588235295, 0.37977941176470587], "log_prob": [-177.56539916992188, -174.3013916015625, -171.79339599609375, -175.29991149902344, -173.42254638671875, -176.4866943359375, -176.04693603515625, -174.92958068847656, -175.20782470703125, -175.90115356445312, -171.21142578125, -175.0571746826172, -174.0418701171875, -172.83421325683594, -173.23721313476562, -174.55792236328125, -172.87252807617188, -174.38235473632812, -175.3249969482422, -171.77639770507812, -175.24838256835938, -173.88909912109375, -174.2865753173828, -173.51739501953125, -177.94808959960938]}