{"e_shd": [72.00599670410156, 72.10800170898438, 71.8280029296875, 71.697998046875, 72.13600158691406, 72.15599822998047, 72.16799926757812, 72.1240005493164, 71.66000366210938, 71.9280014038086, 72.13999938964844, 72.14600372314453, 71.96800231933594, 71.45600128173828, 72.01599884033203, 71.87200164794922, 71.90799713134766, 71.94400024414062, 71.96600341796875, 71.7760009765625, 71.68399810791016, 71.88800048828125, 71.8740005493164, 71.74199676513672, 71.83000183105469], "e_f1": [0.09901853913793812, 0.0976890879631386, 0.10122992056433773, 0.10315774836196778, 0.09753444351397937, 0.09690027504586336, 0.09694937838212322, 0.09764698029740224, 0.10285394747462259, 0.09981836550122138, 0.09681742880498156, 0.0978861017947516, 0.09988987660272522, 0.1061289951336365, 0.09911175331934827, 0.10068950653347278, 0.09991476580928058, 0.09989718012882572, 0.09959194057067697, 0.1016534919411446, 0.1032677464299467, 0.10050038732950126, 0.10052628449709365, 0.10220254751811714, 0.10083211169983321], "auc": [0.47715277777777776, 0.45041666666666663, 0.5232291666666666, 0.5622569444444445, 0.47486111111111107, 0.4573611111111111, 0.44729166666666664, 0.43288194444444444, 0.5806944444444443, 0.4903125, 0.4374652777777778, 0.43090277777777775, 0.4955555555555555, 0.6152777777777778, 0.454375, 0.5028819444444445, 0.5030555555555556, 0.49, 0.4880208333333334, 0.5045833333333334, 0.5653124999999999, 0.5195486111111111, 0.5100694444444445, 0.5267013888888888, 0.5177430555555556], "log_prob": [-130.83401489257812, -131.60968017578125, -129.76251220703125, -129.16525268554688, -131.83920288085938, -132.2113037109375, -132.08688354492188, -131.4767303466797, -129.10336303710938, -130.62533569335938, -131.87017822265625, -131.3870849609375, -130.37765502929688, -127.73180389404297, -130.7747802734375, -130.10699462890625, -130.43154907226562, -130.4483642578125, -130.60818481445312, -129.58001708984375, -129.125, -130.24798583984375, -130.15640258789062, -129.46026611328125, -129.92233276367188]}