{"e_shd": [55.86000061035156, 55.79999923706055, 55.959999084472656, 56.02799987792969, 56.04199981689453, 55.74399948120117, 55.986000061035156, 55.9119987487793, 55.99800109863281, 56.007999420166016, 56.0099983215332, 55.928001403808594, 55.847999572753906, 55.683998107910156, 55.608001708984375, 55.832000732421875, 55.81999969482422, 56.08000183105469, 55.965999603271484, 55.91400146484375, 55.90399932861328, 55.88800048828125, 56.08599853515625, 55.72600173950195, 56.00600051879883], "e_f1": [0.06785762146117033, 0.0677910553358895, 0.06645936131684087, 0.06495591225815349, 0.06468107532665837, 0.06860070839660805, 0.06535526397313765, 0.06722888595625556, 0.06511580766116555, 0.06537386595683109, 0.06438616066059283, 0.06610578356863596, 0.06742752412589027, 0.07075682159844689, 0.07177894219120824, 0.06780058148792471, 0.068040468255365, 0.0644016561702039, 0.06633664970793292, 0.06690518593674016, 0.06696094889462986, 0.06719543223547558, 0.06394316174827307, 0.06959619168932957, 0.0658309926448279], "auc": [0.536578947368421, 0.5329605263157894, 0.4822368421052632, 0.4394736842105263, 0.4223026315789474, 0.5809868421052632, 0.5003947368421051, 0.5125, 0.45578947368421047, 0.44473684210526315, 0.4282236842105263, 0.4608552631578947, 0.5330263157894737, 0.6297368421052632, 0.6063815789473684, 0.5396052631578947, 0.5514473684210526, 0.425921052631579, 0.4898026315789474, 0.5004605263157895, 0.49743421052631576, 0.5033552631578948, 0.40828947368421054, 0.5589473684210526, 0.47874999999999995], "log_prob": [-85.9930419921875, -85.72897338867188, -86.35005187988281, -86.8670654296875, -87.00328063964844, -85.57708740234375, -86.90489196777344, -86.11835479736328, -86.87674713134766, -86.72906494140625, -87.03073120117188, -86.44548797607422, -85.94940948486328, -84.95066833496094, -84.67427062988281, -85.95698547363281, -85.95930480957031, -87.01692199707031, -86.3765869140625, -86.19280242919922, -86.165771484375, -86.054443359375, -87.19715881347656, -85.31326293945312, -86.60285949707031]}