{"e_shd": [66.7959976196289, 65.86399841308594, 68.6780014038086, 65.87999725341797, 67.50599670410156, 67.85399627685547, 67.1520004272461, 66.88800048828125, 66.98799896240234, 68.84200286865234, 66.3479995727539, 64.71199798583984, 69.65599822998047, 64.31199645996094, 68.30999755859375, 68.58999633789062, 69.05999755859375, 65.19400024414062, 65.10600280761719, 66.53600311279297, 68.20999908447266, 68.30599975585938, 66.98799896240234, 65.15799713134766, 68.78800201416016], "e_f1": [0.155413677220995, 0.18198043216598705, 0.1502715519648952, 0.1682200117833377, 0.11868905203921215, 0.15639503972060498, 0.1383433157842777, 0.15881032320334976, 0.136341328782971, 0.12448835359706172, 0.16663732287824196, 0.18256808351692064, 0.1304809197325855, 0.1872812922288482, 0.13220418539457682, 0.13378050828011276, 0.14463125301861604, 0.1580844147178101, 0.16819016621878438, 0.13341931805046045, 0.14481088779275783, 0.13400293828817983, 0.1575373793654369, 0.16887950061658216, 0.12021024757039228], "auc": [0.7287152777777778, 0.7901041666666666, 0.7231249999999999, 0.781076388888889, 0.6447916666666668, 0.7326736111111112, 0.6935416666666666, 0.7354861111111112, 0.695, 0.6451041666666667, 0.7940972222222222, 0.8184722222222222, 0.6525347222222222, 0.8146180555555556, 0.6748958333333333, 0.659375, 0.6968402777777778, 0.7390277777777777, 0.7675694444444444, 0.7239583333333334, 0.6773611111111111, 0.680625, 0.717673611111111, 0.7866666666666666, 0.6087152777777778], "log_prob": [-115.0643310546875, -108.07225036621094, -117.80811309814453, -111.1169662475586, -124.05361938476562, -114.57808685302734, -119.68759155273438, -115.74751281738281, -119.72914123535156, -123.42070770263672, -109.89763641357422, -106.45787048339844, -122.51947021484375, -104.78036499023438, -123.90872192382812, -122.27739715576172, -119.46109008789062, -115.27342224121094, -111.6402587890625, -118.03062438964844, -118.10847473144531, -120.40225219726562, -116.22528076171875, -112.67420959472656, -126.68769836425781]}