{"e_shd": [51.029998779296875, 51.65599822998047, 49.439998626708984, 51.7859992980957, 50.917999267578125, 49.97999954223633, 52.70199966430664, 47.698001861572266, 51.99399948120117, 52.20000076293945, 52.534000396728516, 52.43000030517578, 53.09000015258789, 53.970001220703125, 51.06999969482422, 48.09000015258789, 48.66600036621094, 52.47600173950195, 48.18600082397461, 50.74399948120117, 46.68600082397461, 48.9900016784668, 50.20399856567383, 53.21200180053711, 50.757999420166016], "e_f1": [0.11162314574484862, 0.09775694679135631, 0.126024026125825, 0.1151685723511377, 0.10808157049994241, 0.11677286754405455, 0.09679255668946249, 0.13869380507799822, 0.1122403433323044, 0.07937773709853703, 0.09950454807533399, 0.11509246098317637, 0.10177862904031418, 0.10143150989661026, 0.12367359916073477, 0.1143759357855018, 0.12448188849194113, 0.09627499055845368, 0.13135220165887518, 0.11218971560036822, 0.12335078805450209, 0.09656764644731951, 0.11724899559483194, 0.08958484456381882, 0.11888433857486731], "auc": [0.726578947368421, 0.7379605263157896, 0.7775, 0.7422368421052632, 0.7404605263157894, 0.7544078947368421, 0.6757236842105263, 0.8059868421052632, 0.7754605263157894, 0.6125657894736842, 0.7323026315789474, 0.7613815789473685, 0.7072368421052632, 0.7067105263157895, 0.7824342105263158, 0.7804605263157895, 0.79125, 0.6895394736842105, 0.7969078947368421, 0.7792105263157895, 0.7632894736842105, 0.7242105263157894, 0.7797368421052632, 0.6936184210526316, 0.7858552631578948], "log_prob": [-77.95232391357422, -77.91685485839844, -74.66828155517578, -77.77116394042969, -76.51094055175781, -76.68247985839844, -81.42992401123047, -71.87255859375, -76.63790893554688, -84.13761138916016, -78.88082885742188, -77.912109375, -80.30521392822266, -80.48188018798828, -75.01261138916016, -72.67890167236328, -72.416259765625, -80.07501220703125, -71.63027954101562, -74.92326354980469, -75.49290466308594, -76.37547302246094, -75.00688171386719, -81.77931213378906, -73.88180541992188]}