{"e_shd": [82.65599822998047, 80.90399932861328, 84.0479965209961, 81.43599700927734, 82.16400146484375, 82.80799865722656, 80.52799987792969, 83.1760025024414, 84.7699966430664, 82.3280029296875, 82.61000061035156, 84.38800048828125, 82.66799926757812, 82.6259994506836, 83.6520004272461, 83.302001953125, 81.4520034790039, 84.27200317382812, 84.12799835205078, 83.75599670410156, 81.33000183105469, 82.48999786376953, 84.69000244140625, 82.5780029296875, 84.11399841308594], "e_f1": [0.17187404767571987, 0.2020698384585101, 0.16011031088610628, 0.1759698411089256, 0.169522163136719, 0.1771976073313744, 0.20499053731067585, 0.16262482699648922, 0.1601873285459746, 0.19030508831160792, 0.16610173231153308, 0.16169137718027823, 0.16219409335175397, 0.15667404154672368, 0.14791828539160473, 0.17080686734447476, 0.17126580073243716, 0.15498761431315347, 0.14964851490458903, 0.1620932914389811, 0.19318148133830382, 0.16705033158845478, 0.15678523388368523, 0.16821205689709046, 0.15077759103493849], "auc": [0.70625, 0.7576225490196078, 0.6287254901960784, 0.745, 0.7224754901960784, 0.7093137254901961, 0.7838725490196079, 0.69, 0.6644117647058824, 0.7287009803921569, 0.72, 0.6438725490196079, 0.6867401960784313, 0.6913725490196079, 0.6743872549019608, 0.7186029411764705, 0.7160049019607843, 0.6495833333333334, 0.651764705882353, 0.6682843137254902, 0.7503676470588235, 0.7232598039215686, 0.6613970588235294, 0.6817892156862745, 0.6852450980392157], "log_prob": [-157.32501220703125, -149.9525909423828, -162.70492553710938, -153.03692626953125, -156.5074920654297, -155.11209106445312, -145.8990020751953, -161.60906982421875, -160.85073852539062, -150.19790649414062, -156.5445556640625, -161.3974609375, -161.19363403320312, -160.56723022460938, -163.03408813476562, -155.9776153564453, -157.35679626464844, -162.71942138671875, -164.5641326904297, -160.88453674316406, -149.56103515625, -156.12042236328125, -165.1715850830078, -161.19976806640625, -163.0602569580078]}