{"e_shd": [63.922000885009766, 62.63600158691406, 67.96199798583984, 61.77000045776367, 61.433998107910156, 63.41400146484375, 61.90999984741211, 62.215999603271484, 64.78800201416016, 61.784000396728516, 62.17599868774414, 61.981998443603516, 62.2239990234375, 62.3120002746582, 61.97800064086914, 61.06800079345703, 63.78200149536133, 61.874000549316406, 67.72599792480469, 61.3120002746582, 66.72000122070312, 61.70600128173828, 62.90599822998047, 66.26200103759766, 62.0099983215332], "e_f1": [0.022953491052903254, 0.04809700079358221, 0.0218985526990744, 0.014763878361982449, 0.011285658526223041, 0.028012557894374582, 0.02718695775217537, 0.01749213958359258, 0.013544927506230169, 0.012487586587236126, 0.032948893987854035, 0.019282467978645818, 0.03597093440827811, 0.03892816876565363, 0.02347264828975753, 0.021454700836881096, 0.02947580065802657, 0.019085164817450723, 0.032274489612717, 0.010695887978779444, 0.017621056749879137, 0.03602394771113173, 0.03816237706193361, 0.03849025423575878, 0.029421052525541447], "auc": [0.4899509803921569, 0.6495588235294117, 0.5171813725490196, 0.5333333333333333, 0.5430392156862746, 0.497843137254902, 0.6433333333333333, 0.5332843137254902, 0.47301470588235295, 0.5357598039215685, 0.630343137254902, 0.5626470588235294, 0.5924264705882354, 0.6714705882352942, 0.6092401960784314, 0.6785049019607843, 0.5462990196078432, 0.5705392156862745, 0.47034313725490196, 0.5662745098039217, 0.5243627450980393, 0.6550490196078431, 0.6919607843137254, 0.497843137254902, 0.6471323529411765], "log_prob": [-487.4925537109375, -435.58636474609375, -454.0818786621094, -507.71966552734375, -476.00665283203125, -483.2078857421875, -396.974609375, -476.3565979003906, -581.2275390625, -506.746337890625, -423.587646484375, -494.6015625, -448.03094482421875, -384.9960632324219, -442.7479248046875, -419.06243896484375, -413.65216064453125, -470.3833312988281, -512.5272827148438, -446.09222412109375, -588.162109375, -391.8554992675781, -334.3854675292969, -531.072265625, -385.14874267578125]}