{"e_shd": [43.38399887084961, 50.70600128173828, 44.25400161743164, 46.76599884033203, 42.68000030517578, 41.93600082397461, 41.6879997253418, 44.9739990234375, 42.6619987487793, 44.75199890136719, 43.933998107910156, 42.858001708984375, 43.327999114990234, 43.88199996948242, 42.2140007019043, 42.11399841308594, 46.20800018310547, 44.15399932861328, 44.91400146484375, 44.89799880981445, 44.4119987487793, 46.14400100708008, 45.74599838256836, 42.54600143432617, 50.077999114990234], "e_f1": [0.023111107113683454, 0.0568665744402602, 0.02367763145601628, 0.03259179407140738, 0.03398427098559442, 0.016213589949795056, 0.01797094351602284, 0.014485483737827529, 0.01074422426115909, 0.025763326590208902, 0.010306840632246265, 0.017600667769006585, 0.02559774810713354, 0.016758291136214864, 0.01747234748548806, 0.007731933722000141, 0.033741805566521434, 0.03810052653287196, 0.04533816624704649, 0.05436477004015344, 0.019804600776576246, 0.014154171292690275, 0.034505542416447994, 0.009784004487887726, 0.03302457967816456], "auc": [0.5481597222222222, 0.49951388888888887, 0.47041666666666665, 0.5538194444444444, 0.6454166666666667, 0.620451388888889, 0.5561805555555557, 0.49145833333333333, 0.4698263888888889, 0.6341319444444444, 0.4550347222222222, 0.5692708333333334, 0.5363888888888889, 0.5093055555555556, 0.6281944444444445, 0.48340277777777774, 0.4867013888888889, 0.6201041666666667, 0.6316666666666666, 0.5234027777777778, 0.5634375, 0.49086805555555557, 0.5830555555555555, 0.46020833333333333, 0.49527777777777776], "log_prob": [-284.53680419921875, -350.0177917480469, -409.43072509765625, -302.451904296875, -267.73797607421875, -290.1134033203125, -319.85345458984375, -350.96636962890625, -364.33453369140625, -256.73828125, -323.9811706542969, -275.03045654296875, -352.08795166015625, -362.2314453125, -245.40115356445312, -378.10418701171875, -382.7683410644531, -259.8016052246094, -254.3601531982422, -362.0148010253906, -315.5950927734375, -385.91973876953125, -306.2541809082031, -380.6347961425781, -384.7127685546875]}