{"e_shd": [22.621999740600586, 25.40399932861328, 25.222000122070312, 22.483999252319336, 25.29800033569336, 24.621999740600586, 22.173999786376953, 24.027999877929688, 25.368000030517578, 21.81599998474121, 22.06999969482422, 22.84000015258789, 22.010000228881836, 22.99799919128418, 22.107999801635742, 23.27400016784668, 24.332000732421875, 24.416000366210938, 22.45800018310547, 24.694000244140625, 23.125999450683594, 24.527999877929688, 25.823999404907227, 25.56999969482422, 23.97599983215332], "e_f1": [0.029758249355730616, 0.06138161090033509, 0.013579211592288925, 0.014562810715854194, 0.03264635454636519, 0.017506638125048924, 0.013131947871108291, 0.09131115017245582, 0.046889538920014136, 0.006429840948101818, 0.00848746310050658, 0.019921558465966265, 0.01559233074105638, 0.017328420512798325, 0.00477118430683648, 0.0073358196413736395, 0.02232441320671988, 0.04236984425036005, 0.011078403239272805, 0.029621702200140806, 0.013134368284833053, 0.010537885344152212, 0.09044869964482379, 0.01815599712643723, 0.025270184008608348], "auc": [0.6433552631578947, 0.5782236842105263, 0.4336184210526316, 0.574078947368421, 0.5903947368421053, 0.6378947368421053, 0.5740131578947368, 0.6063815789473683, 0.5839473684210525, 0.452171052631579, 0.5195394736842105, 0.5376315789473685, 0.5827631578947369, 0.5402631578947369, 0.40559210526315786, 0.477828947368421, 0.577828947368421, 0.6036184210526316, 0.5274342105263158, 0.6651315789473684, 0.4560526315789474, 0.5257236842105264, 0.5151973684210527, 0.5202631578947368, 0.5371052631578948], "log_prob": [-138.00845336914062, -150.84915161132812, -204.09266662597656, -145.70468139648438, -156.1429443359375, -132.00253295898438, -167.9735107421875, -167.60760498046875, -160.5793914794922, -203.89955139160156, -189.38845825195312, -165.80526733398438, -158.1126708984375, -154.81793212890625, -225.5863800048828, -202.79209899902344, -125.6959228515625, -156.9921875, -128.92245483398438, -125.94366455078125, -213.12355041503906, -152.5214385986328, -174.6253204345703, -171.41827392578125, -154.92701721191406]}