{"e_shd": [35.83399963378906, 35.077999114990234, 34.88399887084961, 35.13999938964844, 35.678001403808594, 35.672000885009766, 36.04199981689453, 35.268001556396484, 35.62200164794922, 35.66600036621094, 35.422000885009766, 35.4900016784668, 35.70199966430664, 35.948001861572266, 35.07400131225586, 35.0880012512207, 34.85200119018555, 35.7400016784668, 34.5, 35.1879997253418, 34.215999603271484, 35.56999969482422, 35.34199905395508, 35.77399826049805, 35.72200012207031], "e_f1": [0.07643748774212025, 0.07125969804107046, 0.09246647006310547, 0.08465816081870753, 0.07443319744235842, 0.08295885967303211, 0.06958077475518261, 0.10178344668547848, 0.08077283390544235, 0.06155477005975004, 0.0698098290812091, 0.08179621074710951, 0.07693084998670563, 0.07012700507565106, 0.08548499952524682, 0.08647074018146046, 0.09628359799544538, 0.07621757257664402, 0.10781935430763599, 0.08310517873293924, 0.09427629534866011, 0.07797094799993201, 0.08716625502368217, 0.06528942318847167, 0.08583283022200532], "auc": [0.6989473684210527, 0.7182894736842106, 0.7682894736842105, 0.7432236842105263, 0.699671052631579, 0.7294078947368421, 0.6717763157894737, 0.789342105263158, 0.75875, 0.65125, 0.7086842105263158, 0.7619078947368421, 0.7170394736842105, 0.6857894736842105, 0.7655921052631579, 0.7612500000000001, 0.8076973684210527, 0.7045394736842105, 0.815, 0.7692105263157896, 0.7456578947368422, 0.7317763157894737, 0.7803947368421053, 0.67375, 0.7533552631578948], "log_prob": [-74.07865905761719, -72.55462646484375, -69.49474334716797, -70.87335205078125, -73.13101196289062, -72.68604278564453, -75.54361724853516, -67.25830078125, -81.5628662109375, -76.45743560791016, -75.06157684326172, -72.13196563720703, -72.58439636230469, -74.07640075683594, -70.80563354492188, -70.39668273925781, -66.62001037597656, -72.31920623779297, -66.34213256835938, -69.44508361816406, -92.30027770996094, -71.16719055175781, -69.14932250976562, -76.17019653320312, -69.13636016845703]}