{"e_shd": [70.33799743652344, 70.21800231933594, 71.2300033569336, 70.41999816894531, 70.64199829101562, 70.6520004272461, 69.697998046875, 70.48400115966797, 71.38600158691406, 70.25599670410156, 71.83999633789062, 71.28600311279297, 71.15799713134766, 71.03600311279297, 71.3759994506836, 71.00399780273438, 70.64199829101562, 71.33999633789062, 70.70600128173828, 71.13200378417969, 70.52200317382812, 70.53800201416016, 70.81999969482422, 70.02799987792969, 71.07599639892578], "e_f1": [0.10316617771378621, 0.10966093896786956, 0.09268113071547683, 0.10467858472508976, 0.10198958259685281, 0.1002719499196906, 0.11237042750076548, 0.09211000600919894, 0.09079804762088178, 0.10661951244068393, 0.08580478122563408, 0.09352161740218538, 0.09453772669079868, 0.09602264908973347, 0.08704355816935007, 0.09435815553512561, 0.10440667540182906, 0.09255804386179224, 0.08927240438830508, 0.0897218055190707, 0.10689032260297501, 0.102442482385078, 0.0900273321018278, 0.10298735839527089, 0.08940448129927511], "auc": [0.7277450980392157, 0.7286764705882354, 0.6388480392156862, 0.7331372549019608, 0.7226470588235294, 0.6991421568627451, 0.7855147058823531, 0.6918627450980392, 0.6607598039215686, 0.71875, 0.619656862745098, 0.6525490196078432, 0.6661764705882354, 0.669828431372549, 0.6499019607843137, 0.6865686274509804, 0.7143872549019608, 0.670514705882353, 0.6896568627450981, 0.6565931372549019, 0.726593137254902, 0.7091666666666667, 0.6688480392156863, 0.7166176470588235, 0.6666911764705883], "log_prob": [-182.97970581054688, -191.82046508789062, -191.31460571289062, -179.64268493652344, -182.19879150390625, -184.46759033203125, -185.336669921875, -189.60076904296875, -188.6981964111328, -179.4351043701172, -193.86837768554688, -185.9091796875, -190.31939697265625, -189.61935424804688, -191.98422241210938, -186.09481811523438, -191.9873046875, -189.39639282226562, -189.9254913330078, -189.60879516601562, -179.04220581054688, -180.21888732910156, -191.2615203857422, -185.435302734375, -191.17727661132812]}