{"e_shd": [52.95399856567383, 52.27399826049805, 53.2140007019043, 52.02000045776367, 53.81999969482422, 53.02199935913086, 52.9379997253418, 53.49800109863281, 53.22200012207031, 53.108001708984375, 52.25600051879883, 52.630001068115234, 53.47999954223633, 51.27799987792969, 53.49800109863281, 53.395999908447266, 53.23400115966797, 52.880001068115234, 52.36000061035156, 52.96200180053711, 53.2400016784668, 53.47800064086914, 52.77399826049805, 52.29399871826172, 53.34000015258789], "e_f1": [0.10240925395804083, 0.11132286554442482, 0.0864036290699976, 0.11570430012260584, 0.07454672986319115, 0.09700452419335719, 0.08718192835636183, 0.09711636540061686, 0.0862347684675818, 0.08318075973434144, 0.10765918151113854, 0.11243600736627954, 0.08391583494929605, 0.1251818600148257, 0.08714085226476424, 0.09037299699693599, 0.0879991959210609, 0.09807807124350673, 0.11009638552679155, 0.08673656231526149, 0.08620067072375796, 0.08873755596271908, 0.1013055245952539, 0.11282619114741178, 0.07610439871955213], "auc": [0.7246874999999999, 0.7711111111111111, 0.684236111111111, 0.8159027777777778, 0.5860416666666667, 0.7430902777777777, 0.6840625, 0.7097569444444445, 0.6633333333333334, 0.6942361111111112, 0.7934375, 0.7903472222222222, 0.6568055555555555, 0.8157986111111111, 0.6763888888888888, 0.6780555555555555, 0.6702083333333333, 0.71375, 0.763125, 0.7118402777777778, 0.6635069444444445, 0.6900347222222222, 0.7387847222222221, 0.8020138888888889, 0.6334375], "log_prob": [-122.93116760253906, -120.10586547851562, -131.22369384765625, -117.59251403808594, -140.06678771972656, -123.06454467773438, -130.9564208984375, -126.6273193359375, -133.45840454101562, -132.0123291015625, -118.96895599365234, -118.33043670654297, -130.69935607910156, -113.89938354492188, -130.72647094726562, -129.0382843017578, -132.14849853515625, -126.7473373413086, -120.49235534667969, -128.65133666992188, -132.04620361328125, -129.21575927734375, -124.7267074584961, -120.75809478759766, -136.7602081298828]}