{"e_shd": [67.802001953125, 65.89800262451172, 68.02799987792969, 67.6520004272461, 65.35600280761719, 66.947998046875, 65.5260009765625, 66.24600219726562, 69.70999908447266, 69.01200103759766, 65.43800354003906, 65.86399841308594, 66.8239974975586, 65.80999755859375, 65.67400360107422, 64.73999786376953, 73.06600189208984, 67.49400329589844, 71.87999725341797, 69.36599731445312, 69.15599822998047, 65.35199737548828, 67.38800048828125, 68.1719970703125, 67.74800109863281], "e_f1": [0.042160833265455264, 0.07183028391257272, 0.07153212872220584, 0.06822632307503741, 0.08616547642584022, 0.04463203994706255, 0.07158290162988001, 0.03176663215307108, 0.028095613988335218, 0.05302776916477265, 0.04427657104161662, 0.059088620204286124, 0.12182738567050301, 0.10082417557600988, 0.10656364827496358, 0.03834210318145856, 0.03724291759428813, 0.055464677849164895, 0.03600571854464036, 0.01534962695509302, 0.031032340241652384, 0.13135138437350882, 0.05850237893621021, 0.05265550587239489, 0.05124450277617131], "auc": [0.4878676470588235, 0.5017401960784313, 0.5094362745098039, 0.5149019607843137, 0.5784803921568629, 0.5134803921568627, 0.6160539215686275, 0.5131127450980393, 0.5586029411764706, 0.5246323529411765, 0.5672303921568628, 0.5237254901960784, 0.5729411764705883, 0.6094852941176471, 0.677107843137255, 0.5425, 0.45499999999999996, 0.49220588235294116, 0.47009803921568627, 0.4881862745098039, 0.5334068627450981, 0.6208823529411764, 0.5217156862745098, 0.517671568627451, 0.5197794117647059], "log_prob": [-576.9140625, -626.6244506835938, -592.130859375, -578.6253662109375, -522.0826416015625, -449.1616516113281, -420.9290466308594, -410.81146240234375, -636.0377197265625, -475.25360107421875, -421.7361145019531, -549.5938720703125, -605.2550048828125, -613.8544921875, -443.9092712402344, -349.99749755859375, -655.16064453125, -525.0214233398438, -810.2442016601562, -505.1302795410156, -707.1522216796875, -534.4595947265625, -554.8880615234375, -585.8489990234375, -493.94244384765625]}