{"e_shd": [48.810001373291016, 51.90800094604492, 48.8120002746582, 50.566001892089844, 48.268001556396484, 47.99399948120117, 47.72999954223633, 51.9379997253418, 51.013999938964844, 50.487998962402344, 53.40399932861328, 48.82400131225586, 47.242000579833984, 48.66400146484375, 47.7760009765625, 49.84400177001953, 48.124000549316406, 47.00400161743164, 51.071998596191406, 50.104000091552734, 47.62799835205078, 55.20000076293945, 53.433998107910156, 51.099998474121094, 53.69200134277344], "e_f1": [0.058532725670534476, 0.0647144690658294, 0.0444200679284729, 0.03667024378119353, 0.06698396570234855, 0.10918679109806655, 0.0791983491980852, 0.03861831460922396, 0.020911237242819816, 0.02492825959748127, 0.020782520646612446, 0.028093889536984655, 0.06857363591534889, 0.04393219726065576, 0.041635284116173336, 0.02160809944963095, 0.05322933448752459, 0.05853783793278093, 0.10254009584802498, 0.06761054778102626, 0.029129401379961492, 0.01214064324153063, 0.04983083399115034, 0.009097099593347362, 0.04316771252851972], "auc": [0.5396875000000001, 0.5086805555555556, 0.5377430555555555, 0.5839930555555555, 0.5990277777777777, 0.6418402777777779, 0.5373263888888888, 0.5386805555555555, 0.5394444444444444, 0.4688541666666666, 0.4865277777777778, 0.45402777777777775, 0.5194097222222223, 0.5631597222222222, 0.4960416666666667, 0.45645833333333335, 0.5830555555555555, 0.5979861111111111, 0.6227777777777778, 0.6655902777777778, 0.5848263888888889, 0.4902430555555556, 0.510625, 0.43194444444444446, 0.5128125], "log_prob": [-377.0851745605469, -447.12884521484375, -392.5048828125, -355.02923583984375, -330.8764953613281, -298.7463684082031, -352.42987060546875, -418.4439392089844, -366.49981689453125, -405.96142578125, -464.1177978515625, -389.5044860839844, -353.3634033203125, -339.27410888671875, -332.7580871582031, -386.67510986328125, -417.31439208984375, -364.1948547363281, -350.3021545410156, -301.0188293457031, -232.70230102539062, -471.589111328125, -481.96099853515625, -411.0855712890625, -475.7414245605469]}