{"e_shd": [28.31399917602539, 27.972000122070312, 30.72599983215332, 26.950000762939453, 29.9060001373291, 28.304000854492188, 28.761999130249023, 25.88800048828125, 29.97599983215332, 28.841999053955078, 29.20199966430664, 28.86400032043457, 28.253999710083008, 30.781999588012695, 31.33799934387207, 31.902000427246094, 30.690000534057617, 30.211999893188477, 27.42799949645996, 33.87799835205078, 31.562000274658203, 35.124000549316406, 26.884000778198242, 32.57600021362305, 29.280000686645508], "e_f1": [0.053324659132271114, 0.10196929593485868, 0.03141651850288435, 0.04906970357223477, 0.06031572597086169, 0.022162828923836506, 0.01727544833050881, 0.15675556146090597, 0.08103227771151719, 0.03984269952083911, 0.04025494372017464, 0.055263872914543224, 0.033210291227310805, 0.075301188074197, 0.052222368165107835, 0.011048320722256644, 0.07576092245025738, 0.06400344042902667, 0.027756247615080696, 0.0513836493339078, 0.034138047327589544, 0.008491993108961001, 0.14175466515324353, 0.034545874873603236, 0.10462276675111543], "auc": [0.5040131578947369, 0.5111184210526316, 0.43947368421052635, 0.5080263157894738, 0.5086842105263158, 0.49875, 0.49973684210526315, 0.5801315789473684, 0.5463157894736842, 0.6013157894736842, 0.5488815789473684, 0.5568421052631578, 0.5377631578947368, 0.5776973684210527, 0.4130263157894737, 0.4800657894736842, 0.5788815789473684, 0.6374342105263159, 0.47526315789473683, 0.6179605263157895, 0.5394736842105263, 0.3844736842105263, 0.5707236842105263, 0.4967763157894737, 0.5623684210526316], "log_prob": [-154.8681640625, -245.3208465576172, -250.31741333007812, -197.40914916992188, -207.78355407714844, -198.7393035888672, -186.6243896484375, -201.4749755859375, -207.11463928222656, -151.3009490966797, -150.68215942382812, -174.59259033203125, -173.80380249023438, -184.71469116210938, -237.92977905273438, -253.28305053710938, -171.54080200195312, -147.79771423339844, -164.7646484375, -171.76394653320312, -185.83663940429688, -286.6105041503906, -222.17965698242188, -231.81434631347656, -192.65365600585938]}