{"e_shd": [102.09400177001953, 101.49600219726562, 101.89800262451172, 101.93800354003906, 101.86199951171875, 102.21600341796875, 102.25599670410156, 101.69999694824219, 101.95800018310547, 102.2959976196289, 102.30799865722656, 101.80400085449219, 101.8479995727539, 101.43800354003906, 101.98999786376953, 101.48200225830078, 102.16200256347656, 101.94000244140625, 101.43199920654297, 102.05999755859375, 101.72799682617188, 101.6500015258789, 101.75399780273438, 101.87000274658203, 101.98400115966797], "e_f1": [0.14835729103008372, 0.1529359375121282, 0.15014158481233247, 0.15004279045544944, 0.1502307305077754, 0.14760813840098394, 0.1471366903244932, 0.15246349040185225, 0.15048723765125288, 0.14687811696019684, 0.14733752467966457, 0.15145988569413996, 0.1509575580001788, 0.15384211747021534, 0.14920885896699418, 0.15391723978137992, 0.14826609636003588, 0.14996507292474115, 0.1540865962699054, 0.14949985568427082, 0.151932577442546, 0.15262384662575945, 0.151717892077715, 0.15039677808940793, 0.15000779635148465], "auc": [0.47539215686274516, 0.5576470588235294, 0.4975735294117647, 0.48007352941176473, 0.5071813725490195, 0.4465441176470588, 0.43107843137254903, 0.5257598039215686, 0.5025490196078432, 0.4287745098039215, 0.44875000000000004, 0.5102941176470588, 0.4991176470588236, 0.5682107843137255, 0.48857843137254897, 0.5697058823529412, 0.45612745098039215, 0.48580882352941174, 0.5657107843137256, 0.48075980392156864, 0.5338480392156862, 0.5347549019607842, 0.5217892156862745, 0.5197303921568628, 0.5007598039215686], "log_prob": [-170.28761291503906, -168.11297607421875, -169.3446807861328, -169.41043090820312, -169.31764221191406, -170.65936279296875, -170.73863220214844, -168.5701141357422, -169.29290771484375, -171.05508422851562, -170.76231384277344, -168.86990356445312, -169.15687561035156, -167.6286163330078, -169.80862426757812, -167.64071655273438, -170.3550567626953, -169.67657470703125, -167.52163696289062, -169.75013732910156, -168.53280639648438, -168.25843811035156, -168.7032928466797, -169.34959411621094, -169.7426300048828]}