{"e_shd": [87.86199951171875, 87.84200286865234, 87.69999694824219, 87.64600372314453, 88.01000213623047, 88.11599731445312, 88.03600311279297, 87.55999755859375, 87.84400177001953, 88.0999984741211, 87.91999816894531, 87.97599792480469, 87.8239974975586, 87.99600219726562, 87.85399627685547, 87.6719970703125, 87.64600372314453, 88.2239990234375, 87.79000091552734, 88.14199829101562, 87.76200103759766, 88.00199890136719, 88.04199981689453, 87.99800109863281, 88.23999786376953], "e_f1": [0.12044371753975622, 0.12042018183968964, 0.12250400272473205, 0.12281632974073917, 0.11972265917195796, 0.11873229788184318, 0.11970138261285418, 0.12391735227521733, 0.12151903101611125, 0.11856515186568743, 0.11971302365277874, 0.11960382298351917, 0.12135554219851731, 0.11942607138462592, 0.12114095261616337, 0.1231154935726156, 0.12307253604221988, 0.1178398683578581, 0.12082284526646508, 0.1180479645398261, 0.12131716023775835, 0.11915773504825473, 0.11850083108979492, 0.1197100933858067, 0.11645568836917959], "auc": [0.5075694444444445, 0.5053472222222222, 0.5553125000000001, 0.5785763888888888, 0.49954861111111115, 0.43861111111111106, 0.4852430555555555, 0.607326388888889, 0.5394444444444445, 0.4528125, 0.4996875, 0.47510416666666666, 0.5168402777777777, 0.47461805555555553, 0.5261805555555555, 0.5516666666666666, 0.5611111111111111, 0.4500694444444444, 0.5184375000000001, 0.44906250000000003, 0.5105902777777778, 0.45375000000000004, 0.46499999999999997, 0.49236111111111114, 0.4231944444444445], "log_prob": [-134.43919372558594, -134.43603515625, -133.6053466796875, -133.51895141601562, -134.78684997558594, -135.20420837402344, -134.8385772705078, -133.10740661621094, -134.14381408691406, -135.168701171875, -134.76504516601562, -134.79100036621094, -134.09388732910156, -134.86090087890625, -134.23562622070312, -133.51889038085938, -133.6006622314453, -135.55224609375, -134.40109252929688, -135.4764404296875, -134.17257690429688, -135.05897521972656, -135.2572021484375, -134.83416748046875, -136.0193328857422]}