{"e_shd": [73.83399963378906, 73.79000091552734, 73.87999725341797, 73.6719970703125, 73.93000030517578, 73.93599700927734, 74.06600189208984, 73.97799682617188, 73.98200225830078, 74.10399627685547, 74.26399993896484, 74.06199645996094, 74.03800201416016, 73.76000213623047, 73.83200073242188, 74.06800079345703, 73.85800170898438, 74.13400268554688, 73.40399932861328, 73.83999633789062, 73.49600219726562, 74.13800048828125, 73.96800231933594, 73.64399719238281, 73.72799682617188], "e_f1": [0.07642107996198468, 0.07671965828774426, 0.07540157174450732, 0.07730860375280267, 0.07520480118150925, 0.07520403443321845, 0.07329185619220664, 0.07445619146746714, 0.07424936870252119, 0.07285190432339807, 0.07060650337053266, 0.07390035921956435, 0.07373234645926004, 0.07686948119816225, 0.07591398461363498, 0.07356630294728912, 0.07503941686109139, 0.0729125938175255, 0.08121422365061082, 0.0759648616491434, 0.08032126162215643, 0.07314497269844171, 0.07440052852054461, 0.07919021080588039, 0.07769669825362431], "auc": [0.529078947368421, 0.5532236842105265, 0.503157894736842, 0.61625, 0.5080263157894737, 0.49256578947368423, 0.46782894736842107, 0.43888157894736846, 0.4742763157894737, 0.4072368421052632, 0.3524342105263158, 0.45736842105263154, 0.4515131578947369, 0.5443421052631578, 0.5284868421052632, 0.44914473684210526, 0.5032236842105263, 0.4116447368421053, 0.7015131578947369, 0.5463157894736842, 0.6708552631578947, 0.41861842105263153, 0.48348684210526316, 0.6260526315789474, 0.5829605263157894], "log_prob": [-99.42193603515625, -99.30720520019531, -99.64966583251953, -98.9651870727539, -99.8004379272461, -99.78424072265625, -100.43425750732422, -100.02217102050781, -100.09780883789062, -100.52204132080078, -101.28340148925781, -100.23820495605469, -100.180908203125, -99.23114013671875, -99.52393341064453, -100.27000427246094, -99.76368713378906, -100.49940490722656, -97.92485809326172, -99.49092102050781, -98.19391632080078, -100.41900634765625, -99.9565658569336, -98.59335327148438, -98.97239685058594]}