{"e_shd": [39.91400146484375, 40.62799835205078, 46.290000915527344, 44.02000045776367, 44.39400100708008, 38.31399917602539, 37.768001556396484, 41.43000030517578, 38.97600173950195, 40.25600051879883, 38.85599899291992, 45.0, 42.4379997253418, 38.65599822998047, 39.332000732421875, 40.54399871826172, 41.03799819946289, 35.066001892089844, 39.625999450683594, 38.141998291015625, 39.810001373291016, 38.96799850463867, 41.7400016784668, 37.08000183105469, 41.347999572753906], "e_f1": [0.2589306854769858, 0.22324998464640433, 0.19218295116107348, 0.24273293604861465, 0.19791784790600792, 0.26577868137349686, 0.2546089764373937, 0.24081315953589758, 0.2565308628342473, 0.1676080797239407, 0.21093206592387184, 0.2127538195216398, 0.21291660691827144, 0.24454038953637627, 0.20922540003949563, 0.24231414185132893, 0.23587316594744379, 0.3084193639831942, 0.28832361718717936, 0.28155377576918633, 0.2715978612792627, 0.25322034397446447, 0.24387583207302924, 0.2979389794943652, 0.21274760274873342], "auc": [0.8365789473684211, 0.8602631578947368, 0.817171052631579, 0.8691447368421054, 0.8217105263157894, 0.87625, 0.8742105263157894, 0.8951973684210526, 0.8725657894736842, 0.8359210526315789, 0.8648026315789473, 0.8667105263157895, 0.8178947368421052, 0.8642105263157895, 0.8246052631578947, 0.8826315789473684, 0.864671052631579, 0.9216447368421052, 0.8998684210526315, 0.9217105263157894, 0.8717105263157895, 0.8417763157894737, 0.8573026315789475, 0.9130263157894737, 0.8091447368421052], "log_prob": [-63.13834762573242, -62.884788513183594, -72.72650146484375, -66.06253814697266, -68.35133361816406, -59.41444396972656, -59.005043029785156, -59.87071228027344, -60.34162139892578, -64.92092895507812, -60.92134094238281, -66.00642395019531, -70.58686828613281, -63.159584045410156, -62.82415771484375, -62.271278381347656, -64.06684875488281, -52.18099594116211, -57.714027404785156, -53.984764099121094, -59.563255310058594, -65.38458251953125, -63.68116760253906, -52.95574188232422, -70.56907653808594]}