{"e_shd": [54.965999603271484, 53.902000427246094, 59.54199981689453, 55.49399948120117, 59.54800033569336, 55.055999755859375, 56.45600128173828, 51.23400115966797, 53.46200180053711, 55.560001373291016, 55.83399963378906, 55.20600128173828, 57.59000015258789, 53.88399887084961, 54.5880012512207, 58.742000579833984, 55.33599853515625, 62.97200012207031, 57.45800018310547, 54.444000244140625, 57.448001861572266, 56.06399917602539, 55.354000091552734, 56.645999908447266, 58.619998931884766], "e_f1": [0.29148964782202624, 0.3210737424387247, 0.2662528052053908, 0.28259449000324155, 0.22282216681472822, 0.2990957085018055, 0.2580866736477926, 0.35235357985288873, 0.30721649231603204, 0.2911256260861819, 0.3036501613409114, 0.30833116341816175, 0.2512057800187871, 0.30374039947037534, 0.2871833781621523, 0.23256254407001212, 0.29486273065595897, 0.1967943726178639, 0.2580053843673697, 0.32694440885137194, 0.2749405363469023, 0.28461578759028205, 0.29744714200207, 0.28080717023357826, 0.24992755747702125], "auc": [0.8705208333333334, 0.8833333333333333, 0.8431597222222222, 0.8474652777777778, 0.8433680555555555, 0.8663541666666666, 0.8211111111111111, 0.9157291666666666, 0.8690625, 0.8604166666666667, 0.8625694444444444, 0.87, 0.8356597222222222, 0.884236111111111, 0.8736458333333333, 0.8147569444444445, 0.879201388888889, 0.7599652777777778, 0.8625347222222223, 0.8996875, 0.8482291666666666, 0.8583680555555555, 0.8765624999999999, 0.8904166666666666, 0.8529513888888889], "log_prob": [-91.6336669921875, -86.9315185546875, -95.963623046875, -93.91061401367188, -100.44474029541016, -90.81034851074219, -125.0858383178711, -79.45123291015625, -92.63204956054688, -91.06071472167969, -94.90757751464844, -91.06903839111328, -100.11974334716797, -88.28083801269531, -88.22148895263672, -100.84010314941406, -91.00810241699219, -111.26864624023438, -94.15408325195312, -82.9337158203125, -98.35220336914062, -91.5455322265625, -88.22935485839844, -87.72724914550781, -96.30461120605469]}