{"e_shd": [74.08799743652344, 78.89199829101562, 69.0719985961914, 70.51599884033203, 79.77200317382812, 73.02200317382812, 74.30599975585938, 70.99800109863281, 81.03600311279297, 68.94400024414062, 76.00399780273438, 70.57599639892578, 72.96600341796875, 75.30400085449219, 72.29399871826172, 69.24600219726562, 69.91799926757812, 72.00800323486328, 71.14199829101562, 71.3280029296875, 77.12999725341797, 68.73400115966797, 70.81400299072266, 74.36799621582031, 76.6719970703125], "e_f1": [0.2037979596851717, 0.18603222802099592, 0.27254171077450623, 0.30459168921871366, 0.18208265635480275, 0.26294385837408324, 0.2786623649536596, 0.2738921384199274, 0.22228320445810287, 0.27723279906732273, 0.21727476885400365, 0.2533403917474757, 0.24135610633979804, 0.22291584077389628, 0.24076508389952864, 0.2920303376396803, 0.26894949159153064, 0.24247747512144793, 0.27575417386770085, 0.28560611462935026, 0.23340563475659376, 0.27325580107329434, 0.2572216571868614, 0.22758293047167422, 0.2184294252012851], "auc": [0.7651225490196079, 0.7428921568627451, 0.8496568627450981, 0.8853676470588235, 0.746985294117647, 0.8331127450980392, 0.8464460784313725, 0.8097794117647059, 0.7397058823529412, 0.8530882352941177, 0.7686519607843137, 0.8479411764705883, 0.7877205882352941, 0.7777450980392157, 0.7899754901960785, 0.8904656862745097, 0.8359068627450981, 0.8359313725490196, 0.8518137254901961, 0.8361519607843138, 0.7594362745098039, 0.839436274509804, 0.8315196078431372, 0.8020833333333334, 0.7808823529411765], "log_prob": [-151.18096923828125, -151.55816650390625, -131.95095825195312, -119.66492462158203, -149.97779846191406, -131.792724609375, -125.98370361328125, -138.98178100585938, -141.97914123535156, -130.281982421875, -146.08709716796875, -133.6101837158203, -141.0579376220703, -149.06398010253906, -151.83575439453125, -120.44684600830078, -133.04275512695312, -136.25393676757812, -128.38160705566406, -129.1776580810547, -145.91607666015625, -131.43408203125, -137.35125732421875, -141.29928588867188, -142.01722717285156]}