{"e_shd": [27.56599998474121, 28.02400016784668, 33.29399871826172, 25.20400047302246, 30.54599952697754, 23.520000457763672, 28.447999954223633, 25.79599952697754, 26.729999542236328, 31.256000518798828, 27.804000854492188, 33.45199966430664, 25.851999282836914, 24.606000900268555, 27.308000564575195, 24.38599967956543, 29.275999069213867, 22.04199981689453, 22.04800033569336, 24.351999282836914, 23.40999984741211, 25.3439998626709, 24.993999481201172, 25.32200050354004, 26.3799991607666], "e_f1": [0.28187682904990563, 0.2693108185457241, 0.15340328138503248, 0.3593131735224346, 0.19669061253211695, 0.4070741199209809, 0.2698341655201146, 0.3385142778267035, 0.3139259480360568, 0.1959544780579909, 0.28191939960417256, 0.17574623199049785, 0.32238246827206773, 0.38521929101824104, 0.29553787827730454, 0.35102452661677697, 0.26091749848341145, 0.4456505716918829, 0.44679146582975765, 0.3879650321555333, 0.4060958988915092, 0.3179781967483474, 0.3326325716310829, 0.35461908942980724, 0.31238669682821785], "auc": [0.8251315789473683, 0.8617105263157895, 0.8307894736842105, 0.8716447368421052, 0.8580263157894736, 0.8894078947368421, 0.8825000000000001, 0.9063815789473684, 0.8728947368421052, 0.8303947368421053, 0.8642105263157895, 0.8848026315789473, 0.8462500000000001, 0.8669736842105262, 0.7746052631578948, 0.9098026315789474, 0.8823684210526315, 0.9567105263157893, 0.9313157894736842, 0.9534868421052631, 0.8924342105263159, 0.8651973684210527, 0.8558552631578947, 0.9074342105263158, 0.80875], "log_prob": [-56.15013885498047, -54.85868835449219, -63.15864562988281, -61.083953857421875, -62.43712615966797, -55.512451171875, -52.008026123046875, -47.932621002197266, -55.08969497680664, -63.52168273925781, -54.69252014160156, -57.56156539916992, -66.6296615600586, -64.45329284667969, -59.17864227294922, -47.04133605957031, -58.435874938964844, -39.329429626464844, -41.881107330322266, -40.70021057128906, -45.51946258544922, -54.8620719909668, -51.76862335205078, -46.713294982910156, -62.46234130859375]}