{"e_shd": [77.79199981689453, 76.58799743652344, 66.4020004272461, 67.64800262451172, 79.2760009765625, 67.28600311279297, 69.80400085449219, 67.15399932861328, 75.55599975585938, 68.9020004272461, 76.0979995727539, 65.80799865722656, 71.25599670410156, 72.03600311279297, 71.5719985961914, 71.36199951171875, 67.0, 72.9540023803711, 67.35600280761719, 66.27200317382812, 77.5999984741211, 69.39800262451172, 68.08999633789062, 72.0780029296875, 73.99600219726562], "e_f1": [0.12545266029796087, 0.13656060282523197, 0.18587607444699236, 0.14633644328683618, 0.14583494038971534, 0.1530812177617383, 0.15879055200315456, 0.1636791291624009, 0.13319507842781542, 0.1360616279221218, 0.12733682079619146, 0.17556822498941338, 0.15772964559561117, 0.10545376597701912, 0.11216028309369173, 0.1390829200000421, 0.1789195308570376, 0.13440394830720237, 0.16260900911021361, 0.17104673363406173, 0.13131050582350087, 0.14548619087937917, 0.14195934846426042, 0.13706783266505498, 0.14025218079546042], "auc": [0.639656862745098, 0.6774019607843137, 0.7745833333333334, 0.8048529411764705, 0.6837254901960784, 0.7800980392156863, 0.7630637254901962, 0.6513725490196078, 0.6958823529411764, 0.7648774509803922, 0.6655882352941176, 0.7416421568627451, 0.7256617647058824, 0.653700980392157, 0.6706862745098039, 0.7060294117647059, 0.7800490196078431, 0.6926715686274509, 0.797671568627451, 0.7922794117647058, 0.6536274509803921, 0.7075, 0.7424019607843138, 0.6950000000000001, 0.7112254901960784], "log_prob": [-188.50442504882812, -169.01527404785156, -177.67361450195312, -169.0325164794922, -165.58026123046875, -182.95498657226562, -182.26104736328125, -270.3390197753906, -164.08750915527344, -183.77410888671875, -177.56906127929688, -226.76873779296875, -216.80059814453125, -202.51394653320312, -240.47723388671875, -223.97584533691406, -190.12916564941406, -194.57333374023438, -168.17724609375, -174.9371337890625, -174.09580993652344, -230.06137084960938, -206.4451904296875, -182.08792114257812, -169.11770629882812]}