{"e_shd": [49.22999954223633, 44.20800018310547, 51.82600021362305, 50.104000091552734, 56.970001220703125, 46.57400131225586, 47.33000183105469, 45.05799865722656, 46.077999114990234, 50.518001556396484, 44.33399963378906, 46.84400177001953, 46.75199890136719, 48.7599983215332, 48.43600082397461, 50.79600143432617, 46.18600082397461, 53.77000045776367, 46.577999114990234, 44.130001068115234, 50.27199935913086, 50.874000549316406, 45.97600173950195, 51.321998596191406, 51.65599822998047], "e_f1": [0.19483909867641397, 0.2476694363833513, 0.15480842962235886, 0.1609189226938866, 0.15086021778051167, 0.2002944783536315, 0.18563444452739833, 0.2415930851765242, 0.22114204880848, 0.18338433682251795, 0.24154511893806002, 0.19954699630089154, 0.22241146249929336, 0.19749780307076212, 0.1766731988048957, 0.1639723417234161, 0.17960929156272662, 0.14606275552860434, 0.23042598435476755, 0.24238806350028422, 0.16860891251086416, 0.1746371591261635, 0.1949167490766701, 0.1474327096309459, 0.16704451849126642], "auc": [0.7745833333333334, 0.8479513888888889, 0.7433333333333333, 0.7421875, 0.7598611111111111, 0.8105902777777777, 0.8004166666666667, 0.8706944444444444, 0.7868402777777778, 0.7581597222222223, 0.8367361111111111, 0.8057291666666667, 0.781875, 0.7895486111111111, 0.823125, 0.7744791666666667, 0.8025347222222223, 0.7543749999999999, 0.8182291666666667, 0.8460763888888889, 0.784201388888889, 0.8119097222222222, 0.8105208333333334, 0.7519791666666666, 0.7690972222222222], "log_prob": [-126.3255615234375, -108.60920715332031, -143.90325927734375, -152.24258422851562, -116.16368103027344, -117.72010040283203, -151.4410400390625, -115.97962951660156, -140.23138427734375, -149.0341033935547, -111.95734405517578, -119.40757751464844, -121.10317993164062, -152.529052734375, -123.45964050292969, -123.20878601074219, -134.029541015625, -121.28874969482422, -110.32015991210938, -117.89089965820312, -130.85089111328125, -124.84333038330078, -138.80422973632812, -139.54669189453125, -117.82951354980469]}