{"e_shd": [74.39199829101562, 80.91400146484375, 69.50800323486328, 71.53800201416016, 82.41999816894531, 74.61599731445312, 66.38800048828125, 68.4280014038086, 83.26799774169922, 71.89800262451172, 79.77200317382812, 67.61199951171875, 76.19200134277344, 82.89199829101562, 77.97000122070312, 66.94400024414062, 73.52799987792969, 70.49199676513672, 70.58399963378906, 72.11000061035156, 82.25199890136719, 68.08799743652344, 72.14800262451172, 73.1719970703125, 77.58000183105469], "e_f1": [0.3346129732051357, 0.2973955550486975, 0.35872300643291616, 0.37607837749080614, 0.2616070715198408, 0.3369643937759391, 0.3449675030428491, 0.3579266122050061, 0.273830041993149, 0.33205808679813614, 0.30961433325114934, 0.370525612979211, 0.33122383230100105, 0.2663815777685446, 0.31645353412561344, 0.3487269814915135, 0.3379143068921109, 0.3264272000005118, 0.3386898216973243, 0.3681370444333471, 0.27387326950870966, 0.36731237026174113, 0.36321325094829376, 0.315229172858163, 0.29761732556491693], "auc": [0.8417156862745099, 0.8262745098039215, 0.8713235294117647, 0.8784803921568627, 0.7861274509803922, 0.8574019607843137, 0.8888725490196079, 0.8584558823529411, 0.7876225490196078, 0.8447794117647058, 0.8216176470588236, 0.8933578431372549, 0.81, 0.7857107843137254, 0.8043627450980392, 0.8927941176470588, 0.857671568627451, 0.8641176470588235, 0.8467156862745098, 0.8751470588235294, 0.7916176470588235, 0.8620833333333334, 0.8603676470588235, 0.8318382352941176, 0.8243137254901961], "log_prob": [-121.2853012084961, -127.04740905761719, -116.06544494628906, -116.95301055908203, -145.6463623046875, -117.946533203125, -113.301025390625, -123.7397232055664, -132.62547302246094, -123.78825378417969, -126.81571960449219, -108.8490219116211, -124.2578353881836, -152.97283935546875, -140.265380859375, -122.48292541503906, -117.48091125488281, -117.86294555664062, -124.18111419677734, -113.00669860839844, -136.07028198242188, -131.48355102539062, -115.29484558105469, -139.13851928710938, -126.99935150146484]}