{"e_shd": [53.20199966430664, 47.35599899291992, 58.29800033569336, 57.32600021362305, 57.33000183105469, 50.2859992980957, 55.29399871826172, 43.167999267578125, 44.01599884033203, 54.970001220703125, 52.1619987487793, 47.6619987487793, 50.5880012512207, 40.75, 52.91999816894531, 56.20399856567383, 46.91600036621094, 58.59400177001953, 51.619998931884766, 44.18199920654297, 54.43000030517578, 54.50600051879883, 44.38199996948242, 48.987998962402344, 54.21799850463867], "e_f1": [0.34254227244901003, 0.3943178955487418, 0.3599990855417292, 0.3376933460992558, 0.27326023335840127, 0.38123815131787603, 0.3493492303551137, 0.3935846569896383, 0.4145461975677336, 0.34902575035136985, 0.3379968448072646, 0.3907890304270611, 0.31010172463454455, 0.45270816014952414, 0.3329140085517084, 0.31745575741986964, 0.3751175091390873, 0.2736015956728006, 0.34937769480941483, 0.4368263659939024, 0.32366723074215725, 0.3650145590804459, 0.44651387975203244, 0.3543353207769088, 0.2926347416797258], "auc": [0.8920486111111111, 0.9056597222222222, 0.8835416666666667, 0.8564583333333333, 0.8398958333333333, 0.8780208333333333, 0.8766319444444444, 0.905625, 0.9132638888888889, 0.8720138888888889, 0.8723611111111111, 0.9021874999999999, 0.8405902777777778, 0.9302083333333334, 0.9057986111111112, 0.8552083333333333, 0.8757986111111111, 0.8035416666666667, 0.884826388888889, 0.9193402777777778, 0.8602777777777777, 0.910625, 0.9244444444444445, 0.9023263888888888, 0.8549305555555555], "log_prob": [-88.12294006347656, -78.75776672363281, -86.97328186035156, -101.26925659179688, -111.04266357421875, -95.12942504882812, -91.79988861083984, -81.09181213378906, -78.2590103149414, -86.13246154785156, -95.91703033447266, -100.6773681640625, -104.03968811035156, -78.7966079711914, -82.60515594482422, -93.9706802368164, -96.23081970214844, -107.57144165039062, -96.45364379882812, -72.5626220703125, -92.09429931640625, -78.90048217773438, -71.987548828125, -80.69558715820312, -114.70187377929688]}