{"e_shd": [23.606000900268555, 26.11199951171875, 29.06999969482422, 22.600000381469727, 27.43000030517578, 19.488000869750977, 24.625999450683594, 22.214000701904297, 20.356000900268555, 28.36199951171875, 26.20199966430664, 31.68400001525879, 25.618000030517578, 23.016000747680664, 26.738000869750977, 20.591999053955078, 25.124000549316406, 16.5, 18.444000244140625, 19.700000762939453, 19.266000747680664, 24.354000091552734, 20.368000030517578, 22.875999450683594, 22.461999893188477], "e_f1": [0.3971805044107595, 0.30642789989377345, 0.3211143469647483, 0.41523115778722647, 0.353437799844742, 0.5101981881389052, 0.3659966063329513, 0.44188333041510935, 0.4822261308681723, 0.2647025770565645, 0.3458441942824945, 0.26101943569762526, 0.37006096512614894, 0.44343136225180885, 0.30779405397356674, 0.47747186479885373, 0.3438224413797098, 0.5943614644843724, 0.5262941441138795, 0.5075209070754065, 0.5016579695288933, 0.40677767374053736, 0.4862025760783512, 0.43228677460757026, 0.4431526819933247], "auc": [0.8683552631578948, 0.8778947368421053, 0.8747368421052631, 0.8621710526315789, 0.8837499999999999, 0.9470394736842105, 0.8882894736842106, 0.9421052631578948, 0.9029605263157896, 0.815657894736842, 0.8503947368421052, 0.8755921052631579, 0.8595394736842106, 0.8830921052631578, 0.8003947368421052, 0.8957894736842106, 0.8734210526315789, 0.9719078947368421, 0.9327631578947368, 0.9590789473684211, 0.9033552631578947, 0.8676973684210526, 0.8494078947368421, 0.9315131578947369, 0.8519078947368421], "log_prob": [-61.081417083740234, -51.8909912109375, -61.34341812133789, -62.38848114013672, -50.16855239868164, -36.80992889404297, -48.62285232543945, -39.272705078125, -42.76648712158203, -71.7227554321289, -53.040679931640625, -61.175323486328125, -63.50163650512695, -62.21844482421875, -57.853668212890625, -46.30369567871094, -64.3764877319336, -28.201244354248047, -37.29759216308594, -36.010353088378906, -42.30303955078125, -63.92441940307617, -57.00809097290039, -40.76853942871094, -71.68449401855469]}