{
    "Expected SHD": {
        "CSIvA": {
            "mean": 71.23831970214843,
            "variance": 0.02921974778524729,
            "variance_of_mean": 0.0011687899114098917,
            "sqrt_variance_of_mean": 0.03418756954522933
        },
        "BCNP": {
            "mean": 57.4383203125,
            "variance": 5.017477795678716,
            "variance_of_mean": 0.20069911182714864,
            "sqrt_variance_of_mean": 0.4479945444167246
        },
        "AVICI": {
            "mean": 60.251119995117186,
            "variance": 2.8341559926120703,
            "variance_of_mean": 0.11336623970448281,
            "sqrt_variance_of_mean": 0.33669903430880643
        }
    },
    "Expected Edge F1": {
        "CSIvA": {
            "mean": 0.09976815015113655,
            "variance": 4.4526352194822865e-06,
            "variance_of_mean": 1.7810540877929145e-07,
            "sqrt_variance_of_mean": 0.00042202536508993325
        },
        "BCNP": {
            "mean": 0.2674813186195661,
            "variance": 0.001003509284638165,
            "variance_of_mean": 4.01403713855266e-05,
            "sqrt_variance_of_mean": 0.0063356429338723465
        },
        "AVICI": {
            "mean": 0.20523670665433524,
            "variance": 0.00042383013737097157,
            "variance_of_mean": 1.6953205494838863e-05,
            "sqrt_variance_of_mean": 0.004117427047907329
        }
    },
    "AUC": {
        "CSIvA": {
            "mean": 0.5118791666666667,
            "variance": 0.00204917949861754,
            "variance_of_mean": 8.19671799447016e-05,
            "sqrt_variance_of_mean": 0.009053572772375644
        },
        "BCNP": {
            "mean": 0.846561111111111,
            "variance": 0.0008792343307934672,
            "variance_of_mean": 3.516937323173869e-05,
            "sqrt_variance_of_mean": 0.005930377157629917
        },
        "AVICI": {
            "mean": 0.8161708333333334,
            "variance": 0.0009659244510352356,
            "variance_of_mean": 3.8636978041409424e-05,
            "sqrt_variance_of_mean": 0.006215865027605524
        }
    },
    "Negative Log Probability": {
        "CSIvA": {
            "mean": -130.1571258544922,
            "variance": 0.9514366672180209,
            "variance_of_mean": 0.038057466688720835,
            "sqrt_variance_of_mean": 0.1950832301575941
        },
        "BCNP": {
            "mean": -98.6361099243164,
            "variance": 72.25200135068732,
            "variance_of_mean": 2.890080054027493,
            "sqrt_variance_of_mean": 1.7000235451391528
        },
        "AVICI": {
            "mean": -102.56947692871094,
            "variance": 22.91638317038266,
            "variance_of_mean": 0.9166553268153064,
            "sqrt_variance_of_mean": 0.9574211856937919
        }
    }
}