{
    "Expected SHD": {
        "CSIvA": {
            "mean": 71.92088043212891,
            "variance": 0.03434969448853129,
            "variance_of_mean": 0.0013739877795412518,
            "sqrt_variance_of_mean": 0.03706734114474967
        },
        "BCNP": {
            "mean": 40.0,
            "variance": 0.0,
            "variance_of_mean": 0.0,
            "sqrt_variance_of_mean": 0.0
        },
        "AVICI": {
            "mean": 64.9663998413086,
            "variance": 3.368255141813177,
            "variance_of_mean": 0.13473020567252708,
            "sqrt_variance_of_mean": 0.36705613422544386
        }
    },
    "Expected Edge F1": {
        "CSIvA": {
            "mean": 0.10006835217423721,
            "variance": 5.395212433741695e-06,
            "variance_of_mean": 2.158084973496678e-07,
            "sqrt_variance_of_mean": 0.0004645519318113614
        },
        "BCNP": {
            "mean": 0.0,
            "variance": 0.0,
            "variance_of_mean": 0.0,
            "sqrt_variance_of_mean": 0.0
        },
        "AVICI": {
            "mean": 0.16256846982579673,
            "variance": 0.00028899108547806224,
            "variance_of_mean": 1.155964341912249e-05,
            "sqrt_variance_of_mean": 0.0033999475612312745
        }
    },
    "AUC": {
        "CSIvA": {
            "mean": 0.49831805555555553,
            "variance": 0.0022415980541087965,
            "variance_of_mean": 8.966392216435186e-05,
            "sqrt_variance_of_mean": 0.009469103556533314
        },
        "BCNP": {
            "mean": 0.5,
            "variance": 0.0,
            "variance_of_mean": 0.0,
            "sqrt_variance_of_mean": 0.0
        },
        "AVICI": {
            "mean": 0.7311555555555556,
            "variance": 0.0015904946429719643,
            "variance_of_mean": 6.361978571887858e-05,
            "sqrt_variance_of_mean": 0.007976201208525182
        }
    },
    "Negative Log Probability": {
        "CSIvA": {
            "mean": -130.43771514892578,
            "variance": 1.1940187015861636,
            "variance_of_mean": 0.047760748063446545,
            "sqrt_variance_of_mean": 0.21854232556520153
        },
        "BCNP": {
            "mean": -637.6954321289063,
            "variance": 1.4901161230906715e-10,
            "variance_of_mean": 5.960464492362686e-12,
            "sqrt_variance_of_mean": 2.441406253035878e-06
        },
        "AVICI": {
            "mean": -115.8835516357422,
            "variance": 19.123034645072384,
            "variance_of_mean": 0.7649213858028954,
            "sqrt_variance_of_mean": 0.8745978423269151
        }
    }
}