{
    "Expected SHD": {
        "CSIvA": {
            "mean": 101.88656036376953,
            "variance": 0.06820293847840249,
            "variance_of_mean": 0.0027281175391360994,
            "sqrt_variance_of_mean": 0.052231384618216845
        },
        "BCNP": {
            "mean": 87.5255194091797,
            "variance": 5.97390819321214,
            "variance_of_mean": 0.2389563277284856,
            "sqrt_variance_of_mean": 0.48883159444586394
        },
        "AVICI": {
            "mean": 88.61935943603515,
            "variance": 5.6610866971591385,
            "variance_of_mean": 0.22644346788636555,
            "sqrt_variance_of_mean": 0.47586076523113935
        }
    },
    "Expected Edge F1": {
        "CSIvA": {
            "mean": 0.15046006817899948,
            "variance": 4.609553175240604e-06,
            "variance_of_mean": 1.8438212700962415e-07,
            "sqrt_variance_of_mean": 0.0004293973998636044
        },
        "BCNP": {
            "mean": 0.26216394603381,
            "variance": 0.00043727058931369666,
            "variance_of_mean": 1.7490823572547867e-05,
            "sqrt_variance_of_mean": 0.004182203195989868
        },
        "AVICI": {
            "mean": 0.23419360292765137,
            "variance": 0.0004308316698629912,
            "variance_of_mean": 1.723326679451965e-05,
            "sqrt_variance_of_mean": 0.004151297001482747
        }
    },
    "AUC": {
        "CSIvA": {
            "mean": 0.5014607843137255,
            "variance": 0.0016703604082564383,
            "variance_of_mean": 6.681441633025753e-05,
            "sqrt_variance_of_mean": 0.008174008583935884
        },
        "BCNP": {
            "mean": 0.7735421568627452,
            "variance": 0.0014440448144944253,
            "variance_of_mean": 5.776179257977701e-05,
            "sqrt_variance_of_mean": 0.007600117931965069
        },
        "AVICI": {
            "mean": 0.7547166666666666,
            "variance": 0.0019358266191689094,
            "variance_of_mean": 7.743306476675637e-05,
            "sqrt_variance_of_mean": 0.00879960594383387
        }
    },
    "Negative Log Probability": {
        "CSIvA": {
            "mean": -169.3018664550781,
            "variance": 1.0386148795819188,
            "variance_of_mean": 0.04154459518327675,
            "sqrt_variance_of_mean": 0.2038249130584305
        },
        "BCNP": {
            "mean": -141.54236694335938,
            "variance": 56.754114483484784,
            "variance_of_mean": 2.2701645793393914,
            "sqrt_variance_of_mean": 1.5067065339140835
        },
        "AVICI": {
            "mean": -146.0652618408203,
            "variance": 39.05797269670686,
            "variance_of_mean": 1.5623189078682744,
            "sqrt_variance_of_mean": 1.2499275610483491
        }
    }
}