{"e_shd": [51.22600173950195, 52.50199890136719, 49.69599914550781, 51.551998138427734, 52.56999969482422, 50.236000061035156, 54.42399978637695, 50.029998779296875, 51.992000579833984, 54.37799835205078, 53.34400177001953, 54.20800018310547, 53.86199951171875, 50.30400085449219, 51.448001861572266, 50.24800109863281, 49.89400100708008, 53.88399887084961, 49.07600021362305, 51.25, 47.821998596191406, 51.92399978637695, 51.518001556396484, 52.263999938964844, 50.85599899291992], "e_f1": [0.10907469925320783, 0.10088854072142796, 0.13324770498427269, 0.1239553953108022, 0.11518875039642441, 0.12103230535581241, 0.10830333750069245, 0.13735719499924953, 0.11583819048551093, 0.08133628356486809, 0.09039292341749539, 0.11222541990092995, 0.10684143028054546, 0.10517395937072328, 0.11872660567791986, 0.12564062546365512, 0.12198723004913094, 0.09164756040366266, 0.1304707406141853, 0.1205928044067326, 0.11833791260948151, 0.0994589782850648, 0.11614837134145775, 0.09397808850279071, 0.11952768041516836], "auc": [0.722171052631579, 0.73375, 0.781578947368421, 0.7598026315789473, 0.7526315789473684, 0.7507894736842105, 0.7254605263157896, 0.8011184210526315, 0.7738815789473684, 0.621907894736842, 0.6784868421052631, 0.764078947368421, 0.7145394736842106, 0.7259210526315789, 0.7794736842105263, 0.79875, 0.7934210526315789, 0.6574342105263158, 0.7903289473684211, 0.7819736842105263, 0.7456578947368422, 0.7144078947368422, 0.7624342105263158, 0.6973026315789473, 0.7740131578947369], "log_prob": [-78.9698257446289, -78.71534729003906, -84.47177124023438, -77.55022430419922, -77.41168975830078, -76.99800109863281, -80.69224548339844, -73.17008972167969, -76.368408203125, -84.66499328613281, -81.6265869140625, -80.4029541015625, -79.47544860839844, -77.056640625, -75.62801361083984, -72.56497955322266, -73.19860076904297, -82.61540985107422, -71.797607421875, -74.4582748413086, -79.43424987792969, -78.85186767578125, -76.41435241699219, -80.17387390136719, -74.82756805419922]}