{"e_shd": [84.01599884033203, 81.80400085449219, 84.87000274658203, 83.04000091552734, 82.33999633789062, 83.26799774169922, 80.99199676513672, 83.14199829101562, 84.552001953125, 81.72599792480469, 85.0199966430664, 83.88400268554688, 84.24199676513672, 83.80599975585938, 84.56600189208984, 83.15799713134766, 83.02799987792969, 84.58999633789062, 84.99199676513672, 84.447998046875, 81.85600280761719, 82.39399719238281, 84.02999877929688, 81.802001953125, 85.43800354003906], "e_f1": [0.17171927011642993, 0.20214416578854727, 0.15960078710526626, 0.1663028891392232, 0.18125982924002643, 0.17963828499126344, 0.20184890720006501, 0.16967411905909485, 0.16800183556936582, 0.20008859413772018, 0.16328598476674078, 0.15409319482774728, 0.16014702135658143, 0.16836064542514537, 0.16272424069845234, 0.16765188834247885, 0.1753891644862319, 0.1595856092099819, 0.15958292861165044, 0.15918889809742579, 0.19529521781049933, 0.17054195708096442, 0.16631737212246264, 0.1657903060285662, 0.149301636575246], "auc": [0.7013725490196078, 0.7744117647058824, 0.6475980392156863, 0.7056617647058823, 0.7412745098039215, 0.709436274509804, 0.7965441176470589, 0.7024019607843137, 0.6980392156862745, 0.739656862745098, 0.7036274509803921, 0.6398039215686274, 0.6727450980392157, 0.6895588235294118, 0.6932107843137254, 0.7092892156862745, 0.7080637254901961, 0.6576225490196078, 0.6700735294117648, 0.6792156862745098, 0.7625490196078432, 0.7064705882352941, 0.6864460784313726, 0.6843382352941176, 0.6670833333333333], "log_prob": [-156.9417266845703, -147.61126708984375, -161.8897705078125, -156.62734985351562, -152.91050720214844, -154.0719451904297, -145.1830291748047, -159.5067138671875, -156.60914611816406, -147.9227294921875, -157.903076171875, -163.14132690429688, -162.44534301757812, -158.5081024169922, -159.7935333251953, -156.37742614746094, -155.23997497558594, -161.83409118652344, -160.67523193359375, -159.25352478027344, -147.53994750976562, -155.3240203857422, -161.58082580566406, -160.28982543945312, -165.0190887451172]}