{"e_shd": [69.40599822998047, 65.2760009765625, 69.05400085449219, 65.81999969482422, 68.13999938964844, 67.18599700927734, 67.68399810791016, 67.97599792480469, 68.35600280761719, 69.15799713134766, 65.93199920654297, 67.05999755859375, 70.3239974975586, 64.44999694824219, 69.62999725341797, 68.33399963378906, 67.84200286865234, 65.98999786376953, 65.11799621582031, 68.59600067138672, 67.6760025024414, 69.55999755859375, 67.60800170898438, 65.98799896240234, 69.89399719238281], "e_f1": [0.15985631614768084, 0.1889193179650953, 0.14545923679192369, 0.16887869563404598, 0.12836308347615824, 0.15474449593728484, 0.1421466348259142, 0.15578195589525387, 0.14276024178356034, 0.12117152333057268, 0.17683791132748558, 0.1758620111545573, 0.1328020170565634, 0.18853923425643795, 0.13453150574553044, 0.13852701581385066, 0.1400304269319146, 0.1665469360289077, 0.16570097100719466, 0.1521422856542926, 0.13885869001294435, 0.13501553979214362, 0.16214709199940333, 0.17644314219476467, 0.12797733717503604], "auc": [0.7206944444444444, 0.8103472222222222, 0.7259374999999999, 0.7812847222222222, 0.6644097222222222, 0.7402430555555556, 0.7030902777777779, 0.724375, 0.6945833333333333, 0.6375347222222222, 0.8146874999999999, 0.8055902777777777, 0.6356597222222222, 0.8110416666666667, 0.6772569444444443, 0.6819097222222221, 0.6867013888888889, 0.7568402777777778, 0.7575347222222222, 0.7552430555555555, 0.6712847222222222, 0.6569097222222222, 0.7366666666666667, 0.7809375000000001, 0.6413194444444444], "log_prob": [-115.8467025756836, -106.06004333496094, -118.90884399414062, -109.77933502197266, -123.58950805664062, -113.70211029052734, -118.79389190673828, -115.76249694824219, -119.47547149658203, -124.12678527832031, -106.73503875732422, -108.49366760253906, -123.6010971069336, -104.92241668701172, -122.46691131591797, -121.60785675048828, -119.52519226074219, -112.89537811279297, -112.81944274902344, -114.82267761230469, -119.75740051269531, -123.36921691894531, -114.31473541259766, -121.83356475830078, -123.53558349609375]}