{"e_shd": [51.0620002746582, 54.215999603271484, 50.082000732421875, 54.74599838256836, 58.18600082397461, 52.2859992980957, 57.641998291015625, 56.763999938964844, 55.391998291015625, 51.992000579833984, 60.49800109863281, 58.53200149536133, 54.5620002746582, 54.24800109863281, 56.74399948120117, 59.57600021362305, 55.21200180053711, 50.970001220703125, 56.63199996948242, 61.52799987792969, 59.11399841308594, 57.00199890136719, 55.827999114990234, 58.55400085449219, 53.439998626708984], "e_f1": [0.23089491648126656, 0.1801354863761155, 0.1901082094332285, 0.1903818678908353, 0.1294560687209229, 0.20160241357571868, 0.17274774832608938, 0.18507864127651394, 0.18047527996180618, 0.2104562577387138, 0.14316754474747181, 0.17521924276558842, 0.17459375527881907, 0.22891317057385815, 0.1493010678368904, 0.15099314625313565, 0.18942753576223795, 0.2114623922216682, 0.1881082897912451, 0.17120450512790217, 0.1665898561561597, 0.18340960578012994, 0.22166200662405333, 0.19595282909478262, 0.22048291140885656], "auc": [0.8970394736842107, 0.8409868421052631, 0.8592105263157894, 0.8648026315789474, 0.7459868421052631, 0.8391447368421052, 0.7707894736842105, 0.835592105263158, 0.8066447368421052, 0.8687499999999999, 0.7304605263157895, 0.8321052631578947, 0.8050657894736842, 0.913092105263158, 0.8374342105263158, 0.7632236842105264, 0.8661842105263158, 0.8559210526315789, 0.8265131578947369, 0.8176973684210527, 0.8345394736842106, 0.8200000000000001, 0.9191447368421052, 0.8568421052631578, 0.9050657894736842], "log_prob": [-67.58464813232422, -73.15437316894531, -69.63307189941406, -72.41801452636719, -83.63382720947266, -72.87509155273438, -83.26170349121094, -77.11962890625, -76.10430908203125, -69.20378112792969, -87.0206298828125, -77.8572998046875, -75.63038635253906, -69.25074005126953, -76.43001556396484, -82.27013397216797, -73.04064178466797, -70.06287384033203, -75.97529602050781, -82.63858032226562, -78.14775085449219, -78.3626480102539, -71.430419921875, -77.75361633300781, -68.50210571289062]}