{"e_shd": [83.21199798583984, 85.04199981689453, 86.31999969482422, 84.3759994506836, 90.5979995727539, 86.3740005493164, 89.02999877929688, 85.3239974975586, 86.70800018310547, 86.74199676513672, 87.02999877929688, 83.48999786376953, 78.77799987792969, 90.58599853515625, 83.74400329589844, 83.2020034790039, 90.84400177001953, 82.40399932861328, 84.75599670410156, 84.97799682617188, 84.26399993896484, 81.63400268554688, 83.947998046875, 83.83200073242188, 81.4260025024414], "e_f1": [0.2852163558292945, 0.2972442250030866, 0.25899636286695027, 0.3094214457280012, 0.2805238378705336, 0.2740745688495525, 0.24476385828227565, 0.2786380550671404, 0.24790197306712622, 0.2943790828902025, 0.26356705359597854, 0.31363509594397526, 0.2674691254202029, 0.27632621613998015, 0.2727434836133241, 0.3062134878929803, 0.23281642507888972, 0.30694064280201494, 0.258197167843051, 0.3183045715710528, 0.2922649973711807, 0.32449493103200255, 0.3222955004442051, 0.30663648414085215, 0.3227239453323749], "auc": [0.7798039215686274, 0.7867892156862746, 0.7583823529411765, 0.814485294117647, 0.8003186274509804, 0.7806372549019608, 0.7115196078431374, 0.8233823529411765, 0.7668627450980392, 0.8041421568627451, 0.7738970588235294, 0.8195343137254902, 0.7931372549019609, 0.7917892156862745, 0.760686274509804, 0.8069362745098039, 0.7060539215686275, 0.8027941176470589, 0.7834558823529412, 0.8073284313725491, 0.7623039215686275, 0.8313970588235294, 0.8206617647058823, 0.8432843137254902, 0.8277696078431372], "log_prob": [-136.9676513671875, -138.47361755371094, -144.1168212890625, -131.8912811279297, -139.2096710205078, -141.7305908203125, -153.7340087890625, -133.16412353515625, -142.64981079101562, -135.16004943847656, -140.7117156982422, -132.11813354492188, -137.03305053710938, -140.51553344726562, -139.69357299804688, -133.59503173828125, -151.84957885742188, -133.62220764160156, -140.85902404785156, -147.21975708007812, -140.74386596679688, -128.27175903320312, -130.9119873046875, -127.39651489257812, -129.33358764648438]}