{"e_shd": [70.41999816894531, 73.68000030517578, 73.8219985961914, 70.06800079345703, 72.03199768066406, 79.72200012207031, 71.72000122070312, 72.78800201416016, 67.3239974975586, 74.3740005493164, 73.3759994506836, 71.94200134277344, 71.18399810791016, 72.552001953125, 68.30599975585938, 72.38999938964844, 72.56600189208984, 76.19999694824219, 75.20999908447266, 76.66200256347656, 71.16600036621094, 71.93599700927734, 76.3759994506836, 72.58200073242188, 71.10199737548828], "e_f1": [0.24601546140516128, 0.21784447785828803, 0.19795065491569416, 0.2710961037044645, 0.23249944039235135, 0.20653093745327764, 0.2388291935930153, 0.24033718344282626, 0.2862955343424144, 0.2749937086659915, 0.24660265469516104, 0.26125067695826976, 0.26097024878727176, 0.23373977735876802, 0.26943052332154377, 0.2280101499888517, 0.23821406595698771, 0.2155534458253368, 0.2260882125386328, 0.18882462837942057, 0.2599545224876462, 0.24822603569347632, 0.23240455600294152, 0.2612761806664873, 0.24342142586172888], "auc": [0.7696180555555555, 0.7591666666666667, 0.7382291666666667, 0.8300000000000001, 0.7476736111111111, 0.7663888888888889, 0.8163541666666667, 0.7820138888888888, 0.8658680555555556, 0.8264930555555555, 0.7976041666666667, 0.7893749999999999, 0.8269791666666667, 0.7825, 0.7851041666666667, 0.7820833333333334, 0.7968402777777778, 0.7338541666666667, 0.7549652777777778, 0.713125, 0.8372569444444444, 0.8039930555555556, 0.7682986111111112, 0.8280208333333334, 0.7769791666666667], "log_prob": [-111.7353286743164, -113.48515319824219, -116.45861053466797, -104.05001831054688, -115.11848449707031, -116.41268920898438, -107.16960906982422, -109.72227478027344, -97.2710952758789, -105.0130615234375, -109.11868286132812, -111.23222351074219, -103.35311889648438, -112.03340911865234, -109.11386108398438, -111.56007385253906, -109.43943786621094, -120.02713775634766, -115.38656616210938, -120.32740020751953, -103.2252197265625, -107.50079345703125, -116.02433776855469, -105.12739562988281, -109.19767761230469]}