{"e_shd": [92.71800231933594, 91.49600219726562, 96.13400268554688, 94.51799774169922, 93.56600189208984, 92.87999725341797, 90.76000213623047, 94.55999755859375, 95.08799743652344, 91.66200256347656, 95.47599792480469, 96.22200012207031, 95.0459976196289, 94.18399810791016, 96.10800170898438, 94.75, 92.75800323486328, 96.02400207519531, 96.04399871826172, 95.05400085449219, 93.06999969482422, 94.06199645996094, 94.72200012207031, 94.50599670410156, 95.46199798583984], "e_f1": [0.21915773262226446, 0.2411192803122317, 0.19882587056527512, 0.20583430496324878, 0.21524428840862003, 0.22490382980640095, 0.2482457541994697, 0.20442595842137126, 0.20778181809182494, 0.23826907984263815, 0.20016983104824318, 0.20024315998610553, 0.20540078285750332, 0.20945143036483665, 0.19517012734216635, 0.20639402759032463, 0.21975053872143854, 0.1945090992914279, 0.19364286669137276, 0.20059722216808307, 0.2298568363356762, 0.20885329640805447, 0.2077204299839533, 0.21092176674406063, 0.19406982082595078], "auc": [0.734828431372549, 0.7600980392156863, 0.6401470588235294, 0.6816421568627451, 0.7424754901960784, 0.7170833333333334, 0.7916911764705882, 0.6900245098039216, 0.7053186274509804, 0.7362745098039215, 0.6796813725490196, 0.6607598039215686, 0.6865441176470588, 0.7022549019607843, 0.6791666666666666, 0.6996078431372549, 0.7248039215686275, 0.6613235294117648, 0.6719362745098039, 0.6788235294117647, 0.7522303921568627, 0.7311274509803921, 0.6945833333333334, 0.6948774509803922, 0.7026225490196079], "log_prob": [-149.423828125, -147.95237731933594, -156.73110961914062, -152.59771728515625, -147.63418579101562, -148.34918212890625, -151.6779022216797, -156.8992919921875, -152.0512237548828, -143.55445861816406, -154.0094451904297, -154.95480346679688, -154.94903564453125, -151.74046325683594, -156.23313903808594, -152.14666748046875, -148.77548217773438, -156.6085662841797, -156.90155029296875, -153.0986328125, -145.87867736816406, -148.66726684570312, -156.09478759765625, -154.43679809570312, -154.65426635742188]}