{"e_shd": [80.59400177001953, 77.79000091552734, 81.48200225830078, 79.44400024414062, 83.052001953125, 82.10800170898438, 82.19200134277344, 80.86599731445312, 81.13999938964844, 82.51399993896484, 78.22799682617188, 79.16000366210938, 82.97799682617188, 75.8239974975586, 83.13400268554688, 82.8479995727539, 82.54399871826172, 79.0, 77.04399871826172, 81.18399810791016, 81.77400207519531, 82.96600341796875, 81.16600036621094, 78.58000183105469, 83.10399627685547], "e_f1": [0.18664841620128433, 0.21739652815456273, 0.1795471655574747, 0.1994030543568277, 0.15113063920082828, 0.18161772778224827, 0.1641059989045986, 0.18548851714664452, 0.17612989855323166, 0.1606845072432861, 0.2076845598224775, 0.20589302742949547, 0.16180695686050559, 0.23085438973310518, 0.16288673580333568, 0.16579182630386327, 0.16414864248005137, 0.19394123545725558, 0.21326962978010117, 0.16933238638822218, 0.1633512388090096, 0.15438912200369495, 0.18638882564112846, 0.2040080233512613, 0.1538042380891677], "auc": [0.7308333333333333, 0.8053125, 0.7388888888888889, 0.7697569444444445, 0.6608333333333334, 0.724375, 0.6761805555555555, 0.7236805555555555, 0.7058333333333333, 0.6789583333333333, 0.8051041666666667, 0.7980902777777779, 0.6652777777777777, 0.8273611111111111, 0.6709374999999999, 0.6705902777777778, 0.6672569444444444, 0.729826388888889, 0.7948263888888889, 0.7289583333333334, 0.6548958333333333, 0.6561805555555555, 0.7241666666666667, 0.7818402777777776, 0.6458680555555555], "log_prob": [-118.56602478027344, -111.52320098876953, -121.598388671875, -115.94325256347656, -126.59471130371094, -119.98797607421875, -126.2929458618164, -120.57466125488281, -121.35737609863281, -123.45726776123047, -111.51800537109375, -112.94284057617188, -125.18275451660156, -106.58016204833984, -137.4137420654297, -125.28271484375, -126.94715118408203, -130.67950439453125, -111.76567077636719, -120.25556945800781, -128.9273223876953, -127.23967742919922, -119.69869995117188, -116.2437744140625, -127.18130493164062]}