{"e_shd": [67.75800323486328, 68.0979995727539, 64.56199645996094, 67.5459976196289, 68.5459976196289, 66.74400329589844, 68.79399871826172, 63.540000915527344, 69.22200012207031, 70.27400207519531, 69.45999908447266, 69.23999786376953, 69.00800323486328, 68.72200012207031, 67.13200378417969, 67.07599639892578, 66.26599884033203, 69.2020034790039, 65.72000122070312, 67.5, 63.75600051879883, 66.44599914550781, 67.20999908447266, 69.9280014038086, 67.43800354003906], "e_f1": [0.11931619847232369, 0.11825863418022503, 0.14507311450088325, 0.1333753568537855, 0.12091459414882712, 0.13490183060473124, 0.10548577333109525, 0.15352915605343379, 0.12156746281165877, 0.09391952418042626, 0.11350634983610527, 0.1250774206472846, 0.11705362777108567, 0.11253528543268643, 0.1326328169897467, 0.12990716700209812, 0.13324827610159665, 0.11060049954194326, 0.14025504203875327, 0.1308813358109134, 0.13503579830514198, 0.11361303311698902, 0.1257919217334759, 0.11040775749282274, 0.1376064889403056], "auc": [0.7063157894736842, 0.7422368421052632, 0.7756578947368421, 0.7555263157894737, 0.7278947368421053, 0.7569736842105264, 0.6617105263157894, 0.8086842105263158, 0.7488157894736842, 0.6201973684210526, 0.7233552631578948, 0.7523026315789474, 0.7096710526315789, 0.700328947368421, 0.7689473684210526, 0.7625657894736843, 0.7605263157894737, 0.6888815789473683, 0.7667105263157894, 0.7740131578947368, 0.7351315789473684, 0.7155263157894737, 0.7538815789473684, 0.6973684210526316, 0.7731578947368422], "log_prob": [-93.78431701660156, -91.32667541503906, -89.77342987060547, -92.08698272705078, -92.91993713378906, -92.27532196044922, -97.17640686035156, -86.20406341552734, -94.17800903320312, -98.47067260742188, -93.81385803222656, -92.99575805664062, -93.98763275146484, -92.94393920898438, -90.98812866210938, -88.99513244628906, -89.2586441040039, -93.62785339355469, -89.4198989868164, -89.29792785644531, -103.18153381347656, -90.49388122558594, -90.01596069335938, -96.02471923828125, -89.15261840820312]}