{"e_shd": [25.788000106811523, 27.554000854492188, 32.06800079345703, 22.280000686645508, 29.898000717163086, 27.856000900268555, 22.450000762939453, 25.916000366210938, 27.871999740600586, 23.559999465942383, 23.40399932861328, 23.104000091552734, 24.29800033569336, 24.639999389648438, 27.04400062561035, 28.56800079345703, 24.058000564575195, 25.013999938964844, 22.760000228881836, 27.381999969482422, 29.81999969482422, 31.29199981689453, 27.27400016784668, 33.04600143432617, 22.67799949645996], "e_f1": [0.06549726863211033, 0.09714503648200962, 0.022489689402483908, 0.010009277164059775, 0.058978512261227585, 0.01172160393041079, 0.015618827098827101, 0.15927947767991207, 0.07848340670984812, 0.021604388167060704, 0.012351385104428583, 0.017283076996300387, 0.016626262945496875, 0.03338721808216199, 0.02709273724437002, 0.0054056698682145255, 0.013713603492260936, 0.03745265996058399, 0.015886764797199582, 0.03575407335511966, 0.023878367249161786, 0.007366411042238401, 0.13526866380530617, 0.03288765234533034, 0.05258991461852709], "auc": [0.5917763157894738, 0.5680921052631578, 0.4859210526315789, 0.5044078947368421, 0.4442763157894737, 0.583421052631579, 0.5581578947368422, 0.6245394736842106, 0.5960526315789474, 0.638421052631579, 0.42750000000000005, 0.5415131578947368, 0.5298026315789474, 0.557828947368421, 0.35342105263157897, 0.4855921052631579, 0.5121052631578947, 0.6807236842105264, 0.5344736842105263, 0.6540789473684211, 0.45052631578947366, 0.49763157894736837, 0.6345394736842106, 0.4843421052631579, 0.670921052631579], "log_prob": [-139.1343994140625, -177.2191162109375, -194.53057861328125, -149.1207275390625, -230.96212768554688, -171.0415802001953, -147.0980682373047, -147.16343688964844, -154.65182495117188, -118.50504302978516, -189.2428436279297, -145.03009033203125, -162.82119750976562, -163.3860321044922, -234.41729736328125, -209.57159423828125, -114.08114624023438, -118.45196533203125, -155.57546997070312, -113.09178161621094, -185.56411743164062, -201.29864501953125, -135.9347686767578, -202.41802978515625, -126.65816497802734]}