{"e_shd": [68.06400299072266, 64.93399810791016, 72.8499984741211, 62.944000244140625, 62.577999114990234, 62.597999572753906, 61.847999572753906, 62.0, 68.25599670410156, 64.16000366210938, 62.2760009765625, 62.28200149536133, 64.14600372314453, 66.68599700927734, 62.83399963378906, 61.60200119018555, 64.96399688720703, 63.104000091552734, 71.5479965209961, 62.81999969482422, 68.91400146484375, 63.22200012207031, 65.2760009765625, 65.19200134277344, 62.46200180053711], "e_f1": [0.018874624866614165, 0.07842500046746123, 0.0401274287056364, 0.02318125896931573, 0.0222357269979587, 0.02534059054144989, 0.020464618653668006, 0.021309420115994123, 0.021058955560897884, 0.03509095080499406, 0.02728063401566952, 0.019657824337629654, 0.095369859067568, 0.09627083022636879, 0.03561581496618723, 0.022097934121352303, 0.029545172115291615, 0.013789476310502844, 0.039811686413139945, 0.015018502104286156, 0.019517513039933855, 0.08944134784751048, 0.048946030255674934, 0.04120534109556219, 0.023414053848695618], "auc": [0.46924019607843137, 0.5983088235294117, 0.5425000000000001, 0.5141176470588236, 0.5344362745098039, 0.604656862745098, 0.5872058823529411, 0.5737254901960784, 0.5135539215686274, 0.5881862745098039, 0.6066176470588236, 0.5656617647058824, 0.5921323529411764, 0.6204166666666666, 0.6191421568627451, 0.6616176470588235, 0.5117892156862746, 0.47061274509803924, 0.49897058823529417, 0.5731617647058823, 0.5380392156862746, 0.6524754901960784, 0.5649509803921569, 0.5513480392156863, 0.5983333333333334], "log_prob": [-504.3609619140625, -511.7915954589844, -545.5512084960938, -415.0176086425781, -461.37652587890625, -366.55963134765625, -455.3396911621094, -516.9641723632812, -570.29150390625, -420.1958312988281, -450.50360107421875, -444.1375427246094, -423.0235900878906, -437.7876892089844, -432.66754150390625, -354.14715576171875, -453.65338134765625, -476.74273681640625, -607.8621215820312, -419.57818603515625, -568.1210327148438, -451.30987548828125, -492.553955078125, -495.1251525878906, -362.71185302734375]}