{"e_shd": [43.61600112915039, 58.11199951171875, 43.95199966430664, 49.12200164794922, 43.02000045776367, 46.63199996948242, 44.05400085449219, 44.75400161743164, 45.04600143432617, 47.65599822998047, 48.06999969482422, 43.757999420166016, 43.018001556396484, 47.959999084472656, 42.50199890136719, 46.85200119018555, 49.0, 44.27799987792969, 49.439998626708984, 47.99399948120117, 44.66400146484375, 55.24399948120117, 50.59400177001953, 43.7599983215332, 54.6619987487793], "e_f1": [0.025894954939041655, 0.08778897958086478, 0.024313790235528977, 0.04926778220782271, 0.023682632624682665, 0.0358891121439711, 0.030287379136273856, 0.020245240082363607, 0.009861528419039358, 0.028552253274957928, 0.015601021094697376, 0.016155336148451424, 0.032037953678092104, 0.03731174218445484, 0.01643440216996188, 0.015503074886842855, 0.04565875951787259, 0.03282232563500491, 0.08494270140080533, 0.06256562139390383, 0.020068817762613926, 0.007782018704375473, 0.07014791933510904, 0.005899535289093878, 0.04638713137977308], "auc": [0.5845486111111111, 0.5504861111111111, 0.5635416666666667, 0.6520138888888889, 0.5889236111111111, 0.5723958333333334, 0.5528125, 0.6074652777777777, 0.42319444444444443, 0.5654513888888889, 0.45618055555555553, 0.5493055555555555, 0.5394791666666666, 0.5562499999999999, 0.547326388888889, 0.37885416666666666, 0.5425347222222222, 0.5568055555555556, 0.5463888888888889, 0.49763888888888885, 0.5754166666666667, 0.44972222222222225, 0.5675, 0.35006944444444443, 0.5641666666666667], "log_prob": [-272.3589782714844, -339.29339599609375, -294.757568359375, -270.3045654296875, -277.5484313964844, -254.01089477539062, -299.0947570800781, -255.0522918701172, -347.6373596191406, -316.9264221191406, -380.9683532714844, -269.9595031738281, -295.5096130371094, -330.5296630859375, -313.5469970703125, -449.60211181640625, -374.4735107421875, -318.1024475097656, -355.1854248046875, -357.6732177734375, -274.8922119140625, -439.60565185546875, -332.19512939453125, -478.56134033203125, -360.1907043457031]}