{"e_shd": [77.38999938964844, 77.3280029296875, 70.66400146484375, 72.75199890136719, 80.18599700927734, 72.76000213623047, 73.66400146484375, 73.21399688720703, 88.24199676513672, 69.8499984741211, 74.0459976196289, 70.18199920654297, 72.96199798583984, 78.92400360107422, 75.21199798583984, 72.94599914550781, 71.33399963378906, 74.01000213623047, 72.96600341796875, 73.04000091552734, 78.13800048828125, 71.9020004272461, 71.78199768066406, 76.43800354003906, 76.95600128173828], "e_f1": [0.22226738397020956, 0.20246794737061066, 0.2718963515054968, 0.264657487431544, 0.17713874885621453, 0.2589957537930343, 0.24010785988697916, 0.24452980937166405, 0.21558278690054888, 0.2747909652233982, 0.24038940511957085, 0.2546890704029674, 0.24743080798279124, 0.2171852781243087, 0.2272320399902223, 0.2523481969518245, 0.25828173884066147, 0.24799555028048895, 0.2520663309577557, 0.2621556765539024, 0.19994920205143699, 0.26643972644286645, 0.2413598212988994, 0.21262856283360648, 0.20783049284569174], "auc": [0.7849999999999999, 0.759142156862745, 0.8475490196078431, 0.8354901960784313, 0.6842401960784313, 0.8256372549019608, 0.8017156862745098, 0.7745098039215685, 0.7110294117647058, 0.8278186274509803, 0.8031127450980392, 0.8318872549019609, 0.7670343137254902, 0.742843137254902, 0.7621078431372549, 0.7977696078431373, 0.8382107843137255, 0.8216666666666667, 0.8353921568627451, 0.829656862745098, 0.7176470588235294, 0.820906862745098, 0.8089460784313726, 0.7708333333333334, 0.7411029411764706], "log_prob": [-143.6407470703125, -149.025146484375, -129.28848266601562, -132.205322265625, -155.6431884765625, -135.61676025390625, -133.71121215820312, -162.37713623046875, -147.31005859375, -135.845458984375, -138.66537475585938, -151.17257690429688, -144.033447265625, -161.46163940429688, -168.6773223876953, -151.14968872070312, -130.3258056640625, -132.5662841796875, -132.7015380859375, -132.6847686767578, -156.72671508789062, -133.8987274169922, -144.47361755371094, -157.32211303710938, -146.94741821289062]}