{"e_shd": [40.29399871826172, 43.00400161743164, 47.70399856567383, 41.63399887084961, 46.70199966430664, 40.209999084472656, 43.380001068115234, 43.20199966430664, 40.91999816894531, 46.84000015258789, 43.47999954223633, 48.47600173950195, 44.9640007019043, 40.29600143432617, 42.90800094604492, 41.59199905395508, 41.87200164794922, 36.98400115966797, 39.93000030517578, 42.321998596191406, 39.13999938964844, 42.68600082397461, 42.80400085449219, 39.13800048828125, 43.79199981689453], "e_f1": [0.24621870489342929, 0.20910120125394435, 0.16667929114554283, 0.22218726301372518, 0.1740350794961985, 0.22257006763159354, 0.21172710744463102, 0.24568932520077333, 0.26135872716561925, 0.1626068108592634, 0.20427921301229476, 0.1852653249009087, 0.202192552543337, 0.24732634204730808, 0.18457226727097334, 0.26749785850361213, 0.24359166433699292, 0.29863543650578156, 0.26592686491199585, 0.2636018278898118, 0.26739940880313934, 0.2326009845913861, 0.20212326221577034, 0.2823750006410081, 0.21789161024997333], "auc": [0.8244736842105262, 0.8353947368421053, 0.809078947368421, 0.8097368421052632, 0.7946052631578947, 0.8325657894736842, 0.8629605263157896, 0.881578947368421, 0.8525657894736842, 0.7880921052631579, 0.8441447368421053, 0.8474342105263157, 0.7969078947368421, 0.8527631578947368, 0.7440789473684211, 0.8873684210526316, 0.8636842105263158, 0.9200000000000002, 0.8831578947368421, 0.9111842105263157, 0.8707236842105263, 0.7693421052631578, 0.8000657894736842, 0.8959868421052631, 0.7488157894736842], "log_prob": [-67.08966064453125, -69.80693054199219, -73.62480163574219, -73.13825988769531, -75.25297546386719, -76.2628402709961, -65.21528625488281, -61.68755340576172, -74.90435028076172, -75.72684478759766, -65.7255859375, -69.38072967529297, -89.24050903320312, -68.36178588867188, -72.96501922607422, -72.7435531616211, -74.41923522949219, -54.559669494628906, -59.36962127685547, -59.095184326171875, -58.39009094238281, -96.82614135742188, -82.03924560546875, -59.78121566772461, -111.39848327636719]}