{"e_shd": [57.43000030517578, 56.757999420166016, 58.301998138427734, 56.3120002746582, 62.948001861572266, 54.96200180053711, 56.65800094604492, 52.70600128173828, 58.09600067138672, 59.29999923706055, 54.50400161743164, 56.09199905395508, 56.49800109863281, 57.04800033569336, 57.944000244140625, 58.02199935913086, 56.891998291015625, 60.86000061035156, 56.358001708984375, 54.36800003051758, 59.11399841308594, 59.650001525878906, 57.178001403808594, 57.05799865722656, 60.900001525878906], "e_f1": [0.2737937215684028, 0.2698030527109312, 0.26080985765009873, 0.27360192015259815, 0.1832911885385631, 0.2947583931974442, 0.258306297279251, 0.3460315062294461, 0.28024146675324846, 0.24250429543489715, 0.2944360696939583, 0.2814931695536702, 0.28310395527682736, 0.2803656012640194, 0.2631559807884929, 0.24919518926891648, 0.28238904431782447, 0.211042715565737, 0.2855316120566953, 0.3083736364200416, 0.25023302291137645, 0.25659667712698003, 0.27045342471832945, 0.2586308514887618, 0.22889031552264083], "auc": [0.8627777777777778, 0.8748263888888889, 0.8401041666666667, 0.8408680555555555, 0.7699305555555556, 0.8545486111111111, 0.8508680555555556, 0.9023263888888888, 0.8411458333333333, 0.8121527777777777, 0.8638888888888889, 0.8446527777777777, 0.8570486111111111, 0.85625, 0.8598958333333333, 0.844375, 0.8686458333333333, 0.7828472222222222, 0.8804513888888889, 0.8742361111111111, 0.8324305555555556, 0.8227430555555555, 0.8469791666666666, 0.8690277777777777, 0.8110069444444444], "log_prob": [-97.96280670166016, -92.54549407958984, -96.33710479736328, -108.86060333251953, -113.34080505371094, -105.87737274169922, -101.07979583740234, -82.02401733398438, -101.76242065429688, -104.00370788574219, -95.40469360351562, -116.43655395507812, -93.1700668334961, -91.35889434814453, -92.13278198242188, -94.73300170898438, -94.16786193847656, -106.88904571533203, -90.97410583496094, -87.617431640625, -99.16215515136719, -99.40071105957031, -95.51321411132812, -92.08576965332031, -113.06233215332031]}