{"e_shd": [69.08899688720703, 66.927001953125, 65.98100280761719, 67.75900268554688, 68.21499633789062, 66.91899871826172, 69.78700256347656, 64.92900085449219, 68.84200286865234, 71.60700225830078, 69.4520034790039, 68.68499755859375, 69.77400207519531, 69.56900024414062, 67.50700378417969, 67.13800048828125, 66.59500122070312, 69.75599670410156, 65.9209976196289, 68.03399658203125, 64.05999755859375, 68.30699920654297, 68.64199829101562, 70.2969970703125, 67.89299774169922], "e_f1": [0.12153377407679057, 0.12033226032011472, 0.13875182075128048, 0.13296566148150638, 0.13374107829483653, 0.13577359497999827, 0.11549413059527232, 0.152970794399033, 0.1306803817249264, 0.09472070841494047, 0.11076261553806294, 0.12660961952098032, 0.1262810762794035, 0.1246372596733225, 0.14472886316995212, 0.13634209175869738, 0.1358903443206146, 0.11086803315015527, 0.15020013477573382, 0.13248980159247423, 0.16395759683514285, 0.12321285912680403, 0.13692562348531528, 0.11226958231436548, 0.1441845939955643], "auc": [0.7132894736842106, 0.7556578947368422, 0.7613157894736843, 0.75625, 0.7634210526315789, 0.7530263157894737, 0.7034868421052631, 0.8050657894736842, 0.7765131578947368, 0.6178289473684211, 0.6982236842105263, 0.7605263157894736, 0.7382236842105263, 0.7549999999999999, 0.77375, 0.7777631578947368, 0.7666447368421052, 0.6859868421052632, 0.8048026315789474, 0.7781578947368422, 0.8121052631578947, 0.7390789473684211, 0.7736842105263159, 0.7104605263157895, 0.7976315789473685], "log_prob": [-96.13067626953125, -90.12659454345703, -101.11322784423828, -92.06700134277344, -91.30284881591797, -91.59716033935547, -96.17965698242188, -87.1875228881836, -92.54602813720703, -100.30977630615234, -95.24958038330078, -92.912109375, -94.20451354980469, -92.1697998046875, -90.20819854736328, -88.68722534179688, -89.31834411621094, -94.62460327148438, -87.47462463378906, -89.80083465576172, -88.71499633789062, -92.31163024902344, -91.7120590209961, -95.91319274902344, -89.67943572998047]}