{"e_shd": [80.27300262451172, 78.10199737548828, 82.83100128173828, 78.26000213623047, 79.61199951171875, 81.2959976196289, 80.51599884033203, 82.11100006103516, 81.33399963378906, 81.13099670410156, 78.92400360107422, 79.63600158691406, 83.37300109863281, 76.13200378417969, 82.44200134277344, 81.06300354003906, 81.1989974975586, 77.7699966430664, 78.61000061035156, 82.11499786376953, 81.15799713134766, 80.83399963378906, 79.98400115966797, 78.25700378417969, 81.9489974975586], "e_f1": [0.19386203546210232, 0.21954983171430648, 0.1813121297477797, 0.2101392974691033, 0.17963175025705447, 0.18239356837156698, 0.17820646696169085, 0.19945955252117042, 0.18041549463038184, 0.17336331824945675, 0.21315784361540918, 0.19880954387281818, 0.1675213295908443, 0.23682761462634397, 0.17088639004278317, 0.1771293101071123, 0.17982041322639483, 0.211238326114896, 0.2123350053117776, 0.16497901287944738, 0.17198702448521413, 0.18259960929002092, 0.19557139064157883, 0.21618574351446543, 0.15829519303802014], "auc": [0.7394444444444443, 0.7876388888888888, 0.7126041666666667, 0.7923611111111111, 0.7682291666666667, 0.7345486111111112, 0.6951736111111112, 0.7432986111111111, 0.7204166666666667, 0.7021875, 0.8075694444444445, 0.7794097222222223, 0.6789236111111111, 0.8303472222222222, 0.6932638888888889, 0.6967361111111111, 0.7194791666666666, 0.773576388888889, 0.7737847222222223, 0.7166319444444444, 0.6765277777777778, 0.7443402777777778, 0.7446875000000001, 0.7983680555555556, 0.6579166666666667], "log_prob": [-117.59478759765625, -114.42747497558594, -124.29350280761719, -112.8155746459961, -117.20350646972656, -119.08661651611328, -126.2405014038086, -120.54579162597656, -120.5195541381836, -122.83109283447266, -111.6711196899414, -114.79862213134766, -125.81266021728516, -106.36742401123047, -135.81973266601562, -124.11959838867188, -122.1939697265625, -116.19562530517578, -114.80658721923828, -122.16797637939453, -123.84046173095703, -119.32823181152344, -118.85820007324219, -113.86944580078125, -126.53164672851562]}