{"e_shd": [91.96199798583984, 90.43000030517578, 94.11699676513672, 93.197998046875, 93.93900299072266, 93.45700073242188, 89.06800079345703, 92.00700378417969, 94.09200286865234, 92.13899993896484, 94.50599670410156, 96.09700012207031, 95.2770004272461, 92.35099792480469, 95.60600280761719, 93.0739974975586, 92.16600036621094, 92.84100341796875, 95.29399871826172, 93.84700012207031, 90.0739974975586, 92.31999969482422, 93.06900024414062, 92.17900085449219, 93.57099914550781], "e_f1": [0.23573834778746483, 0.256873874064736, 0.20542943190123605, 0.21273269150208757, 0.20861952935211792, 0.2169858447031131, 0.25092304687798755, 0.2182079990098942, 0.22492378800240762, 0.23025384269461183, 0.20856144598092846, 0.2085159755547065, 0.20089849793700282, 0.23732227349428753, 0.18999356039670734, 0.21985960456619666, 0.2287915302521179, 0.22463789555567615, 0.1960224246578473, 0.2096312522472805, 0.24940285578280194, 0.22236923355264082, 0.21314200356645607, 0.2277383765975488, 0.21686597617619252], "auc": [0.7702450980392157, 0.7709558823529412, 0.6846323529411764, 0.7092647058823529, 0.7105637254901961, 0.7007843137254902, 0.7994117647058823, 0.7317647058823529, 0.7177205882352942, 0.7157598039215686, 0.703578431372549, 0.6721323529411765, 0.6663235294117646, 0.7543137254901962, 0.651593137254902, 0.7396323529411765, 0.7546813725490196, 0.7318137254901961, 0.6680147058823529, 0.7327450980392156, 0.7805147058823529, 0.7619117647058824, 0.7253676470588235, 0.7393872549019609, 0.7272549019607844], "log_prob": [-143.5616455078125, -142.5550994873047, -153.2540740966797, -150.3878173828125, -150.6468963623047, -152.01461791992188, -139.79669189453125, -149.92747497558594, -151.66275024414062, -147.62506103515625, -152.90248107910156, -154.1160888671875, -158.18408203125, -144.86468505859375, -160.86465454101562, -147.92677307128906, -145.3852081298828, -149.12887573242188, -156.85545349121094, -148.6660919189453, -140.08340454101562, -145.01004028320312, -152.13436889648438, -147.91392517089844, -151.42044067382812]}