{"e_shd": [55.1619987487793, 55.15599822998047, 55.11000061035156, 55.301998138427734, 54.95800018310547, 55.17399978637695, 55.30400085449219, 55.22600173950195, 55.189998626708984, 55.4640007019043, 55.21799850463867, 54.992000579833984, 55.428001403808594, 55.178001403808594, 55.16600036621094, 55.11000061035156, 55.28799819946289, 55.11800003051758, 55.33000183105469, 55.01599884033203, 55.459999084472656, 55.36399841308594, 55.11199951171875, 55.13399887084961, 55.0], "e_f1": [0.06634887842296999, 0.06671308844715114, 0.06746022773549688, 0.0651909387129665, 0.07018485220876945, 0.06679139791991001, 0.06461376017195646, 0.06509358985581147, 0.06650852599322439, 0.062486646865455256, 0.06609408660984965, 0.06976781268690405, 0.062230851958501546, 0.0673557092134385, 0.06658193080548527, 0.06821164741048469, 0.06454458123534666, 0.06784339978460992, 0.0643465203186752, 0.07017070994521425, 0.06209342750533129, 0.06398894349055419, 0.0677324335596827, 0.06743135532609226, 0.06991164204810463], "auc": [0.5095394736842105, 0.5414473684210527, 0.5438157894736843, 0.4526973684210527, 0.6240131578947369, 0.5717763157894736, 0.47934210526315785, 0.4645394736842105, 0.5159868421052631, 0.3915789473684211, 0.49348684210526317, 0.5697368421052632, 0.40092105263157896, 0.5319078947368421, 0.5289473684210527, 0.5519736842105263, 0.42598684210526316, 0.5405921052631579, 0.4686842105263158, 0.613421052631579, 0.363157894736842, 0.4315131578947369, 0.5255921052631579, 0.5323684210526316, 0.6128289473684211], "log_prob": [-85.74119567871094, -85.84147644042969, -85.31814575195312, -86.19615173339844, -84.49099731445312, -86.0908203125, -86.62925720214844, -86.22537231445312, -85.80195617675781, -87.30384826660156, -85.85910034179688, -84.74915313720703, -87.30519104003906, -85.40023040771484, -85.73027038574219, -85.11624908447266, -86.6155014038086, -85.39462280273438, -86.72262573242188, -84.60990905761719, -87.49649810791016, -86.68937683105469, -85.33786010742188, -85.35556030273438, -84.70452880859375]}