{"e_shd": [71.47599792480469, 71.19400024414062, 71.38200378417969, 71.21399688720703, 71.36599731445312, 71.41600036621094, 71.4280014038086, 71.15399932861328, 71.56199645996094, 71.1259994506836, 71.05000305175781, 71.01599884033203, 71.14800262451172, 71.48799896240234, 71.0199966430664, 71.38400268554688, 70.81400299072266, 71.19599914550781, 71.2239990234375, 71.1719970703125, 71.20999908447266, 71.23600006103516, 71.25399780273438, 71.22599792480469, 71.2020034790039], "e_f1": [0.09683001675385641, 0.10063248857096957, 0.09759437241491206, 0.1004358865474677, 0.09769267030767143, 0.09769898763909433, 0.09803313972322411, 0.10089287675542394, 0.095640276654445, 0.10068028470447969, 0.10191972537941973, 0.10274644465674891, 0.10112009624068696, 0.09662605963327482, 0.10268978304322075, 0.0983472026476579, 0.10463439190189423, 0.10022058619783471, 0.09973823173314623, 0.10062765663088115, 0.10062452094172497, 0.09989478007372744, 0.09919494164519511, 0.10007599001330958, 0.09961234296814696], "auc": [0.4604861111111112, 0.5178472222222222, 0.459375, 0.5115277777777778, 0.46569444444444447, 0.4732291666666667, 0.4800347222222222, 0.548125, 0.42680555555555555, 0.5283333333333333, 0.5404861111111111, 0.5710069444444444, 0.5798263888888889, 0.4403125, 0.5688541666666668, 0.46881944444444446, 0.60625, 0.5269097222222222, 0.4911458333333333, 0.5267013888888888, 0.5349652777777777, 0.5185416666666667, 0.5016666666666666, 0.5123263888888889, 0.5377083333333332], "log_prob": [-131.7807159423828, -129.84877014160156, -130.98989868164062, -129.81378173828125, -131.17703247070312, -131.22433471679688, -131.12307739257812, -129.568115234375, -131.9630889892578, -129.59222412109375, -129.14588928222656, -128.741455078125, -130.06838989257812, -131.47105407714844, -128.8010711669922, -130.7589874267578, -128.02407836914062, -129.79318237304688, -130.04405212402344, -129.71482849121094, -129.67752075195312, -130.0372772216797, -130.34182739257812, -129.871826171875, -130.3556671142578]}