{"e_shd": [87.54399871826172, 87.45600128173828, 86.91999816894531, 87.3499984741211, 86.91600036621094, 87.36199951171875, 87.4020004272461, 87.302001953125, 87.11799621582031, 87.4260025024414, 87.77400207519531, 87.31999969482422, 87.61000061035156, 87.68000030517578, 87.30999755859375, 87.8499984741211, 87.28399658203125, 87.16799926757812, 87.56199645996094, 87.03199768066406, 87.55999755859375, 87.25800323486328, 87.51200103759766, 87.22799682617188, 87.13200378417969], "e_f1": [0.1167617081562985, 0.11772026428086019, 0.12290025960222785, 0.11903804388465357, 0.12301288048865901, 0.1186172379274377, 0.11856466043494958, 0.11953283098867022, 0.12119859698824922, 0.11793091303648509, 0.11414613864079445, 0.11927981648504249, 0.11657116204396747, 0.1153086588019206, 0.11921455072311354, 0.11385786893836604, 0.1191821899588721, 0.12050487658030867, 0.11643372782762651, 0.12211811359664765, 0.116934620174094, 0.11968635483832525, 0.11699156462611614, 0.1197223817653173, 0.12086614989677304], "auc": [0.4821813725490196, 0.4792156862745097, 0.5825, 0.4975490196078431, 0.582671568627451, 0.5001470588235294, 0.4874264705882353, 0.5142401960784314, 0.5416176470588235, 0.49431372549019603, 0.41830882352941173, 0.5166666666666666, 0.4569852941176471, 0.45085784313725485, 0.5142647058823531, 0.42291666666666666, 0.5243137254901961, 0.5303431372549019, 0.46012254901960786, 0.5540931372549021, 0.4711764705882353, 0.5135294117647058, 0.4447058823529411, 0.5126960784313725, 0.5532598039215686], "log_prob": [-176.76087951660156, -175.69073486328125, -172.58592224121094, -174.7313232421875, -172.57632446289062, -175.00401306152344, -175.2822265625, -174.30694580078125, -173.57345581054688, -175.56617736816406, -177.66268920898438, -174.69862365722656, -176.09603881835938, -177.3392333984375, -174.8556671142578, -178.29685974121094, -175.047607421875, -174.02601623535156, -176.19943237304688, -173.32485961914062, -176.02557373046875, -174.41387939453125, -176.0334014892578, -174.2508544921875, -173.74240112304688]}