{"e_shd": [41.04600143432617, 39.96799850463867, 46.641998291015625, 41.04800033569336, 45.24800109863281, 40.608001708984375, 39.683998107910156, 41.86399841308594, 40.86000061035156, 38.76599884033203, 40.040000915527344, 45.928001403808594, 40.95800018310547, 40.417999267578125, 40.58599853515625, 39.305999755859375, 41.439998626708984, 38.4119987487793, 40.417999267578125, 42.32400131225586, 39.28799819946289, 41.220001220703125, 42.63999938964844, 40.97200012207031, 40.38999938964844], "e_f1": [0.161590057464489, 0.15950833456835273, 0.1433248185853855, 0.16424642474941475, 0.14425054804758242, 0.17982662307852804, 0.18400612748037012, 0.15840649728880413, 0.19039911363097536, 0.13405217479422532, 0.17286796462143092, 0.1584051280407755, 0.16983032769881942, 0.1935544465507754, 0.162002684496183, 0.18947686316850143, 0.17710099145232752, 0.2089744099011242, 0.22074202528106932, 0.17679392955625856, 0.18212089850928717, 0.17848347050814672, 0.16850813622718264, 0.19653670616956748, 0.15480018698949874], "auc": [0.7861842105263158, 0.8225, 0.8018421052631579, 0.8135526315789474, 0.7854605263157894, 0.8330263157894737, 0.8711842105263158, 0.8353947368421052, 0.8477631578947369, 0.8028947368421053, 0.8524342105263158, 0.8170394736842106, 0.8217105263157896, 0.8561842105263158, 0.7968421052631579, 0.8617105263157895, 0.8465131578947368, 0.8890131578947369, 0.9065131578947369, 0.8594078947368421, 0.8425657894736842, 0.8249342105263158, 0.8111184210526315, 0.8843421052631579, 0.8010526315789473], "log_prob": [-70.38265991210938, -65.87380981445312, -72.38937377929688, -69.3294677734375, -73.75965118408203, -66.51284790039062, -61.902008056640625, -64.79277038574219, -66.0799331665039, -66.56246185302734, -63.30891799926758, -67.66386413574219, -69.55048370361328, -64.20999908447266, -66.82376098632812, -63.83409118652344, -65.93274688720703, -57.931861877441406, -58.01747131347656, -62.88676834106445, -63.34033203125, -68.7620849609375, -70.18716430664062, -60.858856201171875, -71.20741271972656]}