{"e_shd": [60.39400100708008, 57.59000015258789, 59.400001525878906, 60.47999954223633, 64.59200286865234, 59.81999969482422, 60.71200180053711, 56.715999603271484, 59.4640007019043, 60.67599868774414, 58.847999572753906, 59.7400016784668, 60.87799835205078, 59.25, 59.779998779296875, 61.768001556396484, 61.209999084472656, 62.849998474121094, 62.391998291015625, 59.108001708984375, 62.141998291015625, 59.847999572753906, 60.380001068115234, 58.231998443603516, 60.007999420166016], "e_f1": [0.20513670911733994, 0.2438877747299964, 0.1906510127408966, 0.20276369587550785, 0.15613691742618743, 0.21312865929580574, 0.21809419622005755, 0.25379290838381324, 0.22517235108502473, 0.20124598704211827, 0.21490474884527708, 0.21406920679142227, 0.2096335277502543, 0.21164437473468228, 0.19463533160944818, 0.1947542225866753, 0.2078791874456387, 0.173588495824814, 0.17455976283500144, 0.2183876281353039, 0.19569674265327755, 0.20199566501881605, 0.21605875754559115, 0.20373980661814928, 0.1893599960472821], "auc": [0.8100694444444444, 0.8552083333333333, 0.8132291666666667, 0.8048263888888889, 0.7124305555555556, 0.8277777777777778, 0.8377430555555556, 0.8794097222222221, 0.8166666666666667, 0.7928472222222223, 0.830138888888889, 0.8273958333333333, 0.8238888888888889, 0.8294097222222222, 0.8152777777777778, 0.8039236111111111, 0.824375, 0.7698263888888889, 0.7810763888888889, 0.8406597222222223, 0.8068055555555556, 0.8330555555555555, 0.8251041666666666, 0.8340972222222222, 0.8090277777777778], "log_prob": [-103.2777099609375, -96.17045593261719, -102.96211242675781, -103.77359771728516, -115.82088470458984, -101.36003875732422, -101.46170043945312, -91.49163055419922, -103.50078582763672, -103.67699432373047, -101.32946014404297, -102.337646484375, -102.585693359375, -98.42398071289062, -100.87065887451172, -103.72344207763672, -103.21817016601562, -110.17256927490234, -109.30270385742188, -97.11426544189453, -107.12539672851562, -100.08854675292969, -99.05491638183594, -100.66899108886719, -104.72457122802734]}