{"e_shd": [79.36799621582031, 78.3499984741211, 74.86399841308594, 74.49199676513672, 81.5979995727539, 77.01599884033203, 75.04199981689453, 76.6780014038086, 78.90399932861328, 75.14399719238281, 77.42400360107422, 74.31199645996094, 77.13400268554688, 79.23400115966797, 75.81199645996094, 76.5260009765625, 75.15799713134766, 77.64199829101562, 74.47799682617188, 73.66999816894531, 77.41200256347656, 76.0719985961914, 77.19599914550781, 79.2239990234375, 77.51799774169922], "e_f1": [0.18719086837416368, 0.1737569031957931, 0.21797770227347837, 0.22889878702105979, 0.17782705554699682, 0.2128236604046068, 0.20857138550269225, 0.2150733124203146, 0.19499874582194002, 0.22807018274572818, 0.16910896725735972, 0.2095141093457051, 0.1937313269648259, 0.1780775168334923, 0.19198709174968953, 0.21593939816713464, 0.22123163058031436, 0.19638633183793666, 0.22246337543396708, 0.236150462701859, 0.20118270189923687, 0.21122555109886137, 0.18922420231175627, 0.21341460603430468, 0.20026577924542785], "auc": [0.7767892156862745, 0.7361519607843137, 0.8279411764705882, 0.7860539215686274, 0.7179656862745097, 0.7887009803921569, 0.8162254901960784, 0.7775, 0.7140686274509803, 0.814264705882353, 0.7483088235294117, 0.8110539215686274, 0.7549999999999999, 0.7050245098039216, 0.7504166666666667, 0.7936274509803921, 0.8214950980392157, 0.7804411764705883, 0.8292401960784314, 0.824485294117647, 0.7594852941176471, 0.7744117647058824, 0.7693382352941176, 0.7626470588235295, 0.7861519607843137], "log_prob": [-150.50071716308594, -154.9346160888672, -138.8944549560547, -143.76251220703125, -151.82330322265625, -143.3346405029297, -138.71923828125, -146.64158630371094, -148.80657958984375, -138.10348510742188, -154.77053833007812, -142.45977783203125, -147.06948852539062, -154.488037109375, -170.6237335205078, -140.00047302246094, -137.2772216796875, -143.25942993164062, -137.73675537109375, -137.02484130859375, -149.42626953125, -145.40765380859375, -148.25057983398438, -144.56666564941406, -143.30055236816406]}