{"e_shd": [87.81199645996094, 87.51000213623047, 88.0479965209961, 87.38600158691406, 87.2959976196289, 87.77799987792969, 87.29000091552734, 87.68599700927734, 87.6259994506836, 87.72000122070312, 87.38400268554688, 87.447998046875, 87.9260025024414, 87.69200134277344, 87.46800231933594, 87.33200073242188, 87.48200225830078, 87.77999877929688, 87.47200012207031, 87.70999908447266, 87.80000305175781, 87.44400024414062, 87.68199920654297, 87.45800018310547, 87.73999786376953], "e_f1": [0.11776393127149323, 0.11921209810712936, 0.11511580708538648, 0.12078240503498094, 0.1222568467978143, 0.11791989868489168, 0.12207150501940663, 0.11816259354180073, 0.11889233122087889, 0.117578173845052, 0.12155904980075863, 0.1207616522002663, 0.1166386309228722, 0.11717053310431885, 0.12074827966187227, 0.12200307421133175, 0.1203134226137315, 0.11808154967757124, 0.12050989241113114, 0.11823779529221855, 0.11747679730383859, 0.12057580048288673, 0.11757397977695262, 0.1210059085665392, 0.11835841577930784], "auc": [0.45503472222222224, 0.47430555555555554, 0.39597222222222217, 0.5307986111111112, 0.5552083333333333, 0.46545138888888893, 0.563611111111111, 0.4455208333333333, 0.4790972222222222, 0.4388888888888889, 0.5686111111111111, 0.5340625, 0.4429166666666666, 0.43673611111111116, 0.5218402777777778, 0.5497569444444446, 0.5054861111111111, 0.4452777777777777, 0.5093402777777778, 0.4754513888888889, 0.45635416666666667, 0.5265277777777778, 0.4465972222222222, 0.5360069444444443, 0.4753125], "log_prob": [-135.23663330078125, -134.53131103515625, -136.447021484375, -134.02322387695312, -133.45095825195312, -135.1082305908203, -133.44284057617188, -134.9478759765625, -134.77252197265625, -135.36590576171875, -133.74444580078125, -133.90882873535156, -135.6994171142578, -135.31280517578125, -133.9832763671875, -133.57958984375, -134.21261596679688, -135.11648559570312, -134.07791137695312, -135.06204223632812, -135.37728881835938, -134.16839599609375, -135.2090606689453, -133.98599243164062, -135.142578125]}