{"e_shd": [101.44999694824219, 101.87200164794922, 101.25399780273438, 101.44599914550781, 101.9280014038086, 101.41400146484375, 101.26399993896484, 101.8239974975586, 101.46399688720703, 101.75800323486328, 101.7979965209961, 101.5459976196289, 101.83799743652344, 101.14600372314453, 101.99600219726562, 101.63999938964844, 101.39199829101562, 101.73799896240234, 101.77200317382812, 101.66200256347656, 101.49800109863281, 101.91799926757812, 101.71800231933594, 101.51399993896484, 101.58999633789062], "e_f1": [0.15053127454016543, 0.14632372350056516, 0.15245853609406443, 0.1505802238836351, 0.1471034722420541, 0.15069183774907485, 0.1530966064578372, 0.14822475662495713, 0.15094567266061357, 0.1481638467037149, 0.14803105726055193, 0.14957972346879064, 0.1472061682869688, 0.15230895948821788, 0.14605315165920843, 0.14899645654488647, 0.15120528712907783, 0.14883142468656924, 0.147182311020545, 0.1489945427971657, 0.15008939036706095, 0.14643207853623647, 0.14785525703035557, 0.15005937758846205, 0.14975391837612995], "auc": [0.5246323529411765, 0.4334313725490196, 0.5628921568627451, 0.503406862745098, 0.44090686274509805, 0.5234068627450982, 0.5675490196078432, 0.4699264705882353, 0.5141421568627451, 0.4734803921568628, 0.47794117647058826, 0.5016666666666667, 0.45267156862745095, 0.5589950980392158, 0.4387745098039216, 0.4901715686274509, 0.5291176470588236, 0.4819362745098039, 0.4416911764705882, 0.5117156862745098, 0.5042156862745097, 0.43308823529411766, 0.47825980392156864, 0.4963480392156862, 0.4999754901960784], "log_prob": [-168.86781311035156, -170.86631774902344, -168.04136657714844, -168.84933471679688, -170.4959716796875, -168.87115478515625, -167.87979125976562, -170.02761840820312, -168.74673461914062, -170.1919708251953, -170.0982208251953, -169.3644561767578, -170.41717529296875, -167.98008728027344, -171.0918426513672, -169.72076416015625, -168.5532989501953, -169.70034790039062, -170.52169799804688, -169.61532592773438, -169.0341796875, -170.75607299804688, -170.18113708496094, -169.1583709716797, -169.30361938476562]}