{"e_shd": [73.64399719238281, 73.60600280761719, 73.63600158691406, 73.63999938964844, 73.43800354003906, 73.55400085449219, 73.697998046875, 73.11599731445312, 73.697998046875, 73.55799865722656, 73.4739990234375, 73.61799621582031, 73.2300033569336, 73.51799774169922, 73.74800109863281, 73.38600158691406, 73.47599792480469, 73.63600158691406, 73.86399841308594, 73.80999755859375, 73.57599639892578, 73.46199798583984, 73.4260025024414, 73.6240005493164, 73.48400115966797], "e_f1": [0.07323606733418328, 0.07357908049774084, 0.07331918315889616, 0.07229180671417558, 0.07616689416371174, 0.07521134344348376, 0.07264072657002879, 0.07827206968503057, 0.07278854212765574, 0.07422275353961137, 0.0747335249007381, 0.07393353535969914, 0.07837751378748892, 0.07360411173065427, 0.07303846551336474, 0.075510378822267, 0.07607784451003988, 0.07398076123519011, 0.07027121257763025, 0.07116956867846036, 0.07442762770997563, 0.07649657428843384, 0.07586678298649382, 0.07376663424051708, 0.07630377087643593], "auc": [0.4280263157894737, 0.4528289473684211, 0.46532894736842106, 0.4075, 0.5702631578947369, 0.506578947368421, 0.4142105263157895, 0.6373026315789474, 0.4219736842105263, 0.4803947368421052, 0.49453947368421053, 0.4735526315789474, 0.6271052631578948, 0.47184210526315784, 0.42000000000000004, 0.5294736842105263, 0.5417105263157895, 0.4698026315789474, 0.32414473684210526, 0.3639473684210526, 0.4732236842105263, 0.5369078947368421, 0.5688157894736843, 0.4479605263157895, 0.5276973684210526], "log_prob": [-99.93504333496094, -99.84490966796875, -99.98017120361328, -100.18209075927734, -99.05879211425781, -99.4258041381836, -100.22311401367188, -98.24958801269531, -100.14904022216797, -99.68644714355469, -99.43817138671875, -99.79995727539062, -98.36622619628906, -99.83806610107422, -100.08341979980469, -99.17463684082031, -99.12086486816406, -99.78633117675781, -100.90829467773438, -100.652099609375, -99.64474487304688, -99.03272247314453, -99.25471496582031, -99.88693237304688, -99.08373260498047]}