{"e_shd": [92.54199981689453, 88.63200378417969, 94.20600128173828, 92.41200256347656, 92.74600219726562, 92.16999816894531, 88.447998046875, 91.55000305175781, 95.08599853515625, 90.87799835205078, 93.81999969482422, 93.63400268554688, 94.70999908447266, 92.56400299072266, 93.81999969482422, 93.94400024414062, 92.08599853515625, 94.052001953125, 95.58000183105469, 94.49600219726562, 89.75, 93.02400207519531, 94.88600158691406, 92.08000183105469, 92.6780014038086], "e_f1": [0.223619458651445, 0.2544556061416477, 0.20465464729474225, 0.20847286129947662, 0.20908324805383324, 0.2172824662066164, 0.2497602474229847, 0.20415400118809862, 0.20892728318839113, 0.2311137285716414, 0.20487836948345187, 0.20163904775923527, 0.19140087101768585, 0.21186298335446252, 0.1897445899516917, 0.20513983199427077, 0.21850312311189865, 0.19788848314251425, 0.18312285166894812, 0.20542888986977442, 0.24421700316272005, 0.2031193679907261, 0.19528573658662096, 0.21716904826449146, 0.20967112216656603], "auc": [0.7364950980392156, 0.7923284313725489, 0.6801715686274509, 0.6996568627450981, 0.7338480392156863, 0.71, 0.803357843137255, 0.7066176470588235, 0.7079656862745098, 0.7263725490196078, 0.6975, 0.6896813725490196, 0.6510539215686275, 0.7261274509803921, 0.6676960784313726, 0.6997058823529413, 0.7100980392156863, 0.6831127450980393, 0.6647058823529413, 0.7076960784313725, 0.7690931372549019, 0.7090441176470588, 0.6586519607843138, 0.705220588235294, 0.7364215686274509], "log_prob": [-149.70883178710938, -140.8856964111328, -155.3733673095703, -151.39794921875, -150.40357971191406, -151.55203247070312, -139.57504272460938, -153.77902221679688, -153.25181579589844, -146.27540588378906, -152.99851989746094, -152.68988037109375, -159.50473022460938, -149.91851806640625, -157.5474853515625, -153.03173828125, -151.52859497070312, -154.56973266601562, -159.04766845703125, -152.6908416748047, -141.82357788085938, -151.26028442382812, -161.71078491210938, -153.45106506347656, -149.95423889160156]}