{"e_shd": [79.6259994506836, 76.51200103759766, 81.76799774169922, 76.69000244140625, 80.94200134277344, 79.88999938964844, 81.25199890136719, 80.83399963378906, 79.07599639892578, 81.197998046875, 76.70600128173828, 78.57599639892578, 83.25, 72.79399871826172, 81.63200378417969, 81.7979965209961, 80.41200256347656, 77.88600158691406, 75.08999633789062, 79.35199737548828, 79.83599853515625, 81.50199890136719, 78.7699966430664, 76.9280014038086, 79.80400085449219], "e_f1": [0.1849131158494679, 0.21942125781880037, 0.17258248760386777, 0.191753027240911, 0.1589754685842063, 0.18392327255766247, 0.16051992429061587, 0.186618331913316, 0.17795639397863017, 0.15243336048822678, 0.20515351092556872, 0.19871505731933928, 0.1579972032545325, 0.22432168021273283, 0.16164510970497578, 0.17249300039657856, 0.17669246180690296, 0.19113347567206587, 0.21482172545210335, 0.1623578072996946, 0.17525872118572638, 0.16498227797382986, 0.19058511234363915, 0.2051231409940205, 0.15625535713482866], "auc": [0.7287152777777778, 0.8034722222222223, 0.7114583333333334, 0.7604166666666667, 0.7075, 0.7367013888888888, 0.671701388888889, 0.7248958333333333, 0.7136111111111111, 0.6543402777777777, 0.7988194444444445, 0.784513888888889, 0.6564583333333334, 0.8219444444444445, 0.6721180555555555, 0.6965625000000001, 0.7047916666666667, 0.7322222222222221, 0.7962847222222221, 0.7279861111111111, 0.6951736111111111, 0.6761111111111111, 0.7446527777777777, 0.7829513888888889, 0.6619097222222222], "log_prob": [-120.61266326904297, -111.69384765625, -123.94403076171875, -116.26664733886719, -122.28226470947266, -118.65342712402344, -126.75582122802734, -122.21444702148438, -121.56010437011719, -125.60967254638672, -111.18634033203125, -114.01510620117188, -127.8255386352539, -105.31621551513672, -137.88729858398438, -124.50389862060547, -122.12525177001953, -121.21388244628906, -110.60554504394531, -120.23805236816406, -121.38524627685547, -123.99190521240234, -117.15115356445312, -115.89347839355469, -125.75466918945312]}