{"e_shd": [65.92400360107422, 64.50599670410156, 63.055999755859375, 64.55599975585938, 65.44400024414062, 62.74800109863281, 68.51000213623047, 63.507999420166016, 67.75199890136719, 68.58200073242188, 67.81999969482422, 66.81800079345703, 69.56999969482422, 67.9800033569336, 64.9280014038086, 62.8120002746582, 61.59600067138672, 67.45800018310547, 63.981998443603516, 63.0099983215332, 59.444000244140625, 63.63800048828125, 64.53399658203125, 67.48200225830078, 63.8120002746582], "e_f1": [0.1114795384218711, 0.11212462985479255, 0.13369760251868934, 0.1254762900054736, 0.12167834366269534, 0.13257959461400504, 0.11268027552664424, 0.15043525308738454, 0.12408807515634893, 0.08890508945901447, 0.10682167216300748, 0.12195731406988874, 0.1212024967396299, 0.11521472364732338, 0.12212233628542833, 0.12903552889344125, 0.14193519703203214, 0.10168041079063832, 0.15003019338280432, 0.1325078600744163, 0.13095435748682085, 0.11653164169403062, 0.12601047380985395, 0.10888795464565675, 0.1320665824699353], "auc": [0.6830263157894737, 0.7384868421052632, 0.7514473684210525, 0.7297368421052632, 0.7348684210526316, 0.7590131578947368, 0.6958552631578947, 0.7941447368421052, 0.7422368421052632, 0.6111842105263158, 0.6911184210526315, 0.7577631578947368, 0.7284868421052632, 0.7277631578947368, 0.7278289473684212, 0.7666447368421052, 0.7967105263157895, 0.6653947368421053, 0.8011184210526316, 0.7867105263157894, 0.7439473684210526, 0.7381578947368421, 0.7446052631578948, 0.7195394736842105, 0.7808552631578948], "log_prob": [-93.57991790771484, -87.7110824584961, -89.0706558227539, -91.19581604003906, -90.1505126953125, -86.92829895019531, -95.39363861083984, -86.97572326660156, -92.5814208984375, -97.20051574707031, -93.49429321289062, -90.62025451660156, -95.25239562988281, -91.68504333496094, -89.41805267333984, -85.20927429199219, -83.2081298828125, -94.02843475341797, -86.56971740722656, -85.0737075805664, -87.7895736694336, -87.55712127685547, -89.32511901855469, -93.3404312133789, -85.29991149902344]}