{"e_shd": [74.79399871826172, 71.91200256347656, 79.21600341796875, 72.10399627685547, 70.4000015258789, 79.01000213623047, 70.55799865722656, 73.68399810791016, 71.62799835205078, 76.00800323486328, 68.00399780273438, 73.01000213623047, 73.66000366210938, 71.21800231933594, 71.77400207519531, 67.2979965209961, 74.56199645996094, 71.40599822998047, 81.00800323486328, 75.41200256347656, 76.58200073242188, 71.2979965209961, 68.05400085449219, 76.7020034790039, 73.05999755859375], "e_f1": [0.0731149490057399, 0.08454387817138473, 0.06634653300956954, 0.04539885678632535, 0.0800962771531397, 0.11460768930866316, 0.0707703084888798, 0.07621424069680664, 0.043536669851823244, 0.09463495364935172, 0.11287087298245291, 0.0856455579269047, 0.14178443839211008, 0.1402531506568393, 0.1347772010220502, 0.07977189244219696, 0.10818970136089905, 0.0780254313679502, 0.09097625614489038, 0.10316146019371125, 0.05762361197498666, 0.11041646103230152, 0.07663020039574048, 0.13218442226394173, 0.11503151836328283], "auc": [0.4816421568627451, 0.5925735294117648, 0.4743382352941176, 0.4534313725490196, 0.5829901960784314, 0.5358333333333334, 0.583063725490196, 0.5231127450980393, 0.47151960784313723, 0.5316666666666667, 0.680857843137255, 0.5455637254901959, 0.6278921568627451, 0.7064460784313726, 0.6657107843137255, 0.6394362745098039, 0.5962254901960784, 0.55625, 0.4987254901960784, 0.5556372549019608, 0.5556372549019607, 0.623235294117647, 0.651421568627451, 0.5554656862745099, 0.5933333333333334], "log_prob": [-290.698974609375, -268.9777526855469, -345.32080078125, -310.78680419921875, -257.89239501953125, -295.765869140625, -294.78314208984375, -308.5555114746094, -344.4373779296875, -276.44915771484375, -213.45947265625, -268.72369384765625, -219.36578369140625, -214.2459716796875, -237.04522705078125, -262.019287109375, -238.22434997558594, -302.40802001953125, -300.7078552246094, -246.72640991210938, -340.0980224609375, -268.43011474609375, -239.084228515625, -338.210693359375, -254.72540283203125]}