{"e_shd": [33.231998443603516, 38.13399887084961, 44.10599899291992, 42.54199981689453, 34.900001525878906, 39.35599899291992, 34.52399826049805, 33.04199981689453, 34.09400177001953, 29.219999313354492, 47.332000732421875, 36.827999114990234, 27.166000366210938, 42.03799819946289, 37.9379997253418, 36.301998138427734, 52.12799835205078, 36.81800079345703, 38.39799880981445, 37.262001037597656, 34.19200134277344, 41.77000045776367, 42.00199890136719, 40.69200134277344, 33.37200164794922], "e_f1": [0.06651095622677229, 0.09902914301654554, 0.04632054387063299, 0.05486840330117083, 0.06941505944348049, 0.06376358057030584, 0.03680513130284976, 0.11151866440493714, 0.07605324143008507, 0.05243867619621858, 0.03965433903088356, 0.08380806170700204, 0.03521866422567662, 0.06436889602164018, 0.029001542388403658, 0.027104130097462615, 0.04857147211047253, 0.08388442831261682, 0.045079727991204334, 0.05867480705715474, 0.05222506295210597, 0.03457073313272113, 0.08935137407868422, 0.038467697580087806, 0.05114112277051805], "auc": [0.6529605263157894, 0.5582236842105264, 0.506842105263158, 0.51875, 0.5591447368421053, 0.6914473684210526, 0.5025000000000001, 0.4988157894736842, 0.5649342105263158, 0.5764473684210527, 0.4421710526315789, 0.6019078947368421, 0.5584210526315789, 0.4953947368421052, 0.42098684210526316, 0.44263157894736843, 0.4622368421052631, 0.664342105263158, 0.5188157894736841, 0.6017763157894737, 0.5734868421052632, 0.5038815789473684, 0.5522368421052631, 0.45539473684210524, 0.5249342105263157], "log_prob": [-105.42864990234375, -104.13594818115234, -148.88919067382812, -98.70201873779297, -127.13057708740234, -83.271240234375, -101.01063537597656, -126.80546569824219, -132.71142578125, -92.07736206054688, -117.11666870117188, -107.92399597167969, -105.6021728515625, -123.92901611328125, -136.02809143066406, -112.39859008789062, -111.59870147705078, -87.1581039428711, -114.41912841796875, -108.84867858886719, -91.11231994628906, -134.68846130371094, -108.3315200805664, -139.0689697265625, -103.39482116699219]}