{"e_shd": [56.7400016784668, 57.90800094604492, 52.99800109863281, 54.90399932861328, 52.141998291015625, 54.40800094604492, 58.25, 61.56399917602539, 60.96799850463867, 60.11399841308594, 60.10200119018555, 53.290000915527344, 55.327999114990234, 55.45399856567383, 59.619998931884766, 48.895999908447266, 60.86399841308594, 52.7599983215332, 58.24599838256836, 53.20600128173828, 56.13999938964844, 57.029998779296875, 57.7859992980957, 65.18199920654297, 63.731998443603516], "e_f1": [0.06772633132693136, 0.0769047704783793, 0.06606935813960058, 0.08576289586294959, 0.09223728945807876, 0.11459191595336458, 0.07717011874341503, 0.07313613351099503, 0.07120256953386792, 0.09456386605014501, 0.06217823914390768, 0.0844102452039485, 0.04824570443861633, 0.055105373213399714, 0.07052355084436644, 0.04523443356206808, 0.10870392901622435, 0.07032647534165966, 0.11174627177151669, 0.07898971030241524, 0.05726641840803502, 0.042628066175364285, 0.12605654186751514, 0.06543988209499554, 0.09589785033895742], "auc": [0.5434722222222224, 0.5005902777777778, 0.5841319444444445, 0.6298611111111112, 0.6362500000000001, 0.6927083333333334, 0.5444791666666666, 0.540625, 0.4555902777777777, 0.6228125000000001, 0.48378472222222224, 0.5608333333333333, 0.46600694444444446, 0.516423611111111, 0.5705902777777778, 0.5464236111111112, 0.5888888888888889, 0.5956944444444445, 0.5899652777777777, 0.49534722222222216, 0.5266666666666666, 0.4729513888888888, 0.6309375, 0.4628472222222222, 0.5951388888888889], "log_prob": [-186.44827270507812, -275.31903076171875, -165.78817749023438, -180.95260620117188, -165.0096435546875, -137.7721405029297, -166.9141082763672, -205.22239685058594, -187.03610229492188, -167.20858764648438, -232.25823974609375, -208.23342895507812, -219.7257537841797, -221.08042907714844, -169.584716796875, -205.71328735351562, -195.37542724609375, -225.0290069580078, -214.96426391601562, -262.4464111328125, -179.69285583496094, -260.46685791015625, -169.1233673095703, -231.7974853515625, -187.3455810546875]}