{"e_shd": [67.0, 68.88999938964844, 61.57400131225586, 66.0739974975586, 71.85399627685547, 63.86600112915039, 65.51000213623047, 60.81399917602539, 74.12799835205078, 63.400001525878906, 69.23600006103516, 61.61399841308594, 65.04000091552734, 66.19599914550781, 65.61599731445312, 62.827999114990234, 62.40999984741211, 65.28800201416016, 64.90399932861328, 61.76599884033203, 69.5459976196289, 62.53200149536133, 64.02400207519531, 64.72599792480469, 66.48600006103516], "e_f1": [0.1048317129697321, 0.10941531897090694, 0.16455127099661468, 0.11847098460929437, 0.10043568281016442, 0.18943045922239168, 0.15146335917743328, 0.17435918678648643, 0.1474042814336639, 0.16992732469644362, 0.12548988424887172, 0.1643697500769697, 0.12875864423330158, 0.1367192838021188, 0.13009252826556195, 0.1572205875562337, 0.19104391568141715, 0.1260865597863024, 0.14444647937783453, 0.21972800160906114, 0.11070903970237424, 0.1587636865880677, 0.1380888298477709, 0.17021155625464518, 0.11994003084267502], "auc": [0.6738235294117647, 0.6600245098039216, 0.7388725490196079, 0.743235294117647, 0.6486029411764705, 0.7850735294117647, 0.7712254901960784, 0.6538970588235293, 0.7252696078431372, 0.8212990196078431, 0.735343137254902, 0.7869852941176471, 0.7312009803921569, 0.6472794117647058, 0.7226470588235294, 0.7596323529411765, 0.7669607843137255, 0.7150000000000001, 0.7702205882352942, 0.8550735294117647, 0.7004901960784313, 0.7475490196078431, 0.7288970588235294, 0.7492401960784314, 0.7200490196078432], "log_prob": [-310.9039611816406, -246.27450561523438, -333.48828125, -246.71368408203125, -203.53591918945312, -259.3085021972656, -199.672119140625, -393.499755859375, -161.70059204101562, -192.6267547607422, -210.64093017578125, -245.69667053222656, -211.64419555664062, -315.3490295410156, -293.49847412109375, -249.16610717773438, -276.03662109375, -234.23648071289062, -248.2120361328125, -181.3662109375, -222.4136962890625, -265.0831298828125, -309.44573974609375, -201.24008178710938, -202.78573608398438]}