{"e_shd": [22.54400062561035, 22.4060001373291, 25.47599983215332, 21.399999618530273, 27.923999786376953, 18.003999710083008, 23.236000061035156, 18.43000030517578, 19.261999130249023, 30.08799934387207, 23.166000366210938, 26.5, 19.756000518798828, 21.163999557495117, 25.253999710083008, 17.673999786376953, 24.263999938964844, 14.406000137329102, 16.937999725341797, 17.351999282836914, 18.601999282836914, 21.56399917602539, 18.97599983215332, 22.881999969482422, 20.8700008392334], "e_f1": [0.4254216777586566, 0.39989641046631563, 0.35032810917588314, 0.4302224272579318, 0.27577506339865515, 0.5277153450890205, 0.40249314205877634, 0.5212439881085363, 0.5044176836534152, 0.244665310078227, 0.417789409345773, 0.32372524244892975, 0.491575919790472, 0.4533375354279422, 0.33533438867303206, 0.5299409475598681, 0.3837965987909489, 0.6365134898360263, 0.5557162583356944, 0.5423997297769044, 0.504157142006087, 0.44136248381334525, 0.5116804145926697, 0.42852231841308097, 0.46709704855972567], "auc": [0.8439473684210527, 0.8980921052631579, 0.881578947368421, 0.8693421052631578, 0.9101973684210527, 0.9311184210526315, 0.8903947368421052, 0.950921052631579, 0.9075, 0.8567763157894737, 0.8941447368421053, 0.9539473684210527, 0.8169736842105263, 0.9038815789473684, 0.8435526315789474, 0.8852631578947368, 0.9001315789473685, 0.965921052631579, 0.9409868421052632, 0.9692105263157895, 0.9058552631578949, 0.8727631578947368, 0.8766447368421052, 0.9401973684210526, 0.81625], "log_prob": [-71.92945861816406, -47.205078125, -60.352203369140625, -69.22891235351562, -53.44036102294922, -46.82915496826172, -48.31821060180664, -34.150333404541016, -43.066734313964844, -59.74448776245117, -46.3856201171875, -43.4345703125, -80.8342514038086, -51.45148468017578, -52.7723388671875, -54.721458435058594, -49.49169158935547, -27.839948654174805, -45.15745544433594, -32.402137756347656, -42.63137435913086, -61.20167541503906, -54.35894012451172, -41.09222412109375, -84.64974975585938]}