{"e_shd": [42.875999450683594, 41.15800094604492, 43.33599853515625, 44.327999114990234, 47.4900016784668, 41.763999938964844, 42.34000015258789, 38.678001403808594, 41.263999938964844, 42.507999420166016, 43.11600112915039, 41.832000732421875, 43.75600051879883, 39.63399887084961, 43.33000183105469, 44.43000030517578, 40.35599899291992, 45.470001220703125, 42.77199935913086, 39.4119987487793, 43.891998291015625, 45.88399887084961, 38.05400085449219, 44.12799835205078, 47.369998931884766], "e_f1": [0.24900787840840147, 0.282772354181698, 0.22217924246059087, 0.19786458222367362, 0.11514356931101778, 0.25009856267514236, 0.1942180195654435, 0.3346913217533723, 0.26686113892885266, 0.24268803011592258, 0.2117163346064845, 0.2875522742219614, 0.2436319590457335, 0.31249540615923693, 0.25004341055506046, 0.21201437120688713, 0.26931982396399673, 0.187255010224827, 0.248599269878854, 0.3279621201158625, 0.19675531661792617, 0.18826440334678113, 0.3264928366949133, 0.20876517174668954, 0.1757469051113857], "auc": [0.8097916666666667, 0.8274652777777778, 0.7962847222222222, 0.7982986111111111, 0.7344097222222222, 0.8089930555555556, 0.7895138888888888, 0.8616666666666667, 0.7894791666666667, 0.814375, 0.851736111111111, 0.8128472222222223, 0.7845833333333333, 0.8834375, 0.8541666666666667, 0.7748263888888889, 0.8264583333333333, 0.7489930555555555, 0.7985416666666667, 0.8575694444444445, 0.7516319444444444, 0.8063888888888889, 0.8715972222222222, 0.7878472222222221, 0.7547222222222222], "log_prob": [-158.8144989013672, -157.8905487060547, -160.71788024902344, -150.07720947265625, -184.05874633789062, -166.2884521484375, -197.67184448242188, -138.0161895751953, -179.8160400390625, -136.1224822998047, -139.89364624023438, -164.51170349121094, -173.66275024414062, -110.52117919921875, -114.51947021484375, -170.08096313476562, -147.02944946289062, -158.7503662109375, -140.49659729003906, -143.22494506835938, -179.69863891601562, -148.47604370117188, -137.39427185058594, -150.96502685546875, -150.3265838623047]}