{"e_shd": [89.49400329589844, 88.55599975585938, 92.8219985961914, 92.35199737548828, 91.43399810791016, 91.78399658203125, 87.62999725341797, 91.9020004272461, 91.3479995727539, 90.38800048828125, 92.23600006103516, 92.58000183105469, 92.65399932861328, 91.8759994506836, 93.01000213623047, 92.28600311279297, 90.48400115966797, 91.33799743652344, 93.48400115966797, 92.5199966430664, 87.31199645996094, 91.9280014038086, 91.26200103759766, 90.47799682617188, 91.29199981689453], "e_f1": [0.2368797752525769, 0.25526198071767503, 0.20403279121970377, 0.21229772342392125, 0.21661742757288147, 0.2167498679968958, 0.2524492365265829, 0.21395373120084524, 0.22459991689238937, 0.2330943130994547, 0.21725263208984433, 0.20829832857861197, 0.20156103215031754, 0.22435601527422316, 0.19957648803281466, 0.21545099528472628, 0.2337300936675769, 0.21756575989032353, 0.19843063997146396, 0.20518316181258542, 0.25536552672222557, 0.2108696427477655, 0.22232759358164406, 0.2269653176214758, 0.2279720481736358], "auc": [0.7732843137254902, 0.7742892156862745, 0.6873774509803922, 0.6986519607843138, 0.7347303921568628, 0.711078431372549, 0.810955882352941, 0.7138235294117647, 0.73125, 0.7438235294117648, 0.7237990196078431, 0.7023529411764706, 0.6845588235294119, 0.7389705882352942, 0.6821323529411765, 0.7207107843137255, 0.7603676470588235, 0.7263235294117647, 0.6890196078431373, 0.7112745098039215, 0.8096078431372549, 0.7285294117647059, 0.7448039215686275, 0.7449999999999999, 0.7559803921568627], "log_prob": [-141.81439208984375, -141.55313110351562, -154.0213623046875, -152.94073486328125, -148.227294921875, -150.4741973876953, -147.70254516601562, -156.40866088867188, -148.65182495117188, -144.79360961914062, -149.86553955078125, -149.79498291015625, -156.8090057373047, -147.10862731933594, -158.46954345703125, -151.49746704101562, -145.00631713867188, -151.22332763671875, -155.82363891601562, -150.11631774902344, -135.22900390625, -148.3544464111328, -148.3760986328125, -147.58709716796875, -146.24533081054688]}