{"e_shd": [78.9520034790039, 76.36599731445312, 80.64199829101562, 77.21600341796875, 77.86799621582031, 79.30400085449219, 80.98999786376953, 80.61799621582031, 79.72799682617188, 80.8239974975586, 78.56999969482422, 78.46600341796875, 81.83999633789062, 74.01000213623047, 80.93000030517578, 79.96600341796875, 80.66200256347656, 76.3740005493164, 77.947998046875, 79.77799987792969, 81.70999908447266, 80.01599884033203, 78.85399627685547, 76.0, 80.58200073242188], "e_f1": [0.18688905882821924, 0.22077953697660774, 0.17019595189816863, 0.20078456982272855, 0.19402830616589584, 0.18613718184268463, 0.17758974346766018, 0.1980494188363797, 0.1829830780704966, 0.16811347584725025, 0.20566055643481765, 0.19485070165867655, 0.16451553354811035, 0.23242180212032326, 0.1681992578664581, 0.17725572233387776, 0.17846730868362312, 0.21858951869242516, 0.20968204289447168, 0.1716716595298362, 0.16637611229247168, 0.18047409552652363, 0.18707632359811202, 0.21465100712620647, 0.16440443171889926], "auc": [0.7266319444444445, 0.7961111111111111, 0.6835069444444445, 0.7806944444444445, 0.7843402777777778, 0.7382986111111111, 0.6905208333333334, 0.7323611111111111, 0.7217361111111111, 0.6927430555555556, 0.7817013888888888, 0.7714236111111111, 0.6794444444444444, 0.8288194444444446, 0.6910416666666666, 0.6984027777777778, 0.7147916666666667, 0.7780555555555555, 0.7685416666666666, 0.7273263888888889, 0.6684027777777778, 0.7203472222222222, 0.7399652777777778, 0.8055555555555556, 0.6727430555555555], "log_prob": [-118.15328216552734, -112.00196838378906, -124.63385009765625, -113.70184326171875, -113.78848266601562, -117.52349090576172, -127.63050079345703, -120.48519897460938, -120.55415344238281, -123.14094543457031, -113.48298645019531, -115.30242919921875, -125.63330078125, -105.02052307128906, -135.1527099609375, -123.9095458984375, -123.19849395751953, -124.16204833984375, -115.17555236816406, -119.42845916748047, -125.11470031738281, -122.93595886230469, -118.940185546875, -110.59722900390625, -125.28685760498047]}