{"e_shd": [67.3219985961914, 67.55000305175781, 66.21199798583984, 66.57599639892578, 67.43599700927734, 67.18599700927734, 69.09600067138672, 64.81199645996094, 67.27799987792969, 69.97200012207031, 68.34600067138672, 67.47200012207031, 69.11599731445312, 69.47599792480469, 68.7300033569336, 66.4739990234375, 66.78399658203125, 68.08399963378906, 65.96199798583984, 68.27200317382812, 64.12200164794922, 68.2959976196289, 66.94000244140625, 69.44200134277344, 67.61199951171875], "e_f1": [0.12205187519162108, 0.11795291909125206, 0.1365411556573585, 0.13251700044197434, 0.13614817860555656, 0.13418094204866354, 0.11353126194769479, 0.15616840537994262, 0.13227974416065638, 0.0938583988768831, 0.1073409989046757, 0.12990999011474877, 0.12233624306991636, 0.12063871738759208, 0.1314169971417614, 0.12887559235070092, 0.14347249976770693, 0.10749337696422534, 0.14793047644819024, 0.12011194240093266, 0.1620441530324878, 0.1269414566037226, 0.13403472309179168, 0.10452434523182728, 0.14253627319746665], "auc": [0.7153947368421053, 0.7333552631578948, 0.7555263157894737, 0.7473026315789474, 0.7692763157894736, 0.7573026315789474, 0.6924342105263157, 0.8030921052631579, 0.7711184210526317, 0.6179605263157895, 0.6808552631578948, 0.7717105263157895, 0.7257236842105264, 0.7438815789473684, 0.7336842105263158, 0.7492105263157894, 0.7863157894736842, 0.6691447368421053, 0.7907894736842106, 0.7409210526315789, 0.8078289473684209, 0.7390131578947369, 0.7692105263157895, 0.6792763157894738, 0.8], "log_prob": [-93.5885238647461, -92.68921661376953, -102.0870590209961, -90.78471374511719, -90.11984252929688, -91.42013549804688, -95.02973937988281, -86.4692611694336, -101.9117431640625, -97.81938171386719, -96.68559265136719, -90.96522521972656, -94.40512084960938, -92.76802062988281, -94.19390106201172, -89.2437744140625, -89.1556625366211, -93.30458068847656, -88.33647155761719, -92.13327026367188, -90.41168975830078, -93.1329345703125, -90.44281005859375, -97.59117126464844, -88.92019653320312]}