{"e_shd": [37.09000015258789, 37.395999908447266, 35.55799865722656, 35.874000549316406, 36.869998931884766, 36.459999084472656, 36.88199996948242, 34.678001403808594, 36.141998291015625, 37.59000015258789, 36.59199905395508, 37.119998931884766, 37.507999420166016, 36.38800048828125, 37.22999954223633, 35.27000045776367, 35.25600051879883, 36.81399917602539, 33.95399856567383, 36.80799865722656, 35.417999267578125, 34.61399841308594, 36.763999938964844, 36.56800079345703, 35.97999954223633], "e_f1": [0.08484749706997531, 0.07560814665648356, 0.09362793469233943, 0.08906930730396365, 0.0781054299560446, 0.0894577276975081, 0.07302834877078401, 0.10280222663417182, 0.08913712136257372, 0.06693830726307129, 0.07315612641563043, 0.08362057906740782, 0.08209630410808005, 0.07112469454644105, 0.0870938406979494, 0.08672706159027012, 0.09580248835343162, 0.0743724527778252, 0.09566505633975117, 0.08576491966036022, 0.10010640990610267, 0.07298741125730479, 0.08957738803640486, 0.06663624273824027, 0.09439200957556323], "auc": [0.7195394736842105, 0.7121052631578947, 0.7686184210526316, 0.7590131578947369, 0.7224342105263158, 0.7430263157894736, 0.6846710526315789, 0.7895394736842105, 0.7889473684210526, 0.6460526315789474, 0.7207894736842105, 0.7518421052631579, 0.7329605263157895, 0.6776315789473685, 0.76375, 0.7645394736842105, 0.7880263157894738, 0.6911184210526314, 0.79, 0.7707236842105263, 0.7719078947368421, 0.7377631578947368, 0.7817105263157894, 0.6686842105263158, 0.7829605263157894], "log_prob": [-73.41133880615234, -73.13218688964844, -69.8439712524414, -69.84104919433594, -71.77459716796875, -73.26593017578125, -74.28246307373047, -67.33837890625, -70.1355972290039, -76.82823944091797, -73.48369598388672, -71.431640625, -71.4901123046875, -74.51907348632812, -70.32357788085938, -69.49560546875, -68.21170043945312, -72.95555114746094, -66.8399887084961, -69.58499145507812, -80.60664367675781, -71.57366943359375, -69.09941101074219, -74.95178985595703, -67.27130126953125]}