{"e_shd": [71.89800262451172, 70.39600372314453, 72.01599884033203, 71.07599639892578, 71.55599975585938, 72.31600189208984, 70.9280014038086, 72.04399871826172, 72.84600067138672, 70.77799987792969, 72.01000213623047, 72.07599639892578, 71.35800170898438, 72.01799774169922, 72.49800109863281, 72.02200317382812, 71.22000122070312, 72.21600341796875, 72.8280029296875, 71.93000030517578, 70.80999755859375, 71.79199981689453, 72.97000122070312, 70.88200378417969, 72.85600280761719], "e_f1": [0.10279042283203099, 0.1275793459742386, 0.09768684104018797, 0.11009310222188967, 0.1142253317642242, 0.10570729920302568, 0.11968349274464318, 0.10035145763968599, 0.10348768862535362, 0.1196497526142958, 0.09763053555619743, 0.10171744452579994, 0.10812194962723809, 0.10003960125474921, 0.09134794208543331, 0.10547379806735693, 0.10714373555936156, 0.09627345494631241, 0.09929344957641398, 0.09948553329593278, 0.11909979124371452, 0.10675721512300117, 0.10044400736543568, 0.10495359582631048, 0.09581813961158903], "auc": [0.6950980392156862, 0.7752450980392158, 0.6550245098039216, 0.751078431372549, 0.725171568627451, 0.6768382352941177, 0.7678186274509804, 0.6910539215686274, 0.6609313725490196, 0.7391911764705882, 0.6857352941176471, 0.6629656862745098, 0.7136519607843137, 0.6953186274509804, 0.6354656862745098, 0.7016666666666668, 0.7108088235294117, 0.6603431372549019, 0.685, 0.6749264705882353, 0.7523284313725491, 0.7025980392156863, 0.6590686274509804, 0.7088235294117647, 0.6700735294117647], "log_prob": [-182.88687133789062, -171.21383666992188, -185.27130126953125, -176.2852020263672, -175.8336944580078, -181.7542724609375, -171.94570922851562, -184.38726806640625, -182.1990966796875, -172.82974243164062, -184.28366088867188, -182.12635803222656, -180.545166015625, -185.088134765625, -190.44297790527344, -180.64999389648438, -181.87469482421875, -187.1941375732422, -182.810791015625, -182.42340087890625, -173.09329223632812, -179.51229858398438, -184.69996643066406, -183.045166015625, -184.57666015625]}