{"e_shd": [54.25600051879883, 53.933998107910156, 55.25600051879883, 53.599998474121094, 54.59199905395508, 54.22999954223633, 55.077999114990234, 54.67399978637695, 54.2400016784668, 54.652000427246094, 53.25600051879883, 53.27399826049805, 55.24800109863281, 52.167999267578125, 54.41999816894531, 54.231998443603516, 54.50400161743164, 53.70800018310547, 52.316001892089844, 54.268001556396484, 53.52199935913086, 54.678001403808594, 53.88800048828125, 52.79600143432617, 54.54199981689453], "e_f1": [0.1041497978324099, 0.11740356656523654, 0.09841927394578028, 0.1183332412549469, 0.08186069363882674, 0.09654295270707418, 0.09404886303154814, 0.10188610514227175, 0.09341815848634755, 0.08328818567739492, 0.11672010516415372, 0.11646923222148149, 0.0881675969063065, 0.13032428930984305, 0.09316884160902776, 0.08884173566306866, 0.09621278283405789, 0.10775802510906132, 0.11316168100115251, 0.0994039475663289, 0.08834489253235843, 0.09024666548368442, 0.09997801232909215, 0.11709156463227037, 0.07776497022441997], "auc": [0.7191319444444444, 0.7665277777777777, 0.7224999999999999, 0.7908680555555555, 0.6061805555555555, 0.7206597222222223, 0.6794097222222222, 0.7115277777777778, 0.6855208333333334, 0.6559027777777778, 0.8067708333333333, 0.7918055555555555, 0.6364930555555556, 0.8276041666666667, 0.7191319444444444, 0.6721874999999999, 0.6835069444444444, 0.7291319444444444, 0.7740972222222222, 0.7482986111111112, 0.6778124999999999, 0.6688194444444445, 0.7167013888888889, 0.7845833333333334, 0.6201041666666667], "log_prob": [-122.91477966308594, -119.08392333984375, -126.23434448242188, -116.98431396484375, -136.14666748046875, -124.58512115478516, -128.76239013671875, -124.85355377197266, -127.59613037109375, -131.9661865234375, -116.39237976074219, -117.44895935058594, -129.99314880371094, -112.20176696777344, -127.32659149169922, -130.34542846679688, -127.45775604248047, -124.78158569335938, -120.96961975097656, -123.16077423095703, -130.15135192871094, -129.18463134765625, -126.09197998046875, -129.78370666503906, -134.7266845703125]}