{"e_shd": [67.91600036621094, 72.36000061035156, 61.71200180053711, 62.2599983215332, 75.64600372314453, 69.73400115966797, 66.39399719238281, 63.645999908447266, 76.22000122070312, 65.18800354003906, 73.94999694824219, 64.49600219726562, 70.16000366210938, 72.33000183105469, 72.24600219726562, 63.25600051879883, 66.98600006103516, 66.31199645996094, 65.36000061035156, 66.51399993896484, 74.65799713134766, 63.347999572753906, 62.99599838256836, 68.49600219726562, 74.25399780273438], "e_f1": [0.28144662537439924, 0.2751132560289184, 0.36550253442737973, 0.3580038403600586, 0.2336341762640234, 0.303532916841938, 0.3288151141177375, 0.3446573963742694, 0.23039225165451946, 0.336477851470771, 0.24996229583050922, 0.35190006659862444, 0.29440181086832146, 0.2564347754975532, 0.29709268950941853, 0.35059126079311626, 0.3247358904749159, 0.31915812165575697, 0.3449850012362598, 0.32517272134846154, 0.2474052807643881, 0.36681634852966444, 0.35106710141658426, 0.29887851593901166, 0.24259744773740322], "auc": [0.8197794117647059, 0.8390441176470588, 0.8756127450980392, 0.8966666666666667, 0.7988480392156863, 0.8397549019607843, 0.8882107843137255, 0.858406862745098, 0.7646078431372549, 0.8756372549019609, 0.775563725490196, 0.8911274509803921, 0.8041911764705882, 0.8206617647058824, 0.8024019607843138, 0.9056617647058824, 0.8586764705882353, 0.8634558823529412, 0.8653676470588235, 0.8645098039215686, 0.7755882352941177, 0.864828431372549, 0.8500245098039216, 0.8256862745098039, 0.780171568627451], "log_prob": [-138.34445190429688, -130.189453125, -121.16458129882812, -113.45372772216797, -140.83065795898438, -127.8087158203125, -114.9178237915039, -127.35479736328125, -142.7999267578125, -120.44992065429688, -144.49942016601562, -114.24622344970703, -135.111083984375, -154.64512634277344, -163.82711791992188, -112.52625274658203, -121.88851928710938, -123.10671997070312, -124.00190734863281, -125.2161636352539, -147.77517700195312, -121.27615356445312, -141.29295349121094, -142.87057495117188, -141.56280517578125]}