{"e_shd": [48.86800003051758, 46.49800109863281, 50.39400100708008, 50.678001403808594, 54.97999954223633, 46.27799987792969, 47.402000427246094, 48.42599868774414, 46.08599853515625, 52.81399917602539, 49.43600082397461, 48.60599899291992, 51.5620002746582, 44.84600067138672, 51.582000732421875, 52.59000015258789, 48.051998138427734, 56.380001068115234, 49.667999267578125, 47.16600036621094, 50.5, 48.7599983215332, 47.1619987487793, 51.90800094604492, 51.38399887084961], "e_f1": [0.38116591124943033, 0.39829704872063737, 0.3598428229718952, 0.33734762379447886, 0.3007311052826035, 0.39801739070156317, 0.38606475516756883, 0.3893954418170597, 0.41991688365275737, 0.3306544483603438, 0.37292705332708814, 0.3797095796390428, 0.3255126982094696, 0.42980398181105683, 0.33151632535568804, 0.32060090820194753, 0.38339471900692396, 0.2809346911235367, 0.35936818966956285, 0.41487989991481183, 0.35896430035689514, 0.39180823947178156, 0.3999217871788201, 0.34523959876945287, 0.3474145721053809], "auc": [0.8925347222222222, 0.9110763888888889, 0.888611111111111, 0.8620833333333333, 0.8611458333333333, 0.8872222222222222, 0.8889583333333333, 0.9052083333333333, 0.9094097222222223, 0.8625347222222223, 0.8743750000000001, 0.8921527777777777, 0.8747569444444445, 0.9321180555555555, 0.9064930555555555, 0.8568055555555556, 0.8748611111111111, 0.8112847222222221, 0.8932291666666667, 0.9096180555555555, 0.8957291666666667, 0.9127083333333333, 0.900486111111111, 0.8915625, 0.8840972222222223], "log_prob": [-95.94792175292969, -77.81571960449219, -81.3679428100586, -99.11419677734375, -104.83409118652344, -94.20606994628906, -84.48121643066406, -81.43260192871094, -77.58197021484375, -92.44690704345703, -92.48509979248047, -104.11890411376953, -89.7391357421875, -73.21827697753906, -81.63038635253906, -91.6466064453125, -97.13285827636719, -125.92440795898438, -94.66323852539062, -75.36653137207031, -81.50897216796875, -75.23986053466797, -82.17533874511719, -82.68785095214844, -97.66849517822266]}