{"e_shd": [37.650001525878906, 36.56800079345703, 40.630001068115234, 38.38800048828125, 40.22600173950195, 37.02000045776367, 38.38800048828125, 38.61600112915039, 35.17599868774414, 41.4900016784668, 38.428001403808594, 43.358001708984375, 37.47200012207031, 36.62200164794922, 42.66600036621094, 34.95000076293945, 34.183998107910156, 30.645999908447266, 33.965999603271484, 30.00200080871582, 33.36399841308594, 37.439998626708984, 38.130001068115234, 35.13199996948242, 35.61800003051758], "e_f1": [0.31017275868591127, 0.2979423286314294, 0.24546790840067256, 0.3182724897800478, 0.27734761814808245, 0.3394469197960374, 0.28568044573514556, 0.3245767399528364, 0.35936690214157196, 0.22975611876489388, 0.300636242876672, 0.218666948281185, 0.3265234240262325, 0.3446152065548968, 0.2538237346009538, 0.38034496975884147, 0.33967650072946187, 0.44740000251003476, 0.4008586577342122, 0.4349766186523539, 0.37798618477683305, 0.330623448461949, 0.3278818521081774, 0.3566554412525519, 0.34229423018134286], "auc": [0.7988157894736843, 0.8607236842105263, 0.8508552631578947, 0.8273684210526315, 0.8438815789473684, 0.8433552631578948, 0.8565789473684211, 0.9004605263157894, 0.874078947368421, 0.7982894736842105, 0.8642763157894737, 0.8652631578947368, 0.8218421052631578, 0.8651315789473684, 0.8138157894736842, 0.9130263157894738, 0.895921052631579, 0.950657894736842, 0.908421052631579, 0.9465131578947368, 0.8856578947368421, 0.8292763157894736, 0.8280263157894738, 0.9067105263157895, 0.7795394736842105], "log_prob": [-86.22048950195312, -59.99746322631836, -73.43353271484375, -86.11317443847656, -65.2386703491211, -76.40158081054688, -61.450653076171875, -57.00895690917969, -67.14884948730469, -81.89480590820312, -60.55775833129883, -71.05207824707031, -85.68595123291016, -81.94732666015625, -67.2958984375, -54.460235595703125, -63.4283447265625, -43.6284065246582, -52.51621627807617, -43.03905487060547, -51.83771896362305, -87.64082336425781, -75.13237762451172, -54.09584426879883, -98.13883972167969]}