{"e_shd": [24.450000762939453, 34.81800079345703, 70.66600036621094, 44.97200012207031, 28.59600067138672, 45.305999755859375, 43.72600173950195, 40.53200149536133, 67.95800018310547, 25.489999771118164, 29.209999084472656, 34.72600173950195, 36.60200119018555, 57.91999816894531, 68.89800262451172, 48.332000732421875, 59.832000732421875, 42.071998596191406, 59.757999420166016, 22.29199981689453, 43.125999450683594, 50.965999603271484, 25.947999954223633, 49.71799850463867, 44.891998291015625, 29.384000778198242, 52.858001708984375, 57.183998107910156, 36.15999984741211, 50.08599853515625, 43.874000549316406, 46.2760009765625, 49.3120002746582, 66.14600372314453, 70.6500015258789, 48.571998596191406, 57.9900016784668, 49.66600036621094, 49.56399917602539, 39.880001068115234, 61.75199890136719, 36.52000045776367, 64.95999908447266, 40.35599899291992, 54.54600143432617, 70.55799865722656, 43.9119987487793, 64.89399719238281, 37.018001556396484, 49.4119987487793, 46.08399963378906, 64.58799743652344, 40.492000579833984, 34.736000061035156, 64.7040023803711, 42.5099983215332, 45.284000396728516, 65.1520004272461, 59.17399978637695, 48.42599868774414, 36.77799987792969, 60.02000045776367, 43.21200180053711, 22.724000930786133, 63.66600036621094, 57.29999923706055, 31.554000854492188, 33.858001708984375, 66.63800048828125, 67.87799835205078, 51.96200180053711, 38.604000091552734, 56.59199905395508, 52.57600021362305, 30.091999053955078, 65.2979965209961, 57.90399932861328, 57.816001892089844, 41.22600173950195, 25.851999282836914, 60.31800079345703, 41.18600082397461, 69.66999816894531, 55.805999755859375, 28.38599967956543, 68.7300033569336, 39.94200134277344, 30.025999069213867, 70.47200012207031, 51.06800079345703, 54.31399917602539, 44.45600128173828, 65.86599731445312, 47.61199951171875, 68.54399871826172, 36.145999908447266, 59.262001037597656, 63.1879997253418, 58.30799865722656, 53.597999572753906], "e_f1": [0.4223363249211346, 0.38761687714569804, 0.33400314034956485, 0.3908828552575243, 0.3845201308123492, 0.38822780443912946, 0.33070645219634226, 0.3624004675742471, 0.3927596738533717, 0.4715702217099723, 0.32238004973318174, 0.3884121038056991, 0.3968502317490817, 0.35409530132500716, 0.39081640115350985, 0.4408742395989216, 0.3915819636925737, 0.3313906599189338, 0.3719900265396207, 0.45910197214728954, 0.3838341518069291, 0.37059564056541505, 0.39116406948150756, 0.3579746940437399, 0.37687266211751297, 0.36490430709299565, 0.4124388157016796, 0.3786411711052621, 0.3765600091418022, 0.31972399079061337, 0.39668449028885844, 0.3875635517023198, 0.36028942721057516, 0.30960459644393135, 0.34919151572529095, 0.3034017148835243, 0.4207815077734103, 0.35742916675370695, 0.3802012697629811, 0.3442568093890134, 0.394890083928541, 0.3503897211762521, 0.3637729465026099, 0.30751119368931773, 0.38221275821947664, 0.3970469863343119, 0.4200230217485745, 0.3652959114011262, 0.40393673821322224, 0.3700553257409217, 0.3725375046463798, 0.34530641077143853, 0.30891073039778144, 0.3760239237224075, 0.3261662058843402, 0.36441130608821387, 0.3871439230787989, 0.37579891482279193, 0.4262277889691577, 0.3318138556984705, 0.36428872594034156, 0.35946317227140856, 0.31823861204039305, 0.36923013843543706, 0.3587448577762532, 0.3661685648812549, 0.4288830695100713, 0.35610662469690907, 0.37432450255863603, 0.36759995595309336, 0.3674342656176777, 0.3464950653267758, 0.38640214660603917, 0.33914057467043096, 0.36895999505471877, 0.35295083067989264, 0.353421118864778, 0.32920226181905154, 0.3896257753391164, 0.35774240540719077, 0.39558961221089795, 0.33480914937356543, 0.34841776842766425, 0.3528103946785073, 0.3985796951699697, 0.38156422934006934, 0.3177104452913511, 0.3336369257063807, 0.39034683926890573, 0.36723397088989523, 0.3259494338419674, 0.3559946972615585, 0.3650127844516488, 0.3765637021352254, 0.376145776136093, 0.36703815877472507, 0.3641325122046344, 0.35663632790332156, 0.3715509294559721, 0.3928346488533463], "auc": [0.895, 0.8853333333333333, 0.7847308514339678, 0.8066979188862845, 0.9099394300466686, 0.826614481409002, 0.83009009009009, 0.8535438765670204, 0.8524278179544342, 0.8975657894736843, 0.8499879749879751, 0.8372554860490518, 0.8697350543478262, 0.7827142857142857, 0.8535743093365598, 0.9157977216563198, 0.8590505245129522, 0.7653203951394354, 0.8445979011473003, 0.9104605263157894, 0.8522448067902613, 0.841679968076616, 0.8629852996607614, 0.8116588225580051, 0.8767810410002908, 0.8910667169242367, 0.8514242373167031, 0.8159544331263938, 0.8864140070921986, 0.8163773706203792, 0.8187726401022799, 0.8819913211186113, 0.8438136086071533, 0.7606377099911582, 0.8222228263824697, 0.8192013888888889, 0.867512157382847, 0.8877944169816807, 0.8654562383612663, 0.8074574091931854, 0.886215672348485, 0.8580258388326053, 0.7855256693687056, 0.8743351063829787, 0.8442227713820747, 0.8517321934489785, 0.8594097222222223, 0.7989723320158102, 0.882331071660935, 0.8383492932056542, 0.851083163710381, 0.7760278514588859, 0.8264603044014809, 0.8987556561085973, 0.8368800511657655, 0.8109932497589201, 0.8379985053332427, 0.8891595009692331, 0.8581115144182294, 0.8298711935075571, 0.852263221488986, 0.8467610539917972, 0.81946044546851, 0.8688815789473685, 0.8594202898550725, 0.8319209039548023, 0.9274891774891776, 0.8266805679674312, 0.841870882740448, 0.8254901960784313, 0.8635103369296607, 0.8773706682553868, 0.8588871446014302, 0.8656360078277887, 0.8902925531914894, 0.8051506316812438, 0.8455501100930464, 0.8421540535985167, 0.8456751467710371, 0.852494031913557, 0.8406371144446317, 0.8744904891304348, 0.8074044795783926, 0.838435054773083, 0.8971631205673759, 0.8219607843137255, 0.8735466386921933, 0.8253373313343327, 0.8544175664451827, 0.887136870516372, 0.7664272412875766, 0.8973595848595848, 0.8268872549019608, 0.8641878669275931, 0.8433839701294052, 0.8584408967391304, 0.8135569414012024, 0.8325037465210876, 0.8824372155739086, 0.8515066394279878],