{"e_shd": [50.91600036621094, 51.577999114990234, 43.81999969482422, 54.15399932861328, 46.066001892089844, 50.2599983215332, 51.354000091552734, 43.608001708984375, 56.6619987487793, 48.57600021362305, 46.290000915527344, 55.395999908447266, 52.11000061035156, 50.66400146484375, 60.70199966430664, 47.32600021362305, 55.22600173950195, 50.66999816894531, 49.54199981689453, 42.141998291015625, 46.96200180053711, 45.051998138427734, 51.4119987487793, 48.018001556396484, 54.24800109863281, 49.097999572753906, 49.67599868774414, 49.07600021362305, 47.02000045776367, 51.347999572753906, 46.63399887084961, 54.395999908447266, 51.97600173950195, 50.35599899291992, 52.939998626708984, 52.231998443603516, 41.30799865722656, 53.284000396728516, 46.36000061035156, 49.816001892089844, 44.7140007019043, 47.6619987487793, 49.09199905395508, 42.52799987792969, 51.2760009765625, 51.055999755859375, 52.72200012207031, 50.92399978637695, 51.380001068115234, 46.75, 45.683998107910156, 51.88399887084961, 49.65999984741211, 45.69200134277344, 48.459999084472656, 51.68600082397461, 59.720001220703125, 50.097999572753906, 43.59199905395508, 45.98400115966797, 49.50199890136719, 52.9379997253418, 54.25, 49.40999984741211, 51.097999572753906, 51.694000244140625, 47.183998107910156, 49.0359992980957, 45.49399948120117, 49.736000061035156, 52.31800079345703, 46.79199981689453, 50.95199966430664, 54.36399841308594, 51.9739990234375, 45.183998107910156, 49.33399963378906, 49.05799865722656, 48.2239990234375, 52.53799819946289, 43.74399948120117, 49.68600082397461, 46.79399871826172, 50.604000091552734, 50.698001861572266, 44.0260009765625, 43.566001892089844, 48.518001556396484, 56.95800018310547, 50.7239990234375, 44.85599899291992, 59.74599838256836, 47.9640007019043, 52.948001861572266, 46.58000183105469, 44.672000885009766, 51.29199981689453, 54.59000015258789, 51.2859992980957, 51.965999603271484], "e_f1": [0.3952375242196582, 0.3272449198530779, 0.3736977697697068, 0.31710648003058817, 0.31187727809224136, 0.3285259208150359, 0.34974478404481407, 0.38520702182282923, 0.3303004438249461, 0.35398999116972835, 0.3151629793561394, 0.2854040904050357, 0.346396805866549, 0.37149676071361043, 0.30366112521613925, 0.374035763274988, 0.4054609873489882, 0.39823823888929577, 0.39588553889969785, 0.40854510651623993, 0.38121995981781387, 0.41096784705978323, 0.3921831481491638, 0.35675968158148735, 0.3607256795400417, 0.4004427330281959, 0.3769608423424104, 0.33316842390952245, 0.35134324916584275, 0.3782414638818835, 0.37768560278468954, 0.3306758502164527, 0.35750259129377104, 0.3560231793192611, 0.3525780487038974, 0.3381699124370889, 0.4213809940371021, 0.3175117091152042, 0.36458700560205215, 0.3586090029530216, 0.3489559761720171, 0.3961988153368229, 0.4033841240107994, 0.3690164761652844, 0.36022157496347623, 0.3782084914930305, 0.38148004950114184, 0.3825946147146101, 0.3641709942822445, 0.41274789629258574, 0.4342505443261195, 0.31384619344011244, 0.3257784994828914, 0.36254258645264203, 0.41062625188905966, 0.26199547722867883, 0.3202225555065064, 0.37854909669282244, 0.4162785963697617, 0.353408403768299, 0.4206765441931937, 0.359538511726005, 0.37982042922804043, 0.4210796546806487, 0.3786843111143526, 0.4054751375644893, 0.3957771676824734, 0.3900256069389843, 0.3974193021125823, 0.39122386371870543, 0.41831025663307264, 0.4381844898422847, 0.3171885201622956, 0.3441104017270859, 0.3792605825180276, 0.4639439037654959, 0.4416042371853777, 0.36334431922941873, 0.4045904143770292, 0.37165310968974463, 0.390761788827986, 0.39900532520589155, 0.36590630806093594, 0.3590208511545204, 0.3741639888696145, 0.3898195264941403, 0.41517281766708214, 0.4124175641691817, 0.3516891782222023, 0.3872162593258298, 0.36258621166177557, 0.3099103345117592, 0.39156597381188785, 0.42980317762602077, 0.337142281152374, 0.30274180135734496, 0.37447655757465337, 0.2983679889443764, 0.38207559574522826, 0.36427910210231257], "auc": [0.8687152777777778, 0.824861111111111, 0.8686458333333333, 0.8054513888888889, 0.8551041666666668, 0.8127777777777778, 0.8358333333333333, 0.8718055555555556, 0.788263888888889, 0.8448263888888888, 0.8102083333333332, 0.7989583333333333, 0.8060763888888889, 0.8470833333333333, 0.8075, 0.8618055555555555, 0.8697222222222223, 0.905625, 0.8587847222222222, 0.8803472222222222, 0.8804861111111111, 0.9029166666666667, 0.8522916666666667, 0.7910069444444445, 0.8261458333333334, 0.8902083333333333, 0.8709722222222223, 0.863125, 0.8311805555555555, 0.8975, 0.8747569444444445, 0.8595833333333334, 0.8525347222222222, 0.8451388888888889, 0.8555555555555556, 0.8615277777777779, 0.8840625, 0.8078819444444444, 0.8696180555555555, 0.8431597222222221, 0.8933333333333334, 0.8708680555555556, 0.8187847222222222, 0.8537152777777778, 0.8468055555555556, 0.8787847222222223, 0.8089583333333332, 0.8753125000000002, 0.8812152777777778, 0.8484722222222223, 0.8421527777777778, 0.8259375, 0.7786458333333334, 0.8438541666666667, 0.8810416666666666, 0.7764930555555556, 0.7932291666666668, 0.822326388888889, 0.8627430555555555, 0.8381250000000001, 0.8586805555555554, 0.8324652777777778, 0.8736805555555556, 0.9052430555555556, 0.85875, 0.8694097222222221, 0.8545833333333334, 0.8773263888888889, 0.8828125, 0.8407986111111111, 0.8818055555555555, 0.9137847222222223, 0.8546875, 0.8772569444444445, 0.8991319444444444, 0.8974652777777778, 0.8992361111111111, 0.8085069444444444, 0.8911458333333333, 0.8848958333333333, 0.8927430555555556, 0.8637152777777778, 0.8067708333333332, 0.8390972222222223, 0.851388888888889, 0.8579166666666667, 0.8809722222222223, 0.9012847222222222, 0.8557986111111111, 0.8826041666666666, 0.8545486111111111, 0.8169444444444445, 0.8656944444444444, 0.9377430555555556, 0.8555555555555556, 0.8506597222222223, 0.8621527777777778, 0.8373611111111111, 0.8641319444444444, 0.8538541666666666], "log_prob": [-86.34688568115234, -101.70951843261719, -90.18697357177734, -101.78392791748047, -97.42607116699219, -100.6253662109375, -95.99458312988281, -89.26828002929688, -115.4469985961914, -96.19544982910156, -124.2933120727539, -118.671142578125, -98.7105484008789, -93.0610580444336, -103.23841857910156, -91.02152252197266, -97.1927490234375, -79.03025817871094, -86.52716064453125, -93.666748046875, -97.00038146972656, -79.35697937011719, -85.54900360107422, -127.3177261352539, -109.10477447509766, -83.3904800415039, -88.200439453125, -102.56232452392578, -98.38011169433594, -82.06766510009766, -87.07605743408203, -89.8211441040039, -101.13394165039062, -96.7818374633789, -91.72210693359375, -101.13433837890625, -82.3798828125, -99.74890899658203, -91.05119323730469, -93.43342590332031, -88.4578857421875, -83.78472900390625, -137.31207275390625, -105.29971313476562, -94.25773620605469, -86.11058044433594, -123.63236999511719, -86.05318450927734, -84.57713317871094, -109.4899673461914, -110.67138671875, -106.67520141601562, -120.73858642578125, -95.10806274414062, -86.24541473388672, -123.36642456054688, -138.5415496826172, -116.60733032226562, -97.47455596923828, -104.83767700195312, -86.11951446533203, -95.08969116210938, -90.21717834472656, -77.76728057861328, -89.1988525390625, -85.1073989868164, -88.44233703613281, -92.88481903076172, -82.89508056640625, -100.62165832519531, -82.59891510009766, -75.4862060546875, -94.7763900756836, -87.1063232421875, -83.5357666015625, -85.09221649169922, -75.62123107910156, -110.70201873779297, -81.58522033691406, -85.82102966308594, -82.26918029785156, -87.46269989013672, -110.31400299072266, -91.45233154296875, -101.35737609863281, -94.1375732421875, -93.18724822998047, -79.41394805908203, -92.41716766357422, -82.53131103515625, -93.07431030273438, -102.314697265625, -86.6998291015625, -75.08280944824219, -94.9755859375, -111.06548309326172, -86.44985961914062, -97.32342529296875, -89.8680648803711, -89.94538116455078]}