{"e_shd": [27.374000549316406, 28.327999114990234, 27.43600082397461, 27.714000701904297, 27.72800064086914, 33.97200012207031, 31.20400047302246, 25.5, 23.18400001525879, 27.582000732421875, 22.304000854492188, 31.81599998474121, 22.143999099731445, 28.56999969482422, 22.549999237060547, 28.016000747680664, 21.604000091552734, 29.621999740600586, 23.63800048828125, 28.658000946044922, 26.520000457763672, 26.469999313354492, 22.940000534057617, 26.459999084472656, 22.648000717163086, 27.104000091552734, 23.384000778198242, 27.02199935913086, 24.937999725341797, 37.875999450683594, 26.20400047302246, 23.054000854492188, 28.34600067138672, 27.6560001373291, 33.4900016784668, 29.20199966430664, 27.715999603271484, 23.22800064086914, 23.663999557495117, 26.01799964904785, 29.902000427246094, 24.5939998626709, 28.899999618530273, 27.66200065612793, 33.75600051879883, 33.402000427246094, 26.02199935913086, 25.368000030517578, 28.20599937438965, 24.416000366210938, 23.48200035095215, 26.465999603271484, 22.190000534057617, 28.389999389648438, 23.947999954223633, 34.00400161743164, 25.804000854492188, 23.25200080871582, 23.13599967956543, 22.309999465942383, 25.176000595092773, 28.652000427246094, 27.104000091552734, 28.715999603271484, 32.922000885009766, 26.49799919128418, 27.895999908447266, 30.354000091552734, 31.06800079345703, 26.118000030517578, 32.582000732421875, 28.062000274658203, 26.988000869750977, 24.323999404907227, 28.742000579833984, 29.950000762939453, 31.437999725341797, 30.95199966430664, 24.27199935913086, 26.86199951171875, 29.3799991607666, 34.20199966430664, 27.15399932861328, 31.47800064086914, 29.808000564575195, 30.79599952697754, 28.27199935913086, 26.101999282836914, 33.75, 26.031999588012695, 20.34600067138672, 30.808000564575195, 27.275999069213867, 37.44599914550781, 28.052000045776367, 23.649999618530273, 26.944000244140625, 27.007999420166016, 25.142000198364258, 34.59400177001953], "e_f1": [0.33127640589805857, 0.34713209144121376, 0.3374763368967336, 0.3641255812563074, 0.37206813107144304, 0.28807346598447703, 0.34080440237670045, 0.4420280948084593, 0.4336013441235446, 0.3903488062040933, 0.4578601172550079, 0.31587912456893513, 0.4501473158620555, 0.3359414513408983, 0.41745483734031835, 0.41871687554625436, 0.48802193902675267, 0.4075852814204179, 0.471828645744561, 0.36180537705928656, 0.34984881416715163, 0.39239476492996633, 0.4168964636951688, 0.35188675752892346, 0.41111337697900113, 0.43183962381518115, 0.4135164819293464, 0.38725090311072763, 0.4080112648105068, 0.24089655005152263, 0.3893709560980809, 0.4303103483843372, 0.3522653234244425, 0.3932358884430688, 0.3015795016394385, 0.3503200644306388, 0.3391079488349258, 0.37348525474827876, 0.44325656686172626, 0.26875118906607987, 0.35108285281594515, 0.3930855503065897, 0.36383551246488915, 0.38472734982465384, 0.30842542939414136, 0.34094900065641287, 0.37801212661234285, 0.4270004484398895, 0.3825880077213929, 0.4983948588493788, 0.4147158337673477, 0.3249214603895498, 0.4412507945605667, 0.3913529532272428, 0.38109821313157505, 0.27765314370365546, 0.3655400334814274, 0.46366023950411567, 0.410507734563815, 0.4477107800477528, 0.4222899364414585, 0.31963466869601914, 0.37526810604639277, 0.34817047233709897, 0.2794890874603934, 0.34848614370390496, 0.37819275532948665, 0.2602188025693223, 0.3643764436890354, 0.30578126535866795, 0.35564321709273006, 0.4260976545497282, 0.3799168096088731, 0.4439765751251671, 0.3905087480952845, 0.24604067947973657, 0.38221477981315904, 0.3232742678783942, 0.4408727886452966, 0.34498313806156977, 0.41703520024302, 0.3306745317052272, 0.29485906805119816, 0.39163791381216995, 0.32711131700780566, 0.3062167040921391, 0.3472863293861711, 0.43432602505731277, 0.34688128934088847, 0.4123404713326688, 0.4336369883289625, 0.30806305447147475, 0.40438855332825563, 0.3176780623608355, 0.4209589296266995, 0.40712084870476223, 0.43699564321940376, 0.3554044608333384, 0.40145301746566103, 0.31882312363262566], "auc": [0.8287499999999999, 0.8619736842105263, 0.8955921052631579, 0.8003947368421054, 0.9097368421052632, 0.8335526315789473, 0.8530921052631578, 0.9223684210526316, 0.9378947368421052, 0.9082894736842105, 0.8440131578947369, 0.8713815789473685, 0.8611842105263158, 0.8207236842105263, 0.9126315789473685, 0.8929605263157896, 0.9189473684210527, 0.8564473684210527, 0.9440131578947368, 0.9023026315789474, 0.8999342105263157, 0.8768421052631579, 0.8813815789473683, 0.7183552631578948, 0.8529605263157896, 0.920328947368421, 0.8620394736842105, 0.8929605263157895, 0.8849342105263158, 0.8513815789473684, 0.9064473684210527, 0.9221052631578948, 0.8605263157894736, 0.8638815789473684, 0.8504605263157895, 0.8438815789473684, 0.8663157894736842, 0.8980921052631579, 0.9426973684210527, 0.8478289473684211, 0.875, 0.8977631578947367, 0.8438157894736842, 0.9013815789473685, 0.8141447368421053, 0.8810526315789474, 0.8692763157894738, 0.9091447368421053, 0.9215131578947369, 0.9169078947368421, 0.9130263157894736, 0.8434868421052631, 0.947828947368421, 0.9046052631578947, 0.8521710526315789, 0.8241447368421053, 0.8625657894736842, 0.9319736842105263, 0.9011842105263157, 0.9130263157894737, 0.9232894736842103, 0.8287499999999999, 0.8609210526315789, 0.8673026315789474, 0.8311184210526317, 0.9166447368421052, 0.9038815789473684, 0.8061184210526315, 0.9101315789473684, 0.8751315789473684, 0.8948026315789473, 0.9039473684210526, 0.8855921052631579, 0.8965131578947368, 0.8934868421052631, 0.871578947368421, 0.9258552631578947, 0.8175, 0.9033552631578948, 0.8735526315789472, 0.9366447368421053, 0.8842763157894736, 0.8761842105263158, 0.8901315789473685, 0.8371052631578947, 0.8375657894736841, 0.9167105263157894, 0.9477631578947369, 0.8916447368421052, 0.9176315789473684, 0.8821710526315789, 0.8555921052631579, 0.9251315789473684, 0.87, 0.9210526315789473, 0.8502631578947368, 0.9085526315789473, 0.9046052631578947, 0.9314473684210527, 0.8555921052631579], "log_prob": [-68.73343658447266, -58.33744812011719, -50.234771728515625, -70.93064880371094, -47.43988800048828, -59.6341552734375, -64.52536010742188, -40.561668395996094, -39.679813385009766, -45.87859344482422, -60.46961212158203, -55.83280563354492, -59.3546142578125, -67.6055908203125, -43.956451416015625, -57.0433464050293, -49.86455535888672, -72.39772033691406, -37.842796325683594, -48.298973083496094, -48.20847702026367, -59.29273986816406, -48.94660186767578, -88.5110092163086, -53.73565673828125, -42.59588623046875, -51.66459274291992, -47.66374969482422, -49.283870697021484, -70.80786895751953, -46.534751892089844, -43.829673767089844, -61.759193420410156, -62.485626220703125, -56.981101989746094, -65.9045181274414, -55.47399139404297, -47.53448486328125, -39.7877197265625, -70.45343017578125, -52.34532928466797, -56.61737060546875, -64.03116607666016, -47.33739471435547, -61.52170181274414, -54.94743728637695, -52.64256286621094, -45.14257049560547, -47.18518829345703, -39.280609130859375, -53.12984848022461, -66.65038299560547, -37.765228271484375, -56.93321228027344, -63.414772033691406, -59.38592529296875, -52.92046356201172, -38.13825988769531, -45.536216735839844, -42.11631774902344, -50.91753005981445, -71.27527618408203, -52.060359954833984, -52.70492172241211, -71.79466247558594, -47.0341682434082, -49.268394470214844, -74.57453918457031, -48.544593811035156, -54.15204620361328, -52.99090576171875, -45.77765655517578, -49.446624755859375, -45.228511810302734, -57.852943420410156, -55.72677230834961, -47.6047477722168, -68.5265884399414, -43.81753921508789, -61.81542205810547, -42.835784912109375, -52.68511962890625, -54.952064514160156, -63.18871307373047, -56.34197235107422, -69.41183471679688, -47.52600860595703, -40.07103729248047, -62.308345794677734, -53.96056365966797, -48.549339294433594, -54.42523193359375, -44.14942169189453, -56.709293365478516, -43.722694396972656, -61.99952697753906, -42.60484313964844, -48.00110626220703, -43.826087951660156, -56.52015686035156]}