{"e_shd": [73.93800354003906, 68.49199676513672, 66.9800033569336, 62.73400115966797, 67.4219970703125, 61.768001556396484, 67.197998046875, 66.8499984741211, 66.91999816894531, 63.78799819946289, 70.91400146484375, 65.98200225830078, 67.80599975585938, 65.52400207519531, 67.16600036621094, 70.33000183105469, 68.38800048828125, 67.94999694824219, 66.43000030517578, 66.5999984741211, 67.13800048828125, 68.43000030517578, 69.14399719238281, 66.48999786376953, 66.0199966430664, 67.07599639892578, 74.21800231933594, 67.61799621582031, 65.79199981689453, 65.46399688720703, 67.14600372314453, 63.43000030517578, 74.5739974975586, 69.80599975585938, 74.66799926757812, 73.02799987792969, 66.89600372314453, 70.38600158691406, 74.35399627685547, 70.36399841308594, 70.5739974975586, 72.02400207519531, 69.1520004272461, 62.54800033569336, 66.25199890136719, 70.7300033569336, 64.83999633789062, 74.82599639892578, 67.94400024414062, 71.1520004272461, 68.69200134277344, 75.46800231933594, 76.73600006103516, 63.417999267578125, 68.78199768066406, 71.26599884033203, 65.02200317382812, 70.8239974975586, 67.49800109863281, 67.5459976196289, 64.61000061035156, 72.70600128173828, 72.8239974975586, 58.56399917602539, 70.56999969482422, 61.91999816894531, 73.30799865722656, 72.28399658203125, 61.4379997253418, 68.6719970703125, 69.08799743652344, 64.33799743652344, 70.33000183105469, 66.99400329589844, 71.1500015258789, 61.36000061035156, 68.75, 70.94200134277344, 70.23600006103516, 72.54199981689453, 70.03399658203125, 67.71199798583984, 71.66000366210938, 69.61399841308594, 65.75399780273438, 73.68800354003906, 68.58399963378906, 65.0999984741211, 67.41600036621094, 68.1240005493164, 67.27999877929688, 65.09600067138672, 68.6240005493164, 68.73600006103516, 71.9260025024414, 61.97800064086914, 66.16000366210938, 63.70199966430664, 70.78600311279297, 68.39800262451172], "e_f1": [0.3523441737322281, 0.4294543496336856, 0.3874627856302113, 0.3811325684384425, 0.42180771633925657, 0.3791210129914721, 0.40332253030016985, 0.4097171374547811, 0.3385900946875173, 0.39419865643420304, 0.34446229753021995, 0.4006387328606885, 0.3462304831881804, 0.3811617950317357, 0.35577280723870647, 0.35479144833287946, 0.38193616889679943, 0.3989109041951471, 0.3827232319225543, 0.36521755078271567, 0.3889887732483884, 0.3834352851985648, 0.37908687922370266, 0.38784853288495763, 0.3958373976548293, 0.35854873733180354, 0.33393307260438887, 0.40654616644288705, 0.3735602348240081, 0.3817234792055508, 0.4361701391725717, 0.4200631140108868, 0.3318157059042876, 0.3980898773146272, 0.3290765572145567, 0.3729985091026665, 0.35272618749276424, 0.33717390555489646, 0.36653873581501706, 0.36544390812930205, 0.3118714122662183, 0.36901787968634747, 0.37571259547600283, 0.41656791281927996, 0.37552705089688426, 0.39703444640291435, 0.4085303997350854, 0.31954555266618795, 0.3661783942528258, 0.34232783152651397, 0.395627342439974, 0.34050077623828934, 0.34016653157210514, 0.4009915493129015, 0.37699382395012254, 0.38597123535285927, 0.41614692549408555, 0.3706440774402574, 0.3982687608702458, 0.4493339830075399, 0.42821234864400665, 0.34849735489256134, 0.34388204416321944, 0.41121165874016496, 0.3772318998567244, 0.41896359009845685, 0.35875557403980235, 0.38706132595073756, 0.35304512796114207, 0.3950523589560384, 0.32213629119511744, 0.40139563296872677, 0.3665194360313467, 0.3839516329255895, 0.35508345471269076, 0.39545243275239284, 0.3887890006302972, 0.3793837724117831, 0.3996116359677489, 0.32420201289214523, 0.3789867761518631, 0.40743647698593927, 0.3635780966300027, 0.4126363711116636, 0.40082584018051987, 0.3352398725272228, 0.3373810978611017, 0.35299702685968737, 0.35952833484873736, 0.38018419246270657, 0.4049834356036314, 0.33322871843354124, 0.3957795569639688, 0.382975793862277, 0.37491135952381366, 0.3923484235229082, 0.4221844545576153, 0.39534777517262865, 0.3219015586167214, 0.40484001359808824], "auc": [0.7906862745098039, 0.8777205882352941, 0.8449509803921569, 0.8302696078431373, 0.8885049019607844, 0.8564215686274509, 0.8284313725490196, 0.8557598039215686, 0.8282598039215686, 0.8528676470588236, 0.7630147058823529, 0.8398529411764706, 0.8357843137254902, 0.815735294117647, 0.7899509803921569, 0.8194362745098039, 0.8661274509803921, 0.8495588235294118, 0.8140931372549021, 0.7687499999999999, 0.8493137254901961, 0.8245588235294118, 0.8241176470588235, 0.8539705882352941, 0.8792401960784314, 0.8306862745098039, 0.7944117647058823, 0.8707843137254901, 0.8161764705882353, 0.8522058823529411, 0.8567401960784313, 0.847671568627451, 0.7679656862745099, 0.8275490196078431, 0.8103186274509804, 0.8349264705882353, 0.8103431372549019, 0.8275, 0.8112254901960785, 0.824436274509804, 0.7931372549019607, 0.8278186274509804, 0.8585539215686274, 0.8636519607843137, 0.8265441176470588, 0.8357598039215687, 0.8388725490196077, 0.7651225490196079, 0.8449509803921569, 0.8127696078431373, 0.8547549019607843, 0.7851960784313725, 0.771421568627451, 0.8376225490196079, 0.8006617647058824, 0.8631127450980393, 0.8418627450980392, 0.8580392156862745, 0.8491421568627451, 0.8737254901960785, 0.883578431372549, 0.8101470588235294, 0.7852696078431373, 0.8624019607843136, 0.8510049019607843, 0.8605637254901961, 0.7852205882352941, 0.8234558823529412, 0.8342892156862745, 0.8170343137254903, 0.8079901960784314, 0.8543872549019607, 0.8495098039215686, 0.8564460784313725, 0.7999754901960785, 0.8305882352941177, 0.8531862745098039, 0.8069362745098039, 0.86078431372549, 0.7717892156862745, 0.8294852941176472, 0.8774509803921569, 0.836985294117647, 0.8679656862745099, 0.8415441176470588, 0.7698284313725491, 0.8034313725490196, 0.822279411764706, 0.81125, 0.8364950980392157, 0.8585049019607843, 0.7947303921568627, 0.838872549019608, 0.8511029411764706, 0.8075980392156863, 0.8187745098039216, 0.8567156862745098, 0.870171568627451, 0.815, 0.8499509803921569], "log_prob": [-140.17233276367188, -109.66072082519531, -119.27229309082031, -132.30601501464844, -106.36274719238281, -126.61424255371094, -138.351318359375, -138.22738647460938, -130.9791717529297, -119.71359252929688, -171.32110595703125, -124.40892028808594, -125.67572021484375, -140.02345275878906, -137.58599853515625, -153.64938354492188, -115.71074676513672, -121.61737060546875, -167.69174194335938, -162.63510131835938, -132.66709899902344, -122.62146759033203, -130.5041961669922, -120.57521057128906, -112.98493957519531, -132.70533752441406, -133.98617553710938, -111.48741149902344, -153.82350158691406, -121.89335632324219, -112.5727310180664, -115.89427947998047, -155.57505798339844, -126.13053894042969, -132.02825927734375, -124.62098693847656, -148.43980407714844, -133.0040283203125, -142.0622100830078, -148.81040954589844, -154.0359649658203, -140.75990295410156, -119.90320587158203, -119.96355438232422, -125.60226440429688, -123.108154296875, -125.35511016845703, -159.718017578125, -123.79623413085938, -146.56484985351562, -129.23098754882812, -162.98504638671875, -170.6266632080078, -133.0140380859375, -135.42691040039062, -126.04080963134766, -120.98938751220703, -119.81141662597656, -120.19144439697266, -109.26860809326172, -107.31129455566406, -129.905517578125, -162.8539276123047, -131.8578338623047, -125.13575744628906, -143.29428100585938, -137.03407287597656, -148.53811645507812, -137.48292541503906, -152.62322998046875, -137.2349090576172, -129.41357421875, -120.90579223632812, -118.38629913330078, -133.58816528320312, -141.52914428710938, -120.62614440917969, -133.92527770996094, -116.58387756347656, -170.17437744140625, -137.79446411132812, -113.0930404663086, -126.94698333740234, -112.62532043457031, -130.44129943847656, -141.33058166503906, -147.39511108398438, -146.87420654296875, -146.68832397460938, -126.69021606445312, -126.87071990966797, -177.93356323242188, -124.07596588134766, -119.9358901977539, -145.56671142578125, -153.45118713378906, -126.86184692382812, -116.74955749511719, -137.76992797851562, -117.29784393310547]}