{"e_shd": [37.72800064086914, 36.68199920654297, 37.45100021362305, 37.277000427246094, 37.01100158691406, 37.58100128173828, 38.29199981689453, 36.428001403808594, 37.5989990234375, 36.94499969482422, 36.959999084472656, 37.58100128173828, 37.78300094604492, 37.77799987792969, 37.33599853515625, 36.84000015258789, 36.56999969482422, 38.16999816894531, 36.85499954223633, 37.59400177001953, 37.25899887084961, 36.805999755859375, 37.32400131225586, 37.37200164794922, 37.45199966430664], "e_f1": [0.09238119449498339, 0.07985652338659026, 0.10093487970541258, 0.09503555899486904, 0.08379548253555553, 0.09480521291870216, 0.07745368056282248, 0.11013727517065854, 0.08601904608128799, 0.06715430399493443, 0.07717786424233676, 0.08243251110367177, 0.08253083247112623, 0.07616480982316276, 0.08925483236713144, 0.09600787451757807, 0.10383133433629557, 0.07552242445002284, 0.11290545404074705, 0.09099923014845064, 0.10668831951409109, 0.08218877622484759, 0.09494745526723827, 0.0691664860836099, 0.09385193497682115], "auc": [0.7490789473684211, 0.7588157894736843, 0.7653947368421052, 0.7573026315789474, 0.7429605263157895, 0.7443421052631578, 0.6844736842105263, 0.7998684210526316, 0.7400657894736842, 0.6738815789473684, 0.7215131578947368, 0.7301973684210525, 0.7207894736842105, 0.6973684210526315, 0.7576973684210526, 0.7864473684210527, 0.8008552631578948, 0.685921052631579, 0.805921052631579, 0.78875, 0.7701973684210526, 0.7374342105263159, 0.7890131578947368, 0.659342105263158, 0.7671052631578947], "log_prob": [-72.2318115234375, -71.09159088134766, -79.32429504394531, -70.40206146240234, -70.88310241699219, -82.298583984375, -75.17681884765625, -67.24806213378906, -72.4648666381836, -75.57024383544922, -73.2886962890625, -73.24903869628906, -71.47380828857422, -73.073974609375, -70.43063354492188, -67.68079376220703, -67.05352783203125, -72.73033905029297, -66.35202026367188, -68.7987060546875, -82.4993896484375, -70.92977905273438, -68.78934478759766, -75.96862030029297, -68.17645263671875]}