{"e_shd": [54.29499816894531, 53.68299865722656, 54.26100158691406, 53.34000015258789, 54.972999572753906, 54.34000015258789, 54.78099822998047, 54.40999984741211, 54.6510009765625, 54.292999267578125, 53.0989990234375, 53.88100051879883, 54.84400177001953, 52.79499816894531, 54.632999420166016, 54.6619987487793, 54.57099914550781, 53.2239990234375, 54.082000732421875, 53.94900131225586, 54.04100036621094, 54.07400131225586, 53.82099914550781, 53.40299987792969, 54.367000579833984], "e_f1": [0.10524023061607042, 0.11808556904223225, 0.09729350456022226, 0.11904026863323988, 0.08612051913992447, 0.10177631229609511, 0.09151399137827153, 0.10818562884754016, 0.09508673130659148, 0.0805186215588183, 0.12522634729394644, 0.1197753420499803, 0.09479703394094578, 0.13448894151158777, 0.0950754771570994, 0.09698652669848822, 0.09327507329130666, 0.1205713181142109, 0.12436248602996333, 0.09466516949371123, 0.09507753159916064, 0.09306989811284147, 0.10740855908503036, 0.11960967567614599, 0.08274443762250974], "auc": [0.7277777777777777, 0.7681597222222223, 0.7275, 0.7910763888888889, 0.6334722222222222, 0.7392708333333333, 0.6648958333333332, 0.7349652777777778, 0.6860069444444444, 0.6419444444444445, 0.8278125, 0.7986111111111112, 0.6873263888888889, 0.8195486111111111, 0.7048958333333332, 0.6906249999999999, 0.6711458333333333, 0.7758680555555555, 0.7702430555555555, 0.7279861111111111, 0.6786805555555555, 0.6849652777777778, 0.7307986111111111, 0.7922569444444444, 0.6339930555555556], "log_prob": [-121.56695556640625, -117.81756591796875, -127.51219177246094, -116.66173553466797, -137.5553436279297, -122.05308532714844, -132.16848754882812, -121.29020690917969, -127.43966674804688, -133.54473876953125, -113.39716339111328, -115.92689514160156, -127.61680603027344, -111.0364990234375, -137.91690063476562, -126.62873077392578, -130.6090087890625, -119.36567687988281, -117.37077331542969, -124.91622924804688, -128.6248016357422, -127.96330261230469, -123.92329406738281, -117.84759521484375, -134.4945831298828]}