{"e_shd": [71.18599700927734, 70.89199829101562, 72.4749984741211, 71.08200073242188, 70.9990005493164, 71.72100067138672, 71.28299713134766, 71.62899780273438, 72.3949966430664, 71.06199645996094, 72.23999786376953, 73.03900146484375, 72.13500213623047, 71.55999755859375, 71.875, 72.03800201416016, 71.29499816894531, 72.33399963378906, 71.5469970703125, 71.7239990234375, 71.15299987792969, 71.87899780273438, 71.90299987792969, 71.54399871826172, 71.96600341796875], "e_f1": [0.11311393662422596, 0.12789416737158465, 0.10299529843422311, 0.10816318527564113, 0.1094751079497369, 0.1087681311958813, 0.12112135973738077, 0.0990052494554526, 0.09840335383662277, 0.1225484241494258, 0.09653420395071831, 0.09565093484843223, 0.10530252049283867, 0.10395397193862367, 0.09513041162812265, 0.1028373197509362, 0.10966621771338211, 0.09558948234222046, 0.09490787502564996, 0.0962562684367543, 0.11594806897902087, 0.10538368939699254, 0.10339571936106358, 0.1127349385507641, 0.09678769364537326], "auc": [0.7448774509803922, 0.7615686274509805, 0.6512499999999999, 0.7319117647058824, 0.7364460784313726, 0.7004166666666667, 0.7590441176470588, 0.6906372549019608, 0.6613235294117648, 0.7431372549019608, 0.6640686274509805, 0.6125245098039216, 0.679093137254902, 0.6863235294117647, 0.663921568627451, 0.6954166666666667, 0.7159313725490196, 0.660171568627451, 0.6954411764705882, 0.6786274509803922, 0.7383333333333334, 0.6778186274509804, 0.6796323529411765, 0.6985539215686274, 0.6897303921568627], "log_prob": [-175.9486083984375, -182.711669921875, -183.5457763671875, -177.89703369140625, -177.8228302001953, -178.98104858398438, -172.176025390625, -185.14691162109375, -184.54444885253906, -170.094970703125, -186.43380737304688, -188.0466766357422, -185.42262268066406, -185.402587890625, -187.86477661132812, -181.0518035888672, -179.94110107421875, -185.3766632080078, -186.05001831054688, -185.21449279785156, -175.8818359375, -181.89727783203125, -186.32666015625, -181.88671875, -184.35452270507812]}