{"e_shd": [39.869998931884766, 41.82600021362305, 40.375999450683594, 44.391998291015625, 44.619998931884766, 41.57600021362305, 44.13600158691406, 45.141998291015625, 41.25199890136719, 42.15800094604492, 45.80400085449219, 42.55799865722656, 41.75199890136719, 40.27399826049805, 44.821998596191406, 45.44599914550781, 40.801998138427734, 42.58000183105469, 44.10599899291992, 46.57400131225586, 49.013999938964844, 44.349998474121094, 46.50600051879883, 42.327999114990234, 41.492000579833984], "e_f1": [0.24360416695377987, 0.18753285115828322, 0.2292753288668004, 0.2192421846820357, 0.14629670554611138, 0.2246024767244033, 0.1885402718294248, 0.1996385960996347, 0.19817720905245922, 0.2273578259592831, 0.17854721976305335, 0.20785006346953117, 0.18117878624421233, 0.27830791953084066, 0.18284039958547812, 0.1607533616167309, 0.21527527658720488, 0.22455046533045545, 0.179509618900281, 0.18472955524550178, 0.19220522841862261, 0.20069899052194265, 0.2418077281997482, 0.22711150459206692, 0.2781590647901984], "auc": [0.8550000000000001, 0.8563157894736841, 0.8724999999999999, 0.8741447368421053, 0.7839473684210526, 0.8576973684210526, 0.7769078947368422, 0.8677631578947369, 0.7838815789473684, 0.8658552631578947, 0.7821052631578947, 0.8574342105263159, 0.820921052631579, 0.9127631578947368, 0.8802631578947369, 0.7599342105263157, 0.8934868421052632, 0.8348684210526316, 0.8279605263157895, 0.8182236842105263, 0.8906578947368421, 0.8063157894736842, 0.9213157894736843, 0.8857236842105263, 0.9305921052631578], "log_prob": [-60.61787414550781, -63.499969482421875, -61.351318359375, -62.872337341308594, -70.21263122558594, -63.0333251953125, -71.08000946044922, -65.03380584716797, -66.21666717529297, -61.899009704589844, -71.96974182128906, -62.53813171386719, -64.87385559082031, -55.66822052001953, -64.09107971191406, -70.59756469726562, -58.92299270629883, -63.73530578613281, -66.05982971191406, -68.81278991699219, -66.660400390625, -67.02911376953125, -61.464229583740234, -60.80036926269531, -55.60087585449219]}