{"e_shd": [70.88200378417969, 75.71800231933594, 76.74800109863281, 75.78600311279297, 78.4000015258789, 76.61000061035156, 77.02400207519531, 76.50199890136719, 74.37000274658203, 75.96199798583984, 77.48999786376953, 74.7699966430664, 73.59600067138672, 78.96399688720703, 73.71600341796875, 73.91600036621094, 81.31400299072266, 73.56199645996094, 75.81199645996094, 75.79399871826172, 73.9739990234375, 72.18399810791016, 75.6500015258789, 75.15599822998047, 69.62999725341797], "e_f1": [0.273259031483658, 0.2634462363744351, 0.2695876937851516, 0.3056090618525311, 0.24586450086609804, 0.246080472365903, 0.22244818181430834, 0.24463218744036047, 0.24648614957564516, 0.26440991207616554, 0.22152131114741883, 0.3219312501365383, 0.2380732763736022, 0.25111783083134165, 0.2709885382525967, 0.272227364192418, 0.18611859193369237, 0.2974654526682505, 0.23871599871272217, 0.2630942120432083, 0.2659400818581805, 0.3062584935822964, 0.26500793456028726, 0.28049686354091297, 0.3037607956886826], "auc": [0.8194852941176471, 0.8045098039215686, 0.7679411764705882, 0.81625, 0.8068382352941176, 0.7913235294117646, 0.7217892156862745, 0.8007107843137254, 0.8046078431372549, 0.8116421568627452, 0.7307107843137255, 0.8345098039215687, 0.745906862745098, 0.806813725490196, 0.7787745098039216, 0.7947303921568627, 0.6525245098039216, 0.804485294117647, 0.7988970588235295, 0.7858823529411766, 0.7679901960784314, 0.8099264705882352, 0.8047794117647059, 0.8302696078431372, 0.828406862745098], "log_prob": [-138.0926513671875, -139.7983856201172, -144.9870147705078, -132.72555541992188, -141.58792114257812, -143.68301391601562, -155.1486358642578, -139.6589813232422, -139.838623046875, -137.13482666015625, -152.19003295898438, -128.42440795898438, -152.26678466796875, -139.7646484375, -141.39761352539062, -138.85128784179688, -163.32437133789062, -137.23898315429688, -144.89495849609375, -154.75103759765625, -144.02145385742188, -133.61610412597656, -138.34982299804688, -133.10134887695312, -133.20855712890625]}