{"e_shd": [59.76599884033203, 63.2400016784668, 62.762001037597656, 59.16400146484375, 60.20800018310547, 66.75, 62.20800018310547, 61.625999450683594, 55.33599853515625, 61.54600143432617, 61.9640007019043, 60.08399963378906, 59.45399856567383, 61.92599868774414, 58.071998596191406, 61.301998138427734, 60.72999954223633, 60.37200164794922, 61.79800033569336, 65.94000244140625, 60.763999938964844, 59.13199996948242, 60.29399871826172, 61.59199905395508, 61.65800094604492], "e_f1": [0.23722676871401221, 0.19856688335659992, 0.22664106927656671, 0.2853840238708433, 0.2182166368689903, 0.21325583539639834, 0.25001320393528575, 0.2600931548341288, 0.28459746205159336, 0.2836147975387731, 0.26092953015427933, 0.24366944768796153, 0.2570835965515656, 0.2381407624071873, 0.2571706383441173, 0.22278710822414116, 0.25340769892382364, 0.23109892572492952, 0.22075417374831255, 0.17017768436192166, 0.2525610795527409, 0.25003476222304033, 0.2307821436376715, 0.23050111518454405, 0.25410303792435474], "auc": [0.7442708333333333, 0.7572916666666666, 0.7626388888888889, 0.8407291666666667, 0.7267708333333334, 0.7719791666666665, 0.7963541666666666, 0.7798958333333333, 0.8811805555555555, 0.8472916666666668, 0.7868055555555555, 0.7952083333333333, 0.7924305555555555, 0.7848263888888888, 0.8344444444444444, 0.7900694444444444, 0.8063194444444445, 0.7708333333333334, 0.7868055555555555, 0.7156944444444444, 0.8517013888888889, 0.8066666666666666, 0.7752083333333333, 0.7828819444444445, 0.7760416666666667], "log_prob": [-111.99342346191406, -111.17010498046875, -110.26737976074219, -97.46466064453125, -115.65465545654297, -110.80006408691406, -105.34417724609375, -105.43635559082031, -90.58428192138672, -96.45430755615234, -105.59130859375, -105.70598602294922, -101.76129150390625, -108.76327514648438, -100.98513793945312, -106.6366958618164, -103.62054443359375, -106.96047973632812, -109.00534057617188, -117.07401275634766, -97.35639190673828, -105.24786376953125, -108.78093719482422, -106.58634185791016, -106.4811019897461]}