{"causal_qbeforel": {"e_shd": [12.9399995803833, 14.609999656677246, 20.639999389648438, 25.049999237060547, 11.760000228881836, 12.220000267028809, 21.299999237060547, 8.630000114440918, 23.920000076293945, 12.699999809265137, 19.139999389648438, 11.109999656677246, 22.59000015258789, 9.609999656677246, 18.0, 13.960000038146973, 9.739999771118164, 22.350000381469727, 11.829999923706055, 22.290000915527344, 17.65999984741211, 11.989999771118164, 21.0, 12.010000228881836, 11.489999771118164, 11.869999885559082, 23.90999984741211, 9.760000228881836, 13.630000114440918, 23.729999542236328, 12.149999618530273, 12.829999923706055, 28.049999237060547, 21.889999389648438, 24.719999313354492, 20.799999237060547, 27.639999389648438, 14.079999923706055, 19.670000076293945, 23.209999084472656, 20.270000457763672, 11.470000267028809, 17.670000076293945, 12.210000038146973, 15.640000343322754, 10.350000381469727, 8.079999923706055, 19.829999923706055, 21.84000015258789, 14.079999923706055, 9.819999694824219, 22.549999237060547, 7.559999942779541, 24.079999923706055, 10.4399995803833, 12.5600004196167, 22.920000076293945, 21.329999923706055, 13.59000015258789, 7.889999866485596, 11.800000190734863, 13.399999618530273, 23.889999389648438, 24.15999984741211, 22.709999084472656, 21.40999984741211, 22.0, 13.149999618530273, 10.119999885559082, 12.609999656677246, 14.0600004196167, 23.020000457763672, 10.850000381469727, 19.040000915527344, 8.0600004196167, 14.420000076293945, 21.239999771118164, 25.59000015258789, 23.350000381469727, 10.109999656677246, 11.489999771118164, 16.200000762939453, 11.380000114440918, 18.850000381469727, 22.389999389648438, 20.489999771118164, 24.329999923706055, 20.219999313354492, 25.09000015258789, 22.270000457763672, 25.1299991607666, 9.770000457763672, 22.850000381469727, 14.300000190734863, 23.84000015258789, 12.4399995803833, 24.739999771118164, 24.350000381469727, 10.789999961853027, 10.640000343322754], "e_f1": [0.35594956800651373, 0.26394141911716956, 0.4976845155460749, 0.3578772515190035, 0.41655693625110773, 0.36027252951801353, 0.46336165469226137, 0.594015605289552, 0.3815289492119414, 0.33726558884423335, 0.4180296333930295, 0.4197984473635974, 0.43146046476010924, 0.520901578521985, 0.5379794671201226, 0.2839727280691071, 0.5164147404755696, 0.4300271218432669, 0.4168899875506753, 0.438905468581969, 0.4837059938783586, 0.39295287955714, 0.47138284576405487, 0.4122528271166575, 0.4237717890147422, 0.40976479143865063, 0.3971922902929451, 0.5074194570165629, 0.342017830804922, 0.4038611936426455, 0.3921032746653893, 0.33890845003622627, 0.2889108227285579, 0.4523447426436359, 0.37679652582189954, 0.4731815110192479, 0.3036089073457325, 0.3003781758558916, 0.5012519403099859, 0.41862920297832834, 0.47647553394768244, 0.45352989597486165, 0.506685519841905, 0.4099776733813287, 0.22632431718832308, 0.46274853779429764, 0.5835260925117568, 0.4959300585513167, 0.4383108933625281, 0.28871141206350515, 0.4868300542587189, 0.4269580580338193, 0.6360346398004562, 0.3874513377970959, 0.47378907472629367, 0.3595825443988117, 0.4080972834403221, 0.4699424992066982, 0.34810729666379137, 0.6017792165350988, 0.4297274915758426, 0.2605252078017255, 0.40268552298979005, 0.38295300997869286, 0.41290209929595745, 0.463340761048528, 0.4492980523431229, 0.34292448796473557, 0.48828250785648153, 0.3674789489241277, 0.280579003211383, 0.42248145708543, 0.47383384005429363, 0.5145377983222087, 0.5970973937595285, 0.2902083644552752, 0.36808279704136687, 0.34720104572493554, 0.4023229848786166, 0.48368224736855103, 0.4291991558368594, 0.22983766063782216, 0.4152916056027848, 0.5211769061277551, 0.4280338686189913, 0.4731312191746306, 0.38658096502511213, 0.4919638137828884, 0.3556817708685701, 0.42868726781138505, 0.3440577898366429, 0.5011693680453945, 0.407311011207992, 0.29398488629670483, 0.3864650812393824, 0.40558571596289317, 0.3666414934685214, 0.36774664912916427, 0.4743663936600334, 0.4568220352477723], "test_loss": 0.2826587647199631}, "causal_qafterl": {"e_shd": [12.9399995803833, 14.380000114440918, 19.270000457763672, 25.15999984741211, 12.329999923706055, 13.020000457763672, 21.809999465942383, 9.819999694824219, 23.989999771118164, 12.779999732971191, 19.1299991607666, 11.460000038146973, 22.06999969482422, 10.84000015258789, 19.100000381469727, 13.84000015258789, 12.470000267028809, 23.520000457763672, 11.90999984741211, 22.049999237060547, 17.93000030517578, 12.130000114440918, 21.139999389648438, 11.90999984741211, 11.8100004196167, 12.40999984741211, 24.8799991607666, 11.979999542236328, 13.130000114440918, 22.780000686645508, 12.0, 12.869999885559082, 27.860000610351562, 21.549999237060547, 24.829999923706055, 21.030000686645508, 27.93000030517578, 14.140000343322754, 19.979999542236328, 21.3700008392334, 19.8700008392334, 11.430000305175781, 18.360000610351562, 12.079999923706055, 15.8100004196167, 11.850000381469727, 8.649999618530273, 19.299999237060547, 21.1299991607666, 14.449999809265137, 10.670000076293945, 23.010000228881836, 9.619999885559082, 23.739999771118164, 12.050000190734863, 13.9399995803833, 22.799999237060547, 21.690000534057617, 13.270000457763672, 8.949999809265137, 12.75, 12.359999656677246, 24.43000030517578, 23.649999618530273, 22.81999969482422, 21.229999542236328, 22.540000915527344, 13.880000114440918, 12.180000305175781, 12.119999885559082, 14.859999656677246, 23.100000381469727, 12.039999961853027, 20.280000686645508, 7.929999828338623, 13.970000267028809, 20.920000076293945, 27.0, 22.84000015258789, 10.600000381469727, 11.779999732971191, 16.549999237060547, 9.859999656677246, 18.670000076293945, 22.15999984741211, 21.09000015258789, 23.920000076293945, 20.860000610351562, 25.280000686645508, 21.030000686645508, 26.1299991607666, 10.149999618530273, 23.65999984741211, 13.819999694824219, 23.860000610351562, 12.119999885559082, 24.979999542236328, 23.530000686645508, 11.770000457763672, 10.34000015258789],