{"avici": {"e_shd": [0.8360000252723694, 0.8519999980926514, 1.0440000295639038, 0.828000009059906, 1.2699999809265137, 1.0140000581741333, 0.8960000276565552, 0.8560000061988831, 0.828000009059906, 1.2419999837875366, 1.281999945640564, 0.9520000219345093, 1.2239999771118164, 1.1820000410079956, 1.187999963760376, 1.062000036239624, 1.1360000371932983, 1.2799999713897705, 0.7799999713897705, 0.8180000185966492, 1.2920000553131104, 0.8240000009536743, 0.7860000133514404, 1.2519999742507935, 0.9480000138282776, 0.6940000057220459, 0.9480000138282776, 1.027999997138977, 1.184000015258789, 1.0759999752044678, 0.9800000190734863, 0.8240000009536743, 1.1100000143051147, 0.972000002861023, 0.7720000147819519, 1.0160000324249268, 0.7059999704360962, 0.9959999918937683, 0.9620000123977661, 0.9959999918937683, 0.8199999928474426, 1.0720000267028809, 0.6679999828338623, 1.0800000429153442, 0.8700000047683716, 1.159999966621399, 1.184000015258789, 0.9919999837875366, 1.1180000305175781, 1.2139999866485596, 0.9399999976158142, 0.7960000038146973, 1.1779999732971191, 0.7879999876022339, 0.8679999709129333, 0.9459999799728394, 0.9100000262260437, 1.149999976158142, 1.121999979019165, 1.0640000104904175, 0.9980000257492065, 1.2580000162124634, 1.24399995803833, 1.1260000467300415, 1.0479999780654907, 0.9380000233650208, 0.800000011920929, 1.2760000228881836, 1.2100000381469727, 0.9620000123977661, 0.9340000152587891, 0.9580000042915344, 0.9319999814033508, 0.6919999718666077, 0.8880000114440918, 1.2699999809265137, 0.8659999966621399, 0.7860000133514404, 0.7979999780654907, 1.1779999732971191, 0.8199999928474426, 0.9559999704360962, 0.8560000061988831, 1.2059999704360962, 0.8759999871253967, 0.8479999899864197, 1.1920000314712524, 1.1979999542236328, 1.1519999504089355, 1.0740000009536743, 0.9259999990463257, 1.1319999694824219, 1.1799999475479126, 1.0219999551773071, 1.1260000467300415, 0.7799999713897705, 0.777999997138977, 0.9900000095367432, 1.1360000371932983, 1.253999948501587], "e_f1": [0.52, 0.452, 0.18933333333333333, 0.5046666666666667, 0.272, 0.344, 0.482, 0.5079999999999999, 0.5026666666666666, 0.3326666666666666, 0.2773333333333333, 0.37266666666666665, 0.30266666666666664, 0.3633333333333334, 0.3693333333333333, 0.3306666666666666, 0.3326666666666666, 0.29666666666666663, 0.5313333333333332, 0.5113333333333334, 0.274, 0.5266666666666667, 0.496, 0.30666666666666664, 0.2693333333333333, 0.5933333333333333, 0.4713333333333333, 0.2546666666666667, 0.3133333333333333, 0.3946666666666666, 0.23, 0.4853333333333333, 0.3453333333333333, 0.2726666666666666, 0.564, 0.33, 0.596, 0.27, 0.25733333333333336, 0.24666666666666665, 0.5133333333333333, 0.366, 0.618, 0.3813333333333333, 0.48466666666666663, 0.31466666666666665, 0.3673333333333333, 0.3946666666666666, 0.35533333333333333, 0.306, 0.45333333333333337, 0.53, 0.35133333333333333, 0.5313333333333332, 0.4679999999999999, 0.3653333333333333, 0.43466666666666665, 0.32, 0.3466666666666666, 0.4, 0.388, 0.298, 0.31666666666666665, 0.36, 0.21066666666666667, 0.48333333333333334, 0.54, 0.302, 0.3326666666666666, 0.36666666666666664, 0.326, 0.46533333333333327, 0.42933333333333334, 0.5926666666666668, 0.44666666666666666, 0.284, 0.5113333333333333, 0.5466666666666666, 0.5126666666666666, 0.3393333333333333, 0.48333333333333334, 0.4206666666666667, 0.5173333333333333, 0.36133333333333334, 0.45066666666666666, 0.5079999999999999, 0.3453333333333334, 0.3353333333333333, 0.32, 0.342, 0.4473333333333333, 0.35466666666666663, 0.2553333333333333, 0.206, 0.36133333333333334, 0.5513333333333333, 0.544, 0.21933333333333332, 0.38533333333333336, 0.3253333333333333], "auc": [1.0, 1.0, 0.6666666666666667, 1.0, 0.6666666666666667, 0.6666666666666667, 1.0, 1.0, 1.0, 0.6666666666666667, 0.6666666666666667, 1.0, 0.6666666666666667, 0.6666666666666667, 0.6666666666666667, 0.6666666666666667, 0.6666666666666667, 0.6666666666666667, 1.0, 1.0, 0.6666666666666667, 1.0, 1.0, 0.6666666666666667, 1.0, 1.0, 1.0, 0.6666666666666667, 0.6666666666666667, 0.6666666666666667, 1.0, 1.0, 0.6666666666666667, 1.0, 1.0, 0.6666666666666667, 1.0, 1.0, 1.0, 1.0, 1.0, 0.6666666666666667, 1.0, 0.6666666666666667, 1.0, 0.6666666666666667, 0.6666666666666667, 1.0, 0.6666666666666667, 0.6666666666666667, 1.0, 1.0, 0.6666666666666667, 1.0, 1.0, 1.0, 1.0, 0.6666666666666667, 0.6666666666666667, 0.6666666666666667, 1.0, 0.6666666666666667, 0.6666666666666667, 0.6666666666666667, 0.6666666666666667, 1.0, 1.0, 0.6666666666666667, 0.6666666666666667, 1.0, 1.0, 1.0, 1.0, 1.0, 1.0, 0.6666666666666667, 1.0, 1.0, 1.0, 0.6666666666666667, 1.0, 1.0, 1.0, 0.6666666666666667, 1.0, 1.0, 0.6666666666666667, 0.6666666666666667, 0.6666666666666667, 0.6666666666666667, 1.0, 0.6666666666666667, 0.6666666666666667, 0.6666666666666667, 0.6666666666666667, 1.0, 1.0, 1.0, 0.6666666666666667, 0.6666666666666667], "log_prob": [-1.084886908531189, -1.1191415786743164, -1.8536773920059204, -1.068871021270752, -2.019031524658203, -1.4476251602172852, -1.1894783973693848, -1.1199870109558105, -1.068882703781128, -1.9572947025299072, -2.050178050994873, -1.3238379955291748, -1.893606185913086, -1.802537441253662, -1.8295860290527344, -1.5445868968963623, -1.6828691959381104, -2.0458056926727295, -0.9886356592178345, -1.0519044399261475, -2.078482151031494, -1.0640137195587158, -1.003025770187378, -1.9718434810638428, -1.505438208580017, -0.8549134731292725, -1.2919299602508545, -1.6205999851226807, -1.7941542863845825, -1.5470831394195557, -1.6476590633392334, -1.0654058456420898, -1.6220369338989258, -1.521427035331726, -0.9802109003067017, -1.4660824537277222, -0.8752447366714478, -1.5706787109375, -1.5545709133148193, -1.613927960395813, -1.0552771091461182, -1.538886308670044, -0.8158572912216187, -1.553530216217041, -1.141862154006958, -1.7432208061218262, -1.8119947910308838, -1.3749192953109741, -1.6382901668548584, -1.868208646774292, -1.2704546451568604, -1.0150949954986572, -1.782649278640747, -1.0020228624343872, -1.1395719051361084, -1.3316545486450195, -1.2241754531860352, -1.7189404964447021, -1.6476799249649048, -1.5192317962646484, -1.3896920680999756, -1.9843350648880005, -1.9512243270874023, -1.6557750701904297, -1.7954062223434448, -1.2820353507995605, -1.024499773979187, -2.039113998413086, -1.8585150241851807, -1.3503097295761108, -1.364423155784607, -1.3108456134796143, -1.2578800916671753, -0.85042804479599, -1.1777204275131226, -2.0160837173461914, -1.1435678005218506, -1.001064658164978, -1.0189437866210938, -1.779325246810913, -1.060842752456665, -1.3039405345916748, -1.121201515197754, -1.8783113956451416, -1.1581075191497803, -1.1045016050338745, -1.8174958229064941, -1.829835295677185, -1.720414161682129, -1.5542681217193604, -1.2439340353012085, -1.669761300086975, -1.8551082611083984, -1.7847917079925537, -1.6559008359909058, -0.9910142421722412, -0.9859194755554199, -1.7060368061065674, -1.6910820007324219, -1.988358497619629], "test_loss": 0.38042956352233886},