{"causal": {"e_shd": [12.890000343322754, 14.6899995803833, 22.059999465942383, 26.059999465942383, 12.75, 12.5, 23.059999465942383, 11.239999771118164, 23.989999771118164, 12.9399995803833, 20.170000076293945, 12.479999542236328, 23.739999771118164, 11.079999923706055, 19.84000015258789, 13.510000228881836, 12.020000457763672, 24.110000610351562, 12.15999984741211, 24.489999771118164, 19.329999923706055, 11.550000190734863, 22.979999542236328, 12.930000305175781, 12.729999542236328, 11.869999885559082, 25.0, 12.569999694824219, 13.5, 24.459999084472656, 12.270000457763672, 12.5, 27.510000228881836, 22.770000457763672, 24.8700008392334, 23.719999313354492, 27.15999984741211, 13.09000015258789, 21.649999618530273, 22.559999465942383, 22.270000457763672, 12.930000305175781, 20.079999923706055, 13.319999694824219, 15.970000267028809, 12.59000015258789, 10.279999732971191, 20.040000915527344, 21.850000381469727, 14.09000015258789, 12.5600004196167, 23.920000076293945, 11.5, 25.260000228881836, 11.4399995803833, 12.819999694824219, 23.850000381469727, 22.15999984741211, 13.850000381469727, 10.850000381469727, 12.420000076293945, 12.489999771118164, 25.030000686645508, 24.610000610351562, 23.270000457763672, 22.420000076293945, 23.5, 14.220000267028809, 12.899999618530273, 13.050000190734863, 14.640000343322754, 23.700000762939453, 12.260000228881836, 21.68000030517578, 9.579999923706055, 14.479999542236328, 20.040000915527344, 26.34000015258789, 22.790000915527344, 11.199999809265137, 12.390000343322754, 16.809999465942383, 11.789999961853027, 21.610000610351562, 23.68000030517578, 21.790000915527344, 24.56999969482422, 22.540000915527344, 25.579999923706055, 22.100000381469727, 26.399999618530273, 10.619999885559082, 24.079999923706055, 12.920000076293945, 23.600000381469727, 14.130000114440918, 26.270000457763672, 24.389999389648438, 12.4399995803833, 10.949999809265137], "e_f1": [0.3157242836275613, 0.17703956118513933, 0.4117228495553893, 0.34717978916723363, 0.26678737084918935, 0.29839269196127455, 0.39814535081018215, 0.3843911685232253, 0.3491651096835045, 0.2599613126288318, 0.3468589003001044, 0.29012592471317733, 0.3400663765399986, 0.355982961641839, 0.44424536997014236, 0.26111151592259413, 0.3527087884154851, 0.38552857959149056, 0.3328215653844069, 0.36620206689768714, 0.39886926701522085, 0.3376713278587622, 0.39045210410767794, 0.2815104872080104, 0.35021562794827704, 0.2813247032975798, 0.36806144473949565, 0.31351663377378813, 0.220805869278416, 0.38541807262925754, 0.2663270284291619, 0.2712707156994006, 0.3009398115223445, 0.37931633067428294, 0.34808752219658423, 0.39395409046903707, 0.32022922283387545, 0.23912611642182913, 0.404644443990429, 0.41000350817131986, 0.4191622570020534, 0.3194003945046145, 0.3685175312828381, 0.2210049770104959, 0.22236565634980393, 0.34147301345972086, 0.3770397975403696, 0.4486879798246644, 0.3857294164934181, 0.23937090131791297, 0.3136226251045565, 0.38382911789040786, 0.3784370593839836, 0.35396517664422994, 0.3138704055027247, 0.26985083221918593, 0.38538256193506987, 0.43351082869364327, 0.22135798635118076, 0.38734613675586216, 0.282068881998186, 0.23341555216892407, 0.34589587603611527, 0.375653468249375, 0.3701896580845285, 0.4294358164527764, 0.3774381976758626, 0.26866358099011955, 0.29937016145015205, 0.30217515247280125, 0.16927381229171512, 0.3824557597196415, 0.3842440558014422, 0.4158772021606774, 0.44662218880116306, 0.24926551390562093, 0.4000070534372399, 0.3526527039843158, 0.4018635244067575, 0.31303277487905967, 0.31011413754255995, 0.15116980743888805, 0.34324768611759454, 0.43743631646772807, 0.3682660223700509, 0.4267487537062467, 0.34341798655706346, 0.3973185622319798, 0.3123955195424815, 0.41779818774893157, 0.32167711113124164, 0.38256006792926917, 0.3754216812532796, 0.28168205750666375, 0.3727558206523821, 0.2918855267123951, 0.3405406317279718, 0.36764024330090067, 0.31748581164128337, 0.3797527021370069], "test_loss": 0.28341495990753174}, "csiva": {"e_shd": [17.809999465942383, 18.09000015258789, 31.790000915527344, 31.90999984741211, 18.079999923706055, 18.290000915527344, 31.860000610351562, 18.15999984741211, 31.239999771118164, 18.0, 30.75, 18.299999237060547, 31.729999542236328, 18.209999084472656, 32.310001373291016, 18.450000762939453, 19.690000534057617, 31.93000030517578, 21.360000610351562, 31.889999389648438, 29.469999313354492, 18.020000457763672, 32.459999084472656, 17.979999542236328, 20.469999313354492, 18.100000381469727, 31.889999389648438, 18.25, 17.739999771118164, 32.150001525878906, 18.0, 18.170000076293945, 31.780000686645508, 31.799999237060547, 32.4900016784668, 31.829999923706055, 31.760000228881836, 17.90999984741211, 29.020000457763672, 31.420000076293945, 32.45000076293945, 18.920000076293945, 26.81999969482422, 18.06999969482422, 21.56999969482422, 18.040000915527344, 17.860000610351562, 31.600000381469727, 31.520000457763672, 18.530000686645508, 17.729999542236328, 31.020000457763672, 18.489999771118164, 32.529998779296875, 17.600000381469727, 18.610000610351562, 32.36000061035156, 31.559999465942383, 17.65999984741211, 17.799999237060547, 17.729999542236328, 18.200000762939453, 32.119998931884766, 31.8799991607666, 32.0, 31.989999771118164, 31.75, 17.979999542236328, 19.510000228881836, 17.799999237060547, 17.940000534057617, 31.209999084472656, 18.040000915527344, 31.649999618530273, 17.969999313354492, 18.200000762939453, 28.020000457763672, 32.2599983215332, 31.670000076293945, 17.559999465942383, 17.979999542236328, 17.719999313354492, 18.15999984741211, 31.700000762939453, 33.18000030517578, 31.979999542236328, 31.520000457763672, 32.04999923706055, 31.780000686645508, 32.0099983215332, 31.600000381469727, 18.030000686645508, 31.6299991607666, 18.110000610351562, 32.029998779296875, 18.25, 31.719999313354492, 32.0, 18.209999084472656, 18.1200008392334], "e_f1": [0.11860519740129936, 0.095062656641604, 0.20397435897435898, 0.20006722951844902, 0.09595739348370927, 0.08405263157894736, 0.20117948717948717, 0.0912155388471178, 0.21707692307692306, 0.1041888341543514, 0.18231141439205956, 0.08305263157894738, 0.20541025641025645, 0.08900000000000002, 0.19071794871794867, 0.10702635900095063, 0.10749870226177233, 0.19994871794871794, 0.12005194805194805, 0.2012467166979362, 0.1739487179487179, 0.098, 0.187681363352095, 0.10010526315789474, 0.10866174055829231, 0.095, 0.20134615384615387, 0.0903793103448276, 0.11205263157894736, 0.19479487179487176, 0.09902020202020204, 0.091, 0.20135897435897437, 0.19729599085291682, 0.18628205128205125, 0.20288461538461533, 0.20243589743589743, 0.10300000000000001, 0.18302271398419895, 0.1988086725757851, 0.18769480925578488, 0.11428078817733994, 0.1371677718832891, 0.09610526315789476, 0.12592414852481593, 0.09705263157894738, 0.10521052631578946, 0.2078846153846154, 0.21091400875547214, 0.08197536945812807, 0.11310526315789474, 0.22224358974358974, 0.08905263157894736, 0.1831538461538462, 0.1272890847809178, 0.09528243021346469, 0.1885769230769231, 0.20395616211745243, 0.117, 0.10821052631578948, 0.11131578947368423, 0.08810526315789474, 0.19529487179487176, 0.20097435897435897, 0.1960625252915425, 0.1983846153846154, 0.20493589743589744, 0.12620222971221157, 0.09566666666666666, 0.11000000000000001, 0.1030576441102757, 0.21626168929110107, 0.09795238095238096, 0.20563003663003662, 0.10010526315789475, 0.1190576441102757, 0.14882343803586917, 0.1895, 0.20685897435897438, 0.12115789473684212, 0.10010526315789475, 0.113, 0.08905263157894737, 0.20633833646028765, 0.16921794871794876, 0.19934615384615384, 0.21038461538461536, 0.1938672456575682, 0.2050641025641025, 0.19792307692307695, 0.2087595372107567, 0.09705263157894738, 0.20819418386491556, 0.09305263157894736, 0.1978461538461539, 0.1091578947368421, 0.20262820512820515, 0.19921013133208254, 0.10295698924731182, 0.09399999999999999], "test_loss": 0.47182897210121155},