{"e_shd": [36.29399871826172, 33.22999954223633, 36.42399978637695, 34.34400177001953, 39.03200149536133, 35.41999816894531, 40.57400131225586, 34.61600112915039, 39.21200180053711, 47.28200149536133, 43.849998474121094, 41.10200119018555, 45.97200012207031, 45.01599884033203, 35.79999923706055, 36.29199981689453, 34.99599838256836, 40.7599983215332, 34.96200180053711, 35.529998779296875, 31.124000549316406, 38.36600112915039, 36.321998596191406, 43.71200180053711, 35.742000579833984], "e_f1": [0.14039796265268462, 0.2423353844299192, 0.18181668420205468, 0.2593071505150285, 0.20202941039427144, 0.19704497658900136, 0.2003738671281107, 0.14897508470165405, 0.24420957419090303, 0.17111295040503072, 0.17066713725255642, 0.21299858009748043, 0.1456222023230954, 0.1524687927416154, 0.2587845822420935, 0.16832445925032669, 0.1550738256438744, 0.17284626733463582, 0.19647152869766282, 0.20945681692288712, 0.22906118545780219, 0.23147950370748352, 0.22672999744929656, 0.15230223708404667, 0.23854345315524791], "auc": [0.8216447368421054, 0.8344078947368422, 0.8674999999999999, 0.9125657894736842, 0.8828947368421053, 0.8171052631578948, 0.8005921052631579, 0.8048684210526316, 0.8444736842105263, 0.7680263157894737, 0.6996710526315789, 0.9063815789473684, 0.775, 0.8075, 0.8589473684210526, 0.8612500000000001, 0.8659210526315789, 0.838421052631579, 0.8573684210526316, 0.8217105263157894, 0.8986842105263159, 0.8450657894736842, 0.8376973684210527, 0.7565131578947368, 0.8506578947368421], "log_prob": [-65.44857788085938, -70.60542297363281, -60.422142028808594, -53.420326232910156, -59.43790817260742, -63.831031799316406, -67.37983703613281, -66.36476135253906, -61.33783721923828, -73.09571838378906, -86.06207275390625, -58.103271484375, -71.53956604003906, -69.18313598632812, -58.10249328613281, -60.080039978027344, -59.982791900634766, -63.30392074584961, -59.564964294433594, -61.90258026123047, -55.129730224609375, -60.659915924072266, -63.74262237548828, -73.08560180664062, -58.07670974731445]}