{"e_shd": [60.880001068115234, 58.11399841308594, 72.91999816894531, 59.694000244140625, 68.37999725341797, 66.23999786376953, 57.35599899291992, 63.27000045776367, 61.68600082397461, 63.560001373291016, 58.7140007019043, 66.5199966430664, 68.49400329589844, 53.49800109863281, 66.87200164794922, 57.566001892089844, 63.56800079345703, 48.518001556396484, 52.13600158691406, 66.76799774169922, 59.849998474121094, 70.75399780273438, 63.01599884033203, 58.194000244140625, 64.72200012207031], "e_f1": [0.2079470987531039, 0.25232228635426684, 0.18671834463117998, 0.2381500789138055, 0.20138366726977017, 0.25345601231122317, 0.2006657833285278, 0.23775828023495416, 0.2380753092796061, 0.2706119328344713, 0.23385799884173306, 0.20553834640104374, 0.16328971481931373, 0.2318479537311174, 0.1854969738881165, 0.25299079363593036, 0.21584237753586358, 0.2571379215238507, 0.2486304397087233, 0.18797004113011123, 0.19325022782651222, 0.21717995405694868, 0.2510762541756842, 0.23400717604606286, 0.18738097555548752], "auc": [0.7809375, 0.8440972222222222, 0.7285069444444445, 0.8312499999999999, 0.7637847222222223, 0.7809722222222223, 0.7549305555555555, 0.8021180555555555, 0.7922222222222222, 0.8115625, 0.8417708333333334, 0.7281944444444445, 0.6973958333333333, 0.8603819444444445, 0.7177430555555557, 0.7663541666666667, 0.7695833333333333, 0.8546874999999999, 0.8082986111111111, 0.7603819444444445, 0.799513888888889, 0.7190625, 0.8202430555555555, 0.8103472222222222, 0.74625], "log_prob": [-106.47303771972656, -99.11907958984375, -120.6395263671875, -99.5194091796875, -112.632080078125, -103.55265808105469, -118.42939758300781, -103.49566650390625, -104.2672348022461, -101.81614685058594, -101.11972045898438, -115.42020416259766, -120.91020965576172, -96.00000762939453, -127.38827514648438, -108.75297546386719, -108.56355285644531, -107.21115112304688, -104.4224853515625, -111.88862609863281, -107.45024871826172, -114.13154602050781, -101.2503890991211, -103.43301391601562, -114.59583282470703]}