{"e_shd": [80.4000015258789, 76.55999755859375, 81.76799774169922, 77.1259994506836, 80.05599975585938, 82.23200225830078, 79.64600372314453, 76.98200225830078, 83.36000061035156, 76.0999984741211, 82.55999755859375, 82.32599639892578, 85.50199890136719, 77.48799896240234, 80.23200225830078, 83.22000122070312, 76.91799926757812, 78.79399871826172, 89.45800018310547, 86.62999725341797, 72.49400329589844, 79.58200073242188, 74.43800354003906, 81.63200378417969, 81.41400146484375], "e_f1": [0.2487675271309097, 0.3114886117639502, 0.2627646525806833, 0.2298104833326058, 0.24285718878386867, 0.25092879834628773, 0.28321655661957706, 0.25562841701267625, 0.2574622918760631, 0.27518252506621843, 0.2879764069246519, 0.24842117723866572, 0.20308881535300277, 0.2589531917793603, 0.23934472219614258, 0.25821284165566205, 0.2266756130667858, 0.3283133968603065, 0.20367416288057547, 0.22280723489402746, 0.27566958240515965, 0.24490480302337156, 0.24434649800203823, 0.23674237760213257, 0.27342145200205004], "auc": [0.8108578431372548, 0.8149019607843138, 0.7778431372549018, 0.7330882352941176, 0.7903921568627451, 0.7731862745098039, 0.8488725490196078, 0.7661274509803921, 0.7327941176470588, 0.7997549019607844, 0.8136519607843137, 0.7425980392156863, 0.709313725490196, 0.7860539215686274, 0.7385294117647059, 0.7967892156862746, 0.7862009803921569, 0.795563725490196, 0.6887990196078431, 0.7193872549019609, 0.8119852941176471, 0.7333333333333334, 0.7734313725490196, 0.7314950980392158, 0.7662745098039215], "log_prob": [-139.63723754882812, -126.84314727783203, -139.31842041015625, -155.15281677246094, -140.10012817382812, -140.5442657470703, -127.56675720214844, -147.4673309326172, -147.38363647460938, -133.9996795654297, -131.90582275390625, -145.0377197265625, -158.94967651367188, -139.90866088867188, -151.88461303710938, -138.67764282226562, -149.2849884033203, -129.0171661376953, -157.77938842773438, -147.96498107910156, -137.512939453125, -144.6112518310547, -149.32655334472656, -152.80419921875, -141.60195922851562]}