{"e_shd": [51.15800094604492, 46.71200180053711, 54.08399963378906, 54.67599868774414, 55.14799880981445, 52.27000045776367, 49.33599853515625, 39.599998474121094, 40.986000061035156, 53.78200149536133, 48.672000885009766, 50.87799835205078, 48.99800109863281, 41.68600082397461, 46.150001525878906, 55.933998107910156, 45.70800018310547, 55.01599884033203, 49.61000061035156, 44.827999114990234, 48.055999755859375, 53.4119987487793, 37.816001892089844, 47.97600173950195, 52.63999938964844], "e_f1": [0.38264591192265923, 0.42780261672185466, 0.4036087005226839, 0.36511712899462695, 0.3189350615285605, 0.38244572116045755, 0.4208991010221258, 0.4728346200591634, 0.4798079141622393, 0.38002915302329876, 0.41052144848793454, 0.3812963937077196, 0.35419443155611363, 0.4626034804891051, 0.4097527821639586, 0.3247586436918061, 0.4329037626031408, 0.3168364674211038, 0.40006324283946065, 0.464039663935334, 0.3994555181821806, 0.375322320574143, 0.5214988388209834, 0.4062807801634566, 0.3535321518543308], "auc": [0.8831597222222223, 0.9209027777777778, 0.9105555555555556, 0.8826736111111111, 0.8329861111111111, 0.8789583333333333, 0.8886458333333334, 0.9359722222222222, 0.9159375000000001, 0.8770833333333333, 0.8909027777777778, 0.8707986111111111, 0.8753124999999999, 0.9342013888888887, 0.9401041666666667, 0.870625, 0.9018402777777776, 0.8172569444444444, 0.8947222222222223, 0.9313541666666667, 0.8949652777777778, 0.9095486111111111, 0.9380208333333333, 0.9182291666666667, 0.8849652777777778], "log_prob": [-97.64836120605469, -73.50949096679688, -78.37025451660156, -96.88330841064453, -113.54739379882812, -96.82563781738281, -92.4029541015625, -69.41356658935547, -82.22627258300781, -83.93318176269531, -85.85652160644531, -107.06912994384766, -90.91313171386719, -68.37947845458984, -69.47267150878906, -92.61070251464844, -87.4829330444336, -124.58712005615234, -91.67161560058594, -69.17646789550781, -78.60375213623047, -78.04826354980469, -62.627784729003906, -73.88751220703125, -97.19369506835938]}