{"e_shd": [23.829999923706055, 28.513999938964844, 29.003999710083008, 22.850000381469727, 28.81999969482422, 19.775999069213867, 26.215999603271484, 21.68600082397461, 20.36199951171875, 29.95599937438965, 23.84000015258789, 26.79599952697754, 23.65399932861328, 19.81999969482422, 27.43000030517578, 20.56399917602539, 26.058000564575195, 16.302000045776367, 18.09600067138672, 18.506000518798828, 19.68600082397461, 23.56800079345703, 22.18000030517578, 22.690000534057617, 23.549999237060547], "e_f1": [0.43444737257277444, 0.3072424962014848, 0.34115454976463166, 0.4430412673837001, 0.35220088794052423, 0.5287444404466803, 0.3577543372491355, 0.5159713997554969, 0.49912542241021846, 0.24751465847820073, 0.41821237030532077, 0.38151856706358456, 0.4235408542865741, 0.5359133430815878, 0.3451780759838158, 0.4936538923812592, 0.34826334661153985, 0.6099061650731865, 0.5587037058087009, 0.5403341095679336, 0.5166801303372967, 0.42570527697590355, 0.4647380550913651, 0.4397173059994526, 0.4340075126127987], "auc": [0.8775657894736841, 0.8417763157894737, 0.8803947368421052, 0.8638157894736842, 0.8883552631578948, 0.909934210526316, 0.8998684210526317, 0.9458552631578947, 0.8994078947368421, 0.7950657894736841, 0.8852631578947369, 0.9317763157894736, 0.8210526315789474, 0.8940131578947369, 0.8116447368421053, 0.9121710526315789, 0.9017105263157896, 0.9710526315789474, 0.9544078947368421, 0.9699342105263158, 0.9053947368421053, 0.85625, 0.8420394736842104, 0.9416447368421053, 0.8396052631578947], "log_prob": [-46.95423126220703, -59.28964614868164, -59.97077560424805, -59.232444763183594, -49.319854736328125, -47.707603454589844, -47.95990753173828, -37.18721008300781, -51.68943786621094, -80.94239807128906, -45.97683334350586, -43.290740966796875, -82.74307250976562, -54.295074462890625, -54.933616638183594, -45.084964752197266, -58.14398956298828, -28.35832977294922, -32.782676696777344, -30.378067016601562, -41.74042510986328, -73.27769470214844, -57.93434524536133, -39.443660736083984, -73.02742004394531]}