{"e_shd": [73.97599792480469, 79.3280029296875, 66.31199645996094, 65.30799865722656, 82.49600219726562, 71.93000030517578, 63.27199935913086, 65.53800201416016, 82.06999969482422, 69.8740005493164, 76.48600006103516, 66.10399627685547, 73.13400268554688, 79.68800354003906, 76.97200012207031, 66.13999938964844, 72.66400146484375, 71.11399841308594, 66.88600158691406, 71.32599639892578, 80.3280029296875, 65.60800170898438, 69.22000122070312, 70.88400268554688, 77.15599822998047], "e_f1": [0.34678834730085223, 0.32691711707623644, 0.40240001295159944, 0.41725017295392886, 0.29228809724746635, 0.36369609219581467, 0.4021685949753572, 0.3934105487921205, 0.29251842187585997, 0.3638607808244844, 0.3446889480492707, 0.3919198097417374, 0.36368366729690416, 0.3091566743215401, 0.3310834503860542, 0.37316792444953456, 0.3661413833400742, 0.3536841204579023, 0.3884867812195245, 0.362970887738648, 0.28781547551504555, 0.4099232349863262, 0.389632961951701, 0.3538021677312081, 0.3285043748857365], "auc": [0.8436764705882352, 0.8575490196078431, 0.8843872549019608, 0.9028186274509803, 0.8147058823529412, 0.8682843137254902, 0.9004656862745098, 0.863186274509804, 0.8082598039215686, 0.8549509803921569, 0.8318382352941176, 0.9027205882352941, 0.8432107843137254, 0.8132107843137255, 0.8038725490196079, 0.9011764705882352, 0.8653186274509803, 0.8700490196078432, 0.8785049019607843, 0.8752696078431372, 0.7984803921568628, 0.8757107843137255, 0.8695833333333334, 0.8635784313725491, 0.8393872549019608], "log_prob": [-115.06867218017578, -119.1895523071289, -111.17668151855469, -103.1659164428711, -141.20108032226562, -114.80101013183594, -103.46106719970703, -128.76622009277344, -127.96121978759766, -130.62689208984375, -124.42037963867188, -106.40501403808594, -113.98809814453125, -146.93951416015625, -153.21566772460938, -119.45947265625, -116.62678527832031, -116.1771469116211, -113.8790283203125, -115.24575805664062, -138.314453125, -112.83384704589844, -115.3294677734375, -139.88595581054688, -122.48064422607422]}