{"e_shd": [50.77199935913086, 60.400001525878906, 52.47999954223633, 56.391998291015625, 49.86000061035156, 55.4900016784668, 56.17599868774414, 54.10599899291992, 55.05799865722656, 50.84600067138672, 52.487998962402344, 49.80799865722656, 49.52799987792969, 54.08399963378906, 53.36600112915039, 52.44200134277344, 49.347999572753906, 59.2140007019043, 54.54199981689453, 59.26599884033203, 49.84600067138672, 49.2140007019043, 52.40599822998047, 49.25, 59.720001220703125], "e_f1": [0.3928540303591969, 0.2885563610606687, 0.36418390371845605, 0.3974952190239746, 0.3568881024245516, 0.3738531395805127, 0.36817112025234855, 0.36890784726142456, 0.3856964742518355, 0.43730654894372883, 0.3733055505489703, 0.3668188605524119, 0.4213098357400657, 0.3707541391096796, 0.4118026237095011, 0.38883426288918943, 0.40141818767042275, 0.3604652524903444, 0.3471202071441728, 0.2538817072178282, 0.4131002179821476, 0.398843600192253, 0.2925405316344301, 0.39725065249455704, 0.3365488096677665], "auc": [0.8240972222222221, 0.7967708333333332, 0.8598958333333334, 0.865451388888889, 0.7775347222222222, 0.8531944444444444, 0.8581944444444444, 0.8654166666666666, 0.8545486111111111, 0.8826041666666666, 0.8560763888888888, 0.8716319444444445, 0.8406944444444444, 0.8269444444444445, 0.8628125000000001, 0.8225694444444445, 0.8665972222222222, 0.8255555555555555, 0.8179861111111112, 0.7071875000000001, 0.8755555555555556, 0.8762847222222222, 0.7644444444444445, 0.8163888888888888, 0.8393055555555556], "log_prob": [-105.19738006591797, -117.56471252441406, -99.89046478271484, -88.49554443359375, -134.89144897460938, -100.5933837890625, -87.64802551269531, -86.68540954589844, -90.81842803955078, -90.19145202636719, -88.57479858398438, -86.13951873779297, -102.23622131347656, -114.95817565917969, -97.6101303100586, -106.55184936523438, -86.1761474609375, -120.59320831298828, -95.54170227050781, -140.80755615234375, -85.0357666015625, -81.70231628417969, -134.55685424804688, -100.05579376220703, -94.63285064697266]}