{"e_shd": [31.525999069213867, 23.275999069213867, 32.237998962402344, 29.354000091552734, 29.224000930786133, 29.649999618530273, 34.67599868774414, 32.645999908447266, 29.856000900268555, 33.88199996948242, 32.61800003051758, 28.381999969482422, 26.600000381469727, 26.308000564575195, 30.445999145507812, 30.20400047302246, 26.67799949645996, 28.832000732421875, 29.437999725341797, 32.832000732421875, 33.597999572753906, 33.652000427246094, 27.176000595092773, 34.63999938964844, 23.440000534057617], "e_f1": [0.34669555352275905, 0.4526324750196205, 0.36485693449322343, 0.38773318675691304, 0.31437992297494166, 0.3626355863471871, 0.3305831566826123, 0.3362943941077201, 0.325925025211788, 0.3213061349009667, 0.2786718007888134, 0.39174943773538395, 0.43520574107809773, 0.4223843657960241, 0.32677309725647863, 0.3549898858326182, 0.38486615588772394, 0.36411020545348305, 0.30781585611309714, 0.3816223864393777, 0.2909035274191871, 0.29643302883666284, 0.3444523895053681, 0.3406413773081091, 0.4894844128046366], "auc": [0.8853289473684212, 0.8528289473684211, 0.9025, 0.88625, 0.8439473684210526, 0.9069078947368421, 0.7923684210526316, 0.8420394736842105, 0.7742763157894736, 0.855, 0.822828947368421, 0.8976973684210526, 0.9665789473684211, 0.9269078947368421, 0.8524342105263158, 0.9152631578947368, 0.9113815789473685, 0.8027631578947367, 0.9341447368421053, 0.9213815789473684, 0.8538815789473684, 0.8335526315789473, 0.9034210526315789, 0.8742763157894736, 0.9386842105263158], "log_prob": [-61.272735595703125, -48.16498947143555, -49.87050247192383, -60.46697235107422, -55.40869903564453, -48.337345123291016, -60.64807891845703, -54.670433044433594, -74.33255004882812, -56.79887390136719, -62.38685607910156, -45.32362365722656, -37.71464157104492, -41.701171875, -64.31131744384766, -48.37293243408203, -47.30132293701172, -69.83987426757812, -49.55059051513672, -47.12689208984375, -57.03327178955078, -68.78971099853516, -47.936622619628906, -55.68348693847656, -37.00260543823242]}