{"e_shd": [64.2020034790039, 69.7699966430664, 71.38800048828125, 66.33599853515625, 73.41200256347656, 72.00199890136719, 75.93199920654297, 68.50599670410156, 72.4520034790039, 63.80799865722656, 68.93399810791016, 66.63800048828125, 62.7400016784668, 72.14800262451172, 69.55799865722656, 64.697998046875, 76.41000366210938, 67.65599822998047, 69.89399719238281, 63.060001373291016, 62.18000030517578, 57.96200180053711, 72.98799896240234, 67.0, 68.87799835205078], "e_f1": [0.3664289057885436, 0.4161816053855082, 0.3707360999506038, 0.4228860130672382, 0.3633042302486492, 0.36420254096854, 0.328504942867693, 0.410146412557506, 0.34915226016033035, 0.41454346054303454, 0.4017407818190133, 0.40759561254488297, 0.34870962086987084, 0.38337742964006943, 0.3938857310153164, 0.3757679311057326, 0.3341258390658644, 0.4038875532923086, 0.36098353781894693, 0.4115179405793673, 0.4532381563696657, 0.459843787604636, 0.3804942843274538, 0.4336458587194674, 0.4106429245470773], "auc": [0.7772303921568627, 0.8555147058823529, 0.8348039215686274, 0.8263970588235295, 0.834264705882353, 0.8008088235294119, 0.7704901960784314, 0.850906862745098, 0.8183333333333334, 0.8450735294117647, 0.8269117647058823, 0.8312990196078431, 0.8176960784313726, 0.8203186274509804, 0.8550980392156863, 0.8193382352941176, 0.7668382352941177, 0.8369117647058822, 0.8213235294117647, 0.8428186274509804, 0.8380392156862745, 0.8805392156862746, 0.8196813725490196, 0.8775980392156862, 0.8382843137254902], "log_prob": [-156.050537109375, -115.77999877929688, -129.58041381835938, -125.57129669189453, -125.05160522460938, -131.54150390625, -170.93841552734375, -117.28441619873047, -133.28140258789062, -120.57319641113281, -132.84066772460938, -121.30310821533203, -136.1499481201172, -127.84952545166016, -120.29867553710938, -127.93229675292969, -135.48590087890625, -122.24435424804688, -126.15511322021484, -133.75697326660156, -115.63288116455078, -108.74581909179688, -128.02667236328125, -106.4229736328125, -118.6137924194336]}