{"e_shd": [27.715999603271484, 28.868000030517578, 27.493999481201172, 27.993999481201172, 32.029998779296875, 27.67799949645996, 30.378000259399414, 32.650001525878906, 27.04800033569336, 29.22599983215332, 30.58799934387207, 29.323999404907227, 30.916000366210938, 27.738000869750977, 27.780000686645508, 30.610000610351562, 28.503999710083008, 28.945999145507812, 32.683998107910156, 30.72800064086914, 32.97800064086914, 28.606000900268555, 30.666000366210938, 30.15999984741211, 26.45199966430664], "e_f1": [0.28199620545942106, 0.22156887194592695, 0.2712693828143201, 0.26217609476628057, 0.1356161820540435, 0.2840010070499704, 0.20227696406761253, 0.21436720738724324, 0.2720318657647572, 0.28352184107754547, 0.2058420813687919, 0.21988774430995636, 0.20709019614461954, 0.30951725698082444, 0.2075665848339827, 0.18226695740424412, 0.26075878120988205, 0.2888126589825885, 0.18044579534770464, 0.20598697912887706, 0.20534570372323738, 0.2270215138883362, 0.2223393815345088, 0.22694109504165427, 0.3219591998901699], "auc": [0.8475, 0.8448684210526315, 0.8436184210526315, 0.8905263157894737, 0.8090131578947368, 0.8726315789473684, 0.7724342105263158, 0.8308552631578947, 0.7818421052631579, 0.8418421052631578, 0.770263157894737, 0.866907894736842, 0.8526973684210526, 0.8831578947368421, 0.8971052631578946, 0.7722368421052632, 0.8463157894736841, 0.8175, 0.799671052631579, 0.8160526315789474, 0.8688815789473684, 0.8074342105263158, 0.8978947368421053, 0.8607236842105263, 0.9153947368421053], "log_prob": [-57.23871612548828, -58.06825637817383, -58.20951843261719, -51.838993072509766, -66.36727142333984, -56.83863830566406, -66.94502258300781, -62.95098876953125, -59.24428176879883, -55.07505798339844, -75.08824157714844, -56.62232971191406, -60.15960693359375, -50.49138259887695, -55.55067443847656, -65.8521499633789, -57.90977478027344, -60.86738586425781, -63.38186264038086, -61.28668212890625, -57.75028991699219, -61.67491149902344, -54.16289138793945, -58.825714111328125, -47.86162185668945]}