{"e_shd": [63.84199905395508, 64.73400115966797, 65.83799743652344, 68.03399658203125, 69.37200164794922, 70.13600158691406, 66.06800079345703, 67.39800262451172, 66.53600311279297, 66.75, 65.38400268554688, 65.02999877929688, 63.7760009765625, 68.73600006103516, 64.55599975585938, 63.492000579833984, 71.27400207519531, 64.00599670410156, 65.58999633789062, 65.47599792480469, 64.14600372314453, 61.79399871826172, 65.37999725341797, 66.12799835205078, 63.737998962402344], "e_f1": [0.20667475625028595, 0.2670558858335386, 0.2102299174608313, 0.2481724770842683, 0.18581671709704586, 0.1850645644367343, 0.178070121010513, 0.19250853282502448, 0.20334994049300895, 0.21105166143069945, 0.17844151840451442, 0.24588875853023315, 0.20386548771925786, 0.18101312563448066, 0.22859169288295794, 0.24966961849764469, 0.13946632135418194, 0.26331338672651944, 0.1736598339152186, 0.21473495771614728, 0.23557354275246872, 0.2652191464582009, 0.23756809255117117, 0.22594133805347033, 0.24228990994143462], "auc": [0.7664460784313726, 0.7999754901960785, 0.7557598039215686, 0.8046323529411765, 0.7974509803921569, 0.7369607843137256, 0.7286274509803922, 0.7711274509803921, 0.7619607843137255, 0.7769607843137254, 0.7365441176470588, 0.8258823529411764, 0.7317156862745098, 0.7737254901960785, 0.7486519607843137, 0.8036029411764706, 0.5832598039215686, 0.7950735294117647, 0.7245098039215686, 0.7737745098039215, 0.7265931372549019, 0.8095588235294118, 0.7824264705882353, 0.7848039215686274, 0.7887254901960784], "log_prob": [-171.56541442871094, -156.55238342285156, -180.93966674804688, -153.23263549804688, -164.82977294921875, -179.10800170898438, -176.81411743164062, -169.69500732421875, -168.94915771484375, -165.70538330078125, -181.83193969726562, -155.51947021484375, -204.1674346923828, -171.7322540283203, -170.20187377929688, -160.08543395996094, -193.93356323242188, -159.4669189453125, -183.86581420898438, -177.938720703125, -173.3947296142578, -159.17974853515625, -156.9527587890625, -161.30821228027344, -166.04742431640625]}