{"e_shd": [48.79199981689453, 49.82600021362305, 49.566001892089844, 47.534000396728516, 46.678001403808594, 51.06800079345703, 47.08399963378906, 48.2859992980957, 45.847999572753906, 47.88800048828125, 48.85200119018555, 47.81800079345703, 45.183998107910156, 50.77799987792969, 47.736000061035156, 47.678001403808594, 49.09600067138672, 47.79800033569336, 49.236000061035156, 52.75400161743164, 47.61600112915039, 48.86600112915039, 47.69599914550781, 49.33399963378906, 48.012001037597656], "e_f1": [0.23091833935938189, 0.16415172298592862, 0.20440421475842588, 0.23823446196014839, 0.2161187420850357, 0.18564353231193514, 0.26762576399709814, 0.2470056332494968, 0.2834690954135661, 0.24804640105263043, 0.21531790633445239, 0.22357810246687645, 0.23119267460000187, 0.20284608698366483, 0.2376000849769664, 0.17091119106979066, 0.1944166996890131, 0.20223409338412843, 0.19708177162159587, 0.13959415435480133, 0.21632454512525565, 0.2414668563593782, 0.19697367458217896, 0.227022321886192, 0.23836721964677332], "auc": [0.7487847222222223, 0.7194791666666667, 0.7805208333333334, 0.8473611111111112, 0.7180902777777777, 0.7722222222222223, 0.7652430555555555, 0.7654513888888888, 0.8330208333333333, 0.8089236111111111, 0.7297916666666666, 0.7675347222222223, 0.8161458333333333, 0.7468055555555555, 0.7597916666666668, 0.7352777777777778, 0.7698958333333333, 0.78625, 0.7515972222222222, 0.6648611111111111, 0.8298263888888888, 0.7789930555555555, 0.7458333333333332, 0.8088888888888889, 0.8037152777777777], "log_prob": [-118.98645782470703, -125.2057113647461, -114.85828399658203, -103.58385467529297, -122.15567779541016, -116.32271575927734, -113.4014892578125, -113.07284545898438, -100.45951843261719, -106.57769775390625, -120.71810913085938, -115.05914306640625, -109.34414672851562, -121.60205841064453, -117.88667297363281, -126.60447692871094, -128.64376831054688, -115.19898986816406, -120.38076782226562, -134.7189178466797, -108.32048034667969, -115.11680603027344, -122.59839630126953, -108.03814697265625, -109.2034912109375]}