{"e_shd": [35.51599884033203, 36.69599914550781, 35.0880012512207, 37.17399978637695, 37.81800079345703, 35.95199966430664, 36.763999938964844, 33.97800064086914, 36.694000244140625, 38.18600082397461, 37.69200134277344, 37.9119987487793, 38.2760009765625, 37.59000015258789, 36.2400016784668, 35.0359992980957, 34.69200134277344, 36.46200180053711, 34.981998443603516, 36.57600021362305, 33.88800048828125, 34.90599822998047, 35.36000061035156, 37.486000061035156, 35.597999572753906], "e_f1": [0.07876307719697709, 0.06602567748971204, 0.08980675910319752, 0.08281877827120498, 0.07755250463211474, 0.08833834873491027, 0.07197329028528214, 0.09600754073517875, 0.08371613801984518, 0.06306998288729186, 0.06321990935266342, 0.09093164488069769, 0.08144080594046371, 0.06937672625726972, 0.09062005266667342, 0.09227254598359161, 0.0919773544177356, 0.07740935369724584, 0.1032379582100755, 0.08912068042264666, 0.08905064916515772, 0.06926014415785144, 0.08213967906157206, 0.07129752299639074, 0.08641346960828804], "auc": [0.7292105263157895, 0.6886184210526316, 0.7528289473684211, 0.7226315789473685, 0.7052631578947368, 0.7457236842105264, 0.6830921052631579, 0.7959210526315789, 0.7660526315789473, 0.6181578947368421, 0.6441447368421053, 0.778157894736842, 0.7228947368421053, 0.666578947368421, 0.7729605263157895, 0.7940789473684211, 0.7932894736842105, 0.7214473684210526, 0.8089473684210526, 0.7823684210526315, 0.751907894736842, 0.7163815789473684, 0.7571052631578947, 0.7038157894736843, 0.7774342105263158], "log_prob": [-71.72219848632812, -74.66841125488281, -80.53109741210938, -72.01619720458984, -72.72120666503906, -71.800537109375, -74.42367553710938, -67.93375396728516, -81.82823181152344, -77.2701416015625, -77.2732925415039, -71.00625610351562, -72.1009292602539, -75.32522583007812, -70.1861801147461, -68.30524444580078, -68.01437377929688, -71.24461364746094, -66.04000854492188, -69.6465072631836, -82.25665283203125, -72.56658935546875, -70.63816833496094, -75.2818832397461, -68.74478149414062]}