{"e_shd": [73.19000244140625, 72.44400024414062, 73.20800018310547, 71.55599975585938, 73.03199768066406, 73.197998046875, 71.88200378417969, 73.10399627685547, 74.87000274658203, 72.14600372314453, 73.19200134277344, 72.69200134277344, 73.3759994506836, 72.21199798583984, 73.44999694824219, 73.81400299072266, 72.12999725341797, 73.65799713134766, 73.80999755859375, 73.2979965209961, 72.58799743652344, 73.27799987792969, 73.7300033569336, 72.83200073242188, 73.5], "e_f1": [0.11466853451306967, 0.12909735026509747, 0.10511200676096538, 0.11535549740044476, 0.12031947331414818, 0.11329787575641934, 0.12866303956332947, 0.10762786410999885, 0.10986709755343217, 0.12265732881139019, 0.1031938831122422, 0.10337313725402195, 0.10422913134295626, 0.09548194935242278, 0.10125307408816445, 0.1080369221482205, 0.1125707992157964, 0.10050163951290529, 0.10170261833019285, 0.10802281289405564, 0.1220955166277393, 0.10255132310896876, 0.10044693318413084, 0.11053904239895669, 0.09995071499945547], "auc": [0.7055392156862745, 0.7387009803921569, 0.6527696078431372, 0.7383578431372548, 0.7283823529411765, 0.7068872549019607, 0.7757843137254903, 0.6731617647058824, 0.6389705882352941, 0.7398284313725491, 0.6553186274509805, 0.675563725490196, 0.665514705882353, 0.6691176470588236, 0.6645588235294118, 0.6825980392156863, 0.7045343137254901, 0.6458823529411765, 0.6601470588235294, 0.6769117647058823, 0.7362254901960784, 0.6558088235294117, 0.6515686274509804, 0.6704656862745099, 0.682622549019608], "log_prob": [-175.28013610839844, -172.5264892578125, -180.4635009765625, -173.76638793945312, -173.68374633789062, -176.0699920654297, -167.88504028320312, -181.99237060546875, -178.7314453125, -170.620361328125, -183.7417449951172, -179.92872619628906, -182.100830078125, -187.51016235351562, -182.51914978027344, -178.55941772460938, -180.32237243652344, -183.88665771484375, -181.70773315429688, -178.50709533691406, -171.47525024414062, -184.29151916503906, -183.2823028564453, -181.2222900390625, -182.18710327148438]}