{"e_shd": [55.029998779296875, 54.38600158691406, 55.624000549316406, 55.61800003051758, 55.99800109863281, 56.17399978637695, 54.560001373291016, 55.11800003051758, 54.76599884033203, 55.417999267578125, 54.18600082397461, 54.88199996948242, 55.742000579833984, 52.8380012512207, 56.012001037597656, 54.965999603271484, 55.4640007019043, 54.14400100708008, 53.827999114990234, 56.145999908447266, 55.19200134277344, 56.31800079345703, 54.29199981689453, 53.55799865722656, 55.79999923706055], "e_f1": [0.10203525155221095, 0.12186074613512932, 0.09888060347988295, 0.11543684635054365, 0.0842276249046664, 0.11015425893532375, 0.08891194096468072, 0.09647969971189597, 0.08982559456828816, 0.08480150308283851, 0.12073880672221828, 0.12137019464196114, 0.09545744442893189, 0.13075349239241013, 0.09246662003615161, 0.09289044330854056, 0.09324040399064748, 0.10253745132581753, 0.10816325642485418, 0.09759498560117257, 0.08986707478226956, 0.08721879240823623, 0.10672728095013859, 0.11118042798893633, 0.08283892970194938], "auc": [0.7057291666666666, 0.7752430555555555, 0.7225694444444443, 0.7603819444444444, 0.6243402777777778, 0.7333680555555555, 0.6724305555555555, 0.6884027777777778, 0.6594097222222222, 0.6577430555555556, 0.8072222222222222, 0.7785416666666667, 0.6938541666666667, 0.8267013888888889, 0.671875, 0.6561111111111111, 0.653611111111111, 0.7084374999999999, 0.7422916666666667, 0.7141666666666667, 0.6461111111111111, 0.6299305555555555, 0.7405208333333333, 0.7636111111111111, 0.6244791666666666], "log_prob": [-124.25715637207031, -116.85640716552734, -127.01416015625, -120.36624145507812, -133.18955993652344, -121.12742614746094, -130.20614624023438, -126.4007568359375, -129.91024780273438, -130.5318603515625, -115.48483276367188, -116.82991790771484, -127.11698913574219, -112.16290283203125, -139.76046752929688, -129.36888122558594, -129.64581298828125, -126.43280792236328, -122.721435546875, -124.82093811035156, -130.31109619140625, -131.32269287109375, -123.21014404296875, -122.69837951660156, -133.31088256835938]}