{"e_shd": [60.25, 60.24399948120117, 61.22800064086914, 60.178001403808594, 60.07400131225586, 60.26599884033203, 60.1879997253418, 60.09000015258789, 60.84199905395508, 60.18199920654297, 60.19200134277344, 60.124000549316406, 60.2140007019043, 60.354000091552734, 60.150001525878906, 60.055999755859375, 60.30799865722656, 60.150001525878906, 61.41600036621094, 60.034000396728516, 63.11199951171875, 60.05400085449219, 60.33399963378906, 61.3380012512207, 60.13600158691406], "e_f1": [0.0011771549444738235, 0.005066569506350046, 0.0028197755788779057, 0.0019567374279166982, 0.0005224748810153358, 0.004029020086793752, 0.00423070014185826, 6.557377049180328e-05, 0.004324698648052694, 0.0009127781555068706, 0.002412547321061335, 0.001762097823441028, 0.0026155473294553148, 0.007444878308277304, 0.0016340560549973561, 0.0014363442539011022, 0.004026642492004734, 0.0018276380180134808, 0.004730395916587085, 0.0005891062929666844, 0.007066941820570875, 0.0025426036446660454, 0.004221481978125289, 0.006910855652368079, 0.0011729243786356427], "auc": [0.48166666666666663, 0.5398039215686274, 0.4884803921568627, 0.5293382352941176, 0.5098039215686274, 0.5224019607843137, 0.613406862745098, 0.44502450980392155, 0.5217156862745098, 0.4895098039215687, 0.5368627450980392, 0.5276715686274509, 0.5588235294117648, 0.5961029411764706, 0.5541421568627451, 0.5997058823529412, 0.5673774509803922, 0.5725735294117646, 0.46897058823529414, 0.5200000000000001, 0.5223039215686274, 0.578627450980392, 0.5158088235294118, 0.5161274509803921, 0.5200245098039216], "log_prob": [-864.4927978515625, -856.1637573242188, -831.82275390625, -802.4295043945312, -878.81103515625, -825.9141235351562, -685.30078125, -946.9074096679688, -854.8553466796875, -894.698486328125, -810.4586181640625, -823.0570068359375, -791.213623046875, -723.757568359375, -796.0240478515625, -778.770751953125, -696.3750610351562, -795.4428100585938, -841.2614135742188, -896.1490478515625, -834.1815185546875, -790.1342163085938, -807.6676025390625, -798.7738647460938, -846.3088989257812]}