{"e_shd": [40.10200119018555, 43.305999755859375, 40.69599914550781, 41.16400146484375, 40.27399826049805, 40.27199935913086, 40.11600112915039, 40.63199996948242, 40.15399932861328, 40.41999816894531, 40.209999084472656, 40.11000061035156, 40.316001892089844, 40.290000915527344, 40.18600082397461, 40.1879997253418, 42.34600067138672, 40.20000076293945, 40.672000885009766, 41.290000915527344, 40.43000030517578, 40.65999984741211, 40.79600143432617, 40.09400177001953, 42.720001220703125], "e_f1": [0.0010708478513356563, 0.020559208452707062, 0.004399005695886014, 0.0064124750782522865, 0.0014564459930313592, 0.0020326283661507715, 0.0015493612078977933, 0.0018331774106022547, 0.0008757259001161441, 0.0018306458147637956, 0.00048315911730545884, 0.0010638792102206738, 0.0015423925667828109, 0.0014587688734030199, 0.00039024390243902447, 0.0005783972125435542, 0.013902181505825272, 0.0020441347270615563, 0.007425622875479865, 0.017953777699105628, 0.0011637630662020909, 0.0006738513896766876, 0.004970254362767126, 0.00039024390243902447, 0.008419998500304544], "auc": [0.5161111111111111, 0.5546180555555555, 0.49826388888888884, 0.5099652777777778, 0.536875, 0.5548263888888889, 0.5627083333333334, 0.46038194444444447, 0.5101736111111111, 0.4905208333333333, 0.44934027777777785, 0.5617361111111112, 0.5314930555555555, 0.5452430555555555, 0.4816666666666667, 0.48993055555555554, 0.5425, 0.5181597222222223, 0.5690972222222223, 0.5375347222222222, 0.49072916666666666, 0.4656944444444444, 0.5201041666666667, 0.49069444444444443, 0.5332638888888889], "log_prob": [-576.5625610351562, -450.6691589355469, -572.7539672851562, -532.9439697265625, -519.1875610351562, -506.5795593261719, -527.6600341796875, -596.061279296875, -568.6747436523438, -605.5103149414062, -598.3115844726562, -539.8568115234375, -537.771484375, -548.5215454101562, -598.9788818359375, -597.886474609375, -563.2529907226562, -544.9074096679688, -508.7874450683594, -535.856201171875, -577.3018798828125, -579.3151245117188, -508.8702392578125, -598.886474609375, -497.227294921875]}