{"e_shd": [20.131999969482422, 20.555999755859375, 20.81999969482422, 20.0939998626709, 20.673999786376953, 20.333999633789062, 20.16200065612793, 20.88599967956543, 21.06999969482422, 20.049999237060547, 20.106000900268555, 20.24799919128418, 20.049999237060547, 20.106000900268555, 20.115999221801758, 20.143999099731445, 20.423999786376953, 20.26799964904785, 20.052000045776367, 20.65399932861328, 20.357999801635742, 20.47599983215332, 21.214000701904297, 21.006000518798828, 20.263999938964844], "e_f1": [0.0005627705627705628, 0.010647634973721929, 0.0009350649350649351, 0.0003809523809523809, 0.006640127987954075, 0.0020527009222661395, 0.0007532467532467532, 0.02246770360074708, 0.008873329568981741, 0.0, 0.0011341991341991342, 0.0022683982683982685, 0.0007619047619047618, 0.0009437229437229438, 0.0019047619047619048, 0.0007532467532467532, 0.0030050818746470923, 0.0018874458874458876, 0.0003809523809523809, 0.004095990965556183, 0.0007532467532467532, 0.0009098437794089969, 0.04739429308211918, 0.0021675136457745153, 0.0014812723508375683], "auc": [0.48447368421052633, 0.5166447368421052, 0.44743421052631577, 0.5055263157894737, 0.5317105263157895, 0.5504605263157895, 0.4840789473684211, 0.6050000000000001, 0.5329605263157895, 0.46842105263157896, 0.51625, 0.5414473684210527, 0.5671052631578948, 0.5436842105263158, 0.5620394736842105, 0.5283552631578946, 0.5036842105263157, 0.5747368421052632, 0.49236842105263157, 0.5613815789473685, 0.45361842105263156, 0.462828947368421, 0.5673026315789473, 0.454671052631579, 0.5445394736842105], "log_prob": [-298.8372802734375, -281.47930908203125, -289.11383056640625, -299.4903564453125, -254.10671997070312, -267.38922119140625, -298.46392822265625, -234.5323944091797, -251.0515594482422, -318.89776611328125, -297.901123046875, -267.59149169921875, -279.99468994140625, -279.359619140625, -268.04248046875, -289.12371826171875, -286.21240234375, -257.9976806640625, -308.48284912109375, -246.75875854492188, -308.1017150878906, -289.05438232421875, -254.60108947753906, -297.44189453125, -268.69830322265625]}